

============================== 2026-05-18 17:24:18.515959 | d872ea0a-c31f-4881-b44f-435dc41728a4 ==============================
[0m17:24:18.515959 [info ] [MainThread]: Running with dbt=1.4.0
[0m17:24:18.522963 [debug] [MainThread]: running dbt with arguments {'write_json': True, 'use_colors': True, 'printer_width': 80, 'version_check': True, 'partial_parse': True, 'static_parser': True, 'profiles_dir': '/workspace', 'send_anonymous_usage_stats': True, 'quiet': False, 'no_print': False, 'cache_selected_only': False, 'which': 'deps', 'rpc_method': 'deps', 'indirect_selection': 'eager'}
[0m17:24:18.527376 [debug] [MainThread]: Tracking: tracking
[0m17:24:18.551741 [debug] [MainThread]: Sending event: {'category': 'dbt', 'action': 'invocation', 'label': 'start', 'context': [<snowplow_tracker.self_describing_json.SelfDescribingJson object at 0x7f8f81125f70>, <snowplow_tracker.self_describing_json.SelfDescribingJson object at 0x7f8f81132ca0>, <snowplow_tracker.self_describing_json.SelfDescribingJson object at 0x7f8f81132160>]}
[0m17:24:18.577802 [debug] [MainThread]: Set downloads directory='/tmp/dbt-downloads-pjh352mg'
[0m17:24:18.585136 [debug] [MainThread]: Executing "git clone --depth 1 https://github.com/DWH-course-examples/automate-dv 762b94e9556ea6498f16273383b29357"
[0m17:24:20.302118 [debug] [MainThread]: STDOUT: "b''"
[0m17:24:20.304842 [debug] [MainThread]: STDERR: "b"Cloning into '762b94e9556ea6498f16273383b29357'...\n""
[0m17:24:20.310488 [debug] [MainThread]: Pulling new dependency 762b94e9556ea6498f16273383b29357.
[0m17:24:20.315213 [debug] [MainThread]: Executing "git rev-parse HEAD"
[0m17:24:20.339669 [debug] [MainThread]: STDOUT: "b'4d34ff1e4d728aba959a880018d32856c7eaff4b\n'"
[0m17:24:20.342674 [debug] [MainThread]: STDERR: "b''"
[0m17:24:20.347122 [debug] [MainThread]:   Checking out revision master.
[0m17:24:20.350772 [debug] [MainThread]: Executing "git remote set-branches origin master"
[0m17:24:20.368863 [debug] [MainThread]: STDOUT: "b''"
[0m17:24:20.374147 [debug] [MainThread]: STDERR: "b''"
[0m17:24:20.377295 [debug] [MainThread]: Executing "git fetch origin --depth 1 --tags master"
[0m17:24:22.147785 [debug] [MainThread]: STDOUT: "b''"
[0m17:24:22.150905 [debug] [MainThread]: STDERR: "b'From https://github.com/DWH-course-examples/automate-dv\n * branch            master     -> FETCH_HEAD\n * [new tag]         v0.1-pre   -> v0.1-pre\n * [new tag]         v0.10.0    -> v0.10.0\n * [new tag]         v0.10.1    -> v0.10.1\n * [new tag]         v0.2-pre   -> v0.2-pre\n * [new tag]         v0.2.1-pre -> v0.2.1-pre\n * [new tag]         v0.2.2-pre -> v0.2.2-pre\n * [new tag]         v0.2.3-pre -> v0.2.3-pre\n * [new tag]         v0.2.4-pre -> v0.2.4-pre\n * [new tag]         v0.3-pre   -> v0.3-pre\n * [new tag]         v0.3.1-pre -> v0.3.1-pre\n * [new tag]         v0.3.2-pre -> v0.3.2-pre\n * [new tag]         v0.3.3-pre -> v0.3.3-pre\n * [new tag]         v0.4       -> v0.4\n * [new tag]         v0.4.1     -> v0.4.1\n * [new tag]         v0.5       -> v0.5\n * [new tag]         v0.6       -> v0.6\n * [new tag]         v0.6-b1    -> v0.6-b1\n * [new tag]         v0.6-b2    -> v0.6-b2\n * [new tag]         v0.6.1     -> v0.6.1\n * [new tag]         v0.6.2     -> v0.6.2\n * [new tag]         v0.7.0     -> v0.7.0\n * [new tag]         v0.7.1     -> v0.7.1\n * [new tag]         v0.7.2     -> v0.7.2\n * [new tag]         v0.7.3     -> v0.7.3\n * [new tag]         v0.7.4     -> v0.7.4\n * [new tag]         v0.7.5     -> v0.7.5\n * [new tag]         v0.7.6     -> v0.7.6\n * [new tag]         v0.7.6-b1  -> v0.7.6-b1\n * [new tag]         v0.7.6.1   -> v0.7.6.1\n * [new tag]         v0.7.7     -> v0.7.7\n * [new tag]         v0.7.8     -> v0.7.8\n * [new tag]         v0.7.9     -> v0.7.9\n * [new tag]         v0.8.0     -> v0.8.0\n * [new tag]         v0.8.1     -> v0.8.1\n * [new tag]         v0.8.2     -> v0.8.2\n * [new tag]         v0.8.3     -> v0.8.3\n * [new tag]         v0.9.0     -> v0.9.0\n * [new tag]         v0.9.1     -> v0.9.1\n * [new tag]         v0.9.2     -> v0.9.2\n * [new tag]         v0.9.3     -> v0.9.3\n * [new tag]         v0.9.4     -> v0.9.4\n * [new tag]         v0.9.5     -> v0.9.5\n * [new tag]         v0.9.6     -> v0.9.6\n * [new tag]         v0.9.7     -> v0.9.7\n'"
[0m17:24:22.154885 [debug] [MainThread]: Executing "git tag --list"
[0m17:24:22.179284 [debug] [MainThread]: STDOUT: "b'v0.1-pre\nv0.10.0\nv0.10.1\nv0.2-pre\nv0.2.1-pre\nv0.2.2-pre\nv0.2.3-pre\nv0.2.4-pre\nv0.3-pre\nv0.3.1-pre\nv0.3.2-pre\nv0.3.3-pre\nv0.4\nv0.4.1\nv0.5\nv0.6\nv0.6-b1\nv0.6-b2\nv0.6.1\nv0.6.2\nv0.7.0\nv0.7.1\nv0.7.2\nv0.7.3\nv0.7.4\nv0.7.5\nv0.7.6\nv0.7.6-b1\nv0.7.6.1\nv0.7.7\nv0.7.8\nv0.7.9\nv0.8.0\nv0.8.1\nv0.8.2\nv0.8.3\nv0.9.0\nv0.9.1\nv0.9.2\nv0.9.3\nv0.9.4\nv0.9.5\nv0.9.6\nv0.9.7\n'"
[0m17:24:22.183356 [debug] [MainThread]: STDERR: "b''"
[0m17:24:22.189436 [debug] [MainThread]: Executing "git reset --hard origin/master"
[0m17:24:22.225736 [debug] [MainThread]: STDOUT: "b'HEAD is now at 4d34ff1 Update as_constant.sql\n'"
[0m17:24:22.230426 [debug] [MainThread]: STDERR: "b''"
[0m17:24:22.232353 [debug] [MainThread]: Executing "git rev-parse HEAD"
[0m17:24:22.264893 [debug] [MainThread]: STDOUT: "b'4d34ff1e4d728aba959a880018d32856c7eaff4b\n'"
[0m17:24:22.270997 [debug] [MainThread]: STDERR: "b''"
[0m17:24:22.275931 [debug] [MainThread]:   Checked out at 4d34ff1.
[0m17:24:22.281923 [warn ] [MainThread]: [33mWARNING: The git package "https://github.com/DWH-course-examples/automate-dv" 
	is None.
	This can introduce breaking changes into your project without warning!

See https://docs.getdbt.com/docs/package-management#section-specifying-package-versions[0m
[0m17:24:22.326544 [debug] [MainThread]: Making package index registry request: GET https://hub.getdbt.com/api/v1/index.json
[0m17:24:23.053494 [debug] [MainThread]: Response from registry index: GET https://hub.getdbt.com/api/v1/index.json 200
[0m17:24:23.057367 [debug] [MainThread]: Making package registry request: GET https://hub.getdbt.com/api/v1/dbt-labs/dbt_utils.json
[0m17:24:23.311274 [debug] [MainThread]: Response from registry: GET https://hub.getdbt.com/api/v1/dbt-labs/dbt_utils.json 200
[0m17:24:23.692115 [debug] [MainThread]: Executing "git clone --depth 1 https://github.com/DWH-course-examples/automate-dv 762b94e9556ea6498f16273383b29357"
[0m17:24:23.708038 [debug] [MainThread]: STDOUT: "b''"
[0m17:24:23.710796 [debug] [MainThread]: STDERR: "b"fatal: destination path '762b94e9556ea6498f16273383b29357' already exists and is not an empty directory.\n""
[0m17:24:23.714279 [debug] [MainThread]: command return code=128
[0m17:24:23.719337 [debug] [MainThread]: Updating existing dependency 762b94e9556ea6498f16273383b29357.
[0m17:24:23.721357 [debug] [MainThread]: Executing "git rev-parse HEAD"
[0m17:24:23.740514 [debug] [MainThread]: STDOUT: "b'4d34ff1e4d728aba959a880018d32856c7eaff4b\n'"
[0m17:24:23.743884 [debug] [MainThread]: STDERR: "b''"
[0m17:24:23.746195 [debug] [MainThread]:   Checking out revision master.
[0m17:24:23.751841 [debug] [MainThread]: Executing "git remote set-branches origin master"
[0m17:24:23.775903 [debug] [MainThread]: STDOUT: "b''"
[0m17:24:23.779421 [debug] [MainThread]: STDERR: "b''"
[0m17:24:23.783128 [debug] [MainThread]: Executing "git fetch origin --depth 1 --tags master"
[0m17:24:24.788008 [debug] [MainThread]: STDOUT: "b''"
[0m17:24:24.790663 [debug] [MainThread]: STDERR: "b'From https://github.com/DWH-course-examples/automate-dv\n * branch            master     -> FETCH_HEAD\n'"
[0m17:24:24.793992 [debug] [MainThread]: Executing "git tag --list"
[0m17:24:24.811690 [debug] [MainThread]: STDOUT: "b'v0.1-pre\nv0.10.0\nv0.10.1\nv0.2-pre\nv0.2.1-pre\nv0.2.2-pre\nv0.2.3-pre\nv0.2.4-pre\nv0.3-pre\nv0.3.1-pre\nv0.3.2-pre\nv0.3.3-pre\nv0.4\nv0.4.1\nv0.5\nv0.6\nv0.6-b1\nv0.6-b2\nv0.6.1\nv0.6.2\nv0.7.0\nv0.7.1\nv0.7.2\nv0.7.3\nv0.7.4\nv0.7.5\nv0.7.6\nv0.7.6-b1\nv0.7.6.1\nv0.7.7\nv0.7.8\nv0.7.9\nv0.8.0\nv0.8.1\nv0.8.2\nv0.8.3\nv0.9.0\nv0.9.1\nv0.9.2\nv0.9.3\nv0.9.4\nv0.9.5\nv0.9.6\nv0.9.7\n'"
[0m17:24:24.814256 [debug] [MainThread]: STDERR: "b''"
[0m17:24:24.816380 [debug] [MainThread]: Executing "git reset --hard origin/master"
[0m17:24:24.839312 [debug] [MainThread]: STDOUT: "b'HEAD is now at 4d34ff1 Update as_constant.sql\n'"
[0m17:24:24.842204 [debug] [MainThread]: STDERR: "b''"
[0m17:24:24.845728 [debug] [MainThread]: Executing "git rev-parse HEAD"
[0m17:24:24.861929 [debug] [MainThread]: STDOUT: "b'4d34ff1e4d728aba959a880018d32856c7eaff4b\n'"
[0m17:24:24.864695 [debug] [MainThread]: STDERR: "b''"
[0m17:24:24.866657 [debug] [MainThread]: Already at 4d34ff1, nothing to do.
[0m17:24:24.876432 [warn ] [MainThread]: [33mWARNING: The git package "https://github.com/DWH-course-examples/automate-dv" 
	is None.
	This can introduce breaking changes into your project without warning!

See https://docs.getdbt.com/docs/package-management#section-specifying-package-versions[0m
[0m17:24:24.925477 [info ] [MainThread]: Installing https://github.com/DWH-course-examples/automate-dv
[0m17:24:24.936315 [debug] [MainThread]: Executing "git clone --depth 1 https://github.com/DWH-course-examples/automate-dv 762b94e9556ea6498f16273383b29357"
[0m17:24:24.969391 [debug] [MainThread]: STDOUT: "b''"
[0m17:24:24.979507 [debug] [MainThread]: STDERR: "b"fatal: destination path '762b94e9556ea6498f16273383b29357' already exists and is not an empty directory.\n""
[0m17:24:24.991512 [debug] [MainThread]: command return code=128
[0m17:24:24.998072 [debug] [MainThread]: Updating existing dependency 762b94e9556ea6498f16273383b29357.
[0m17:24:25.003014 [debug] [MainThread]: Executing "git rev-parse HEAD"
[0m17:24:25.093067 [debug] [MainThread]: STDOUT: "b'4d34ff1e4d728aba959a880018d32856c7eaff4b\n'"
[0m17:24:25.203998 [debug] [MainThread]: STDERR: "b''"
[0m17:24:25.212212 [debug] [MainThread]:   Checking out revision master.
[0m17:24:25.215693 [debug] [MainThread]: Executing "git remote set-branches origin master"
[0m17:24:25.264176 [debug] [MainThread]: STDOUT: "b''"
[0m17:24:25.269308 [debug] [MainThread]: STDERR: "b''"
[0m17:24:25.273406 [debug] [MainThread]: Executing "git fetch origin --depth 1 --tags master"
[0m17:24:26.276269 [debug] [MainThread]: STDOUT: "b''"
[0m17:24:26.278980 [debug] [MainThread]: STDERR: "b'From https://github.com/DWH-course-examples/automate-dv\n * branch            master     -> FETCH_HEAD\n'"
[0m17:24:26.283693 [debug] [MainThread]: Executing "git tag --list"
[0m17:24:26.302376 [debug] [MainThread]: STDOUT: "b'v0.1-pre\nv0.10.0\nv0.10.1\nv0.2-pre\nv0.2.1-pre\nv0.2.2-pre\nv0.2.3-pre\nv0.2.4-pre\nv0.3-pre\nv0.3.1-pre\nv0.3.2-pre\nv0.3.3-pre\nv0.4\nv0.4.1\nv0.5\nv0.6\nv0.6-b1\nv0.6-b2\nv0.6.1\nv0.6.2\nv0.7.0\nv0.7.1\nv0.7.2\nv0.7.3\nv0.7.4\nv0.7.5\nv0.7.6\nv0.7.6-b1\nv0.7.6.1\nv0.7.7\nv0.7.8\nv0.7.9\nv0.8.0\nv0.8.1\nv0.8.2\nv0.8.3\nv0.9.0\nv0.9.1\nv0.9.2\nv0.9.3\nv0.9.4\nv0.9.5\nv0.9.6\nv0.9.7\n'"
[0m17:24:26.306400 [debug] [MainThread]: STDERR: "b''"
[0m17:24:26.308675 [debug] [MainThread]: Executing "git reset --hard origin/master"
[0m17:24:26.333944 [debug] [MainThread]: STDOUT: "b'HEAD is now at 4d34ff1 Update as_constant.sql\n'"
[0m17:24:26.337034 [debug] [MainThread]: STDERR: "b''"
[0m17:24:26.340977 [debug] [MainThread]: Executing "git rev-parse HEAD"
[0m17:24:26.358803 [debug] [MainThread]: STDOUT: "b'4d34ff1e4d728aba959a880018d32856c7eaff4b\n'"
[0m17:24:26.362933 [debug] [MainThread]: STDERR: "b''"
[0m17:24:26.366002 [debug] [MainThread]: Already at 4d34ff1, nothing to do.
[0m17:24:28.810590 [info ] [MainThread]:   Installed from revision master
[0m17:24:28.814009 [debug] [MainThread]: Sending event: {'category': 'dbt', 'action': 'package', 'label': 'd872ea0a-c31f-4881-b44f-435dc41728a4', 'property_': 'install', 'context': [<snowplow_tracker.self_describing_json.SelfDescribingJson object at 0x7f8f81842af0>, <snowplow_tracker.self_describing_json.SelfDescribingJson object at 0x7f8f81132130>]}
[0m17:24:28.819119 [info ] [MainThread]: Installing dbt-labs/dbt_utils
[0m17:24:32.518120 [info ] [MainThread]:   Installed from version 1.3.3
[0m17:24:32.522637 [info ] [MainThread]:   Up to date!
[0m17:24:32.529551 [debug] [MainThread]: Sending event: {'category': 'dbt', 'action': 'package', 'label': 'd872ea0a-c31f-4881-b44f-435dc41728a4', 'property_': 'install', 'context': [<snowplow_tracker.self_describing_json.SelfDescribingJson object at 0x7f8f81778880>, <snowplow_tracker.self_describing_json.SelfDescribingJson object at 0x7f8f81132cd0>]}
[0m17:24:32.542630 [debug] [MainThread]: Sending event: {'category': 'dbt', 'action': 'invocation', 'label': 'end', 'context': [<snowplow_tracker.self_describing_json.SelfDescribingJson object at 0x7f8f81191a60>, <snowplow_tracker.self_describing_json.SelfDescribingJson object at 0x7f8f81125ca0>, <snowplow_tracker.self_describing_json.SelfDescribingJson object at 0x7f8f81125af0>]}
[0m17:24:32.545992 [debug] [MainThread]: Flushing usage events


============================== 2026-05-18 17:25:09.541309 | 93ea6261-732f-4882-bb85-b8fea08e94cb ==============================
[0m17:25:09.541309 [info ] [MainThread]: Running with dbt=1.4.0
[0m17:25:09.546248 [debug] [MainThread]: running dbt with arguments {'write_json': True, 'use_colors': True, 'printer_width': 80, 'version_check': True, 'partial_parse': True, 'static_parser': True, 'profiles_dir': '/workspace', 'send_anonymous_usage_stats': True, 'quiet': False, 'no_print': False, 'cache_selected_only': False, 'config_dir': False, 'which': 'debug', 'indirect_selection': 'eager'}
[0m17:25:09.550115 [debug] [MainThread]: Tracking: tracking
[0m17:25:09.565117 [debug] [MainThread]: Sending event: {'category': 'dbt', 'action': 'invocation', 'label': 'start', 'context': [<snowplow_tracker.self_describing_json.SelfDescribingJson object at 0x7f87ac28e430>, <snowplow_tracker.self_describing_json.SelfDescribingJson object at 0x7f87ac2a7310>, <snowplow_tracker.self_describing_json.SelfDescribingJson object at 0x7f87ac2a7580>]}
[0m17:25:09.949192 [debug] [MainThread]: Executing "git --help"
[0m17:25:09.969771 [debug] [MainThread]: STDOUT: "b"usage: git [--version] [--help] [-C <path>] [-c <name>=<value>]\n           [--exec-path[=<path>]] [--html-path] [--man-path] [--info-path]\n           [-p | --paginate | -P | --no-pager] [--no-replace-objects] [--bare]\n           [--git-dir=<path>] [--work-tree=<path>] [--namespace=<name>]\n           <command> [<args>]\n\nThese are common Git commands used in various situations:\n\nstart a working area (see also: git help tutorial)\n   clone             Clone a repository into a new directory\n   init              Create an empty Git repository or reinitialize an existing one\n\nwork on the current change (see also: git help everyday)\n   add               Add file contents to the index\n   mv                Move or rename a file, a directory, or a symlink\n   restore           Restore working tree files\n   rm                Remove files from the working tree and from the index\n   sparse-checkout   Initialize and modify the sparse-checkout\n\nexamine the history and state (see also: git help revisions)\n   bisect            Use binary search to find the commit that introduced a bug\n   diff              Show changes between commits, commit and working tree, etc\n   grep              Print lines matching a pattern\n   log               Show commit logs\n   show              Show various types of objects\n   status            Show the working tree status\n\ngrow, mark and tweak your common history\n   branch            List, create, or delete branches\n   commit            Record changes to the repository\n   merge             Join two or more development histories together\n   rebase            Reapply commits on top of another base tip\n   reset             Reset current HEAD to the specified state\n   switch            Switch branches\n   tag               Create, list, delete or verify a tag object signed with GPG\n\ncollaborate (see also: git help workflows)\n   fetch             Download objects and refs from another repository\n   pull              Fetch from and integrate with another repository or a local branch\n   push              Update remote refs along with associated objects\n\n'git help -a' and 'git help -g' list available subcommands and some\nconcept guides. See 'git help <command>' or 'git help <concept>'\nto read about a specific subcommand or concept.\nSee 'git help git' for an overview of the system.\n""
[0m17:25:09.981931 [debug] [MainThread]: STDERR: "b''"
[0m17:25:10.008785 [debug] [MainThread]: Acquiring new postgres connection 'debug'
[0m17:25:10.015917 [debug] [MainThread]: Using postgres connection "debug"
[0m17:25:10.021836 [debug] [MainThread]: On debug: select 1 as id
[0m17:25:10.026837 [debug] [MainThread]: Opening a new connection, currently in state init
[0m17:25:10.063927 [debug] [MainThread]: SQL status: SELECT 1 in 0 seconds
[0m17:25:10.077672 [debug] [MainThread]: On debug: Close
[0m17:25:10.086734 [debug] [MainThread]: Sending event: {'category': 'dbt', 'action': 'invocation', 'label': 'end', 'context': [<snowplow_tracker.self_describing_json.SelfDescribingJson object at 0x7f87aaa3db20>, <snowplow_tracker.self_describing_json.SelfDescribingJson object at 0x7f87aaa3d8e0>, <snowplow_tracker.self_describing_json.SelfDescribingJson object at 0x7f87aaa3d670>]}
[0m17:25:10.091876 [debug] [MainThread]: Flushing usage events
[0m17:25:10.946421 [debug] [MainThread]: Connection 'debug' was properly closed.


============================== 2026-05-18 17:25:37.191855 | 2dbcd6bd-c6d3-498b-bcbf-3e3031a4b4c6 ==============================
[0m17:25:37.191855 [info ] [MainThread]: Running with dbt=1.4.0
[0m17:25:37.199088 [debug] [MainThread]: running dbt with arguments {'write_json': True, 'use_colors': True, 'printer_width': 80, 'version_check': True, 'partial_parse': True, 'static_parser': True, 'profiles_dir': '/workspace', 'send_anonymous_usage_stats': True, 'quiet': False, 'no_print': False, 'cache_selected_only': False, 'show': False, 'which': 'seed', 'rpc_method': 'seed', 'indirect_selection': 'eager'}
[0m17:25:37.200645 [debug] [MainThread]: Tracking: tracking
[0m17:25:37.233750 [debug] [MainThread]: Sending event: {'category': 'dbt', 'action': 'invocation', 'label': 'start', 'context': [<snowplow_tracker.self_describing_json.SelfDescribingJson object at 0x7fe028c78880>, <snowplow_tracker.self_describing_json.SelfDescribingJson object at 0x7fe028c78400>, <snowplow_tracker.self_describing_json.SelfDescribingJson object at 0x7fe028c78cd0>]}
[0m17:25:37.371740 [info ] [MainThread]: Unable to do partial parsing because saved manifest not found. Starting full parse.
[0m17:25:37.377304 [debug] [MainThread]: Sending event: {'category': 'dbt', 'action': 'partial_parser', 'label': '2dbcd6bd-c6d3-498b-bcbf-3e3031a4b4c6', 'context': [<snowplow_tracker.self_describing_json.SelfDescribingJson object at 0x7fe028c6cbe0>]}
[0m17:25:44.133214 [warn ] [MainThread]: [[33mWARNING[0m]: Configuration paths exist in your dbt_project.yml file which do not apply to any resources.
There are 5 unused configuration paths:
- models.jaffle_shop_dbtvault.raw_vault
- models.jaffle_shop_dbtvault.raw_vault.hubs
- models.jaffle_shop_dbtvault.raw_vault.sats
- models.jaffle_shop_dbtvault.stage
- models.jaffle_shop_dbtvault.raw_vault.links
[0m17:25:44.156654 [debug] [MainThread]: Sending event: {'category': 'dbt', 'action': 'load_project', 'label': '2dbcd6bd-c6d3-498b-bcbf-3e3031a4b4c6', 'context': [<snowplow_tracker.self_describing_json.SelfDescribingJson object at 0x7fe0289950d0>]}
[0m17:25:44.281481 [debug] [MainThread]: Sending event: {'category': 'dbt', 'action': 'resource_counts', 'label': '2dbcd6bd-c6d3-498b-bcbf-3e3031a4b4c6', 'context': [<snowplow_tracker.self_describing_json.SelfDescribingJson object at 0x7fe02b450ac0>]}
[0m17:25:44.284467 [info ] [MainThread]: Found 0 models, 0 tests, 0 snapshots, 0 analyses, 658 macros, 0 operations, 2 seed files, 7 sources, 0 exposures, 0 metrics
[0m17:25:44.290014 [debug] [MainThread]: Sending event: {'category': 'dbt', 'action': 'runnable_timing', 'label': '2dbcd6bd-c6d3-498b-bcbf-3e3031a4b4c6', 'context': [<snowplow_tracker.self_describing_json.SelfDescribingJson object at 0x7fe02b415a60>]}
[0m17:25:44.297249 [info ] [MainThread]: 
[0m17:25:44.307741 [debug] [MainThread]: Acquiring new postgres connection 'master'
[0m17:25:44.319320 [debug] [ThreadPool]: Acquiring new postgres connection 'list_postgres'
[0m17:25:44.368920 [debug] [ThreadPool]: Using postgres connection "list_postgres"
[0m17:25:44.373911 [debug] [ThreadPool]: On list_postgres: /* {"app": "dbt", "dbt_version": "1.4.0", "profile_name": "jaffle_shop", "target_name": "dev", "connection_name": "list_postgres"} */

    select distinct nspname from pg_namespace
  
[0m17:25:44.375948 [debug] [ThreadPool]: Opening a new connection, currently in state init
[0m17:25:44.447449 [debug] [ThreadPool]: SQL status: SELECT 4 in 0 seconds
[0m17:25:44.462100 [debug] [ThreadPool]: On list_postgres: Close
[0m17:25:44.478535 [debug] [ThreadPool]: Acquiring new postgres connection 'create_postgres_dbt'
[0m17:25:44.490417 [debug] [ThreadPool]: Acquiring new postgres connection 'create_postgres_dbt'
[0m17:25:44.498088 [debug] [ThreadPool]: Creating schema "ReferenceKeyMsg(database='postgres', schema='dbt', identifier=None)"
[0m17:25:44.528991 [debug] [ThreadPool]: Using postgres connection "create_postgres_dbt"
[0m17:25:44.532011 [debug] [ThreadPool]: On create_postgres_dbt: BEGIN
[0m17:25:44.537713 [debug] [ThreadPool]: Opening a new connection, currently in state closed
[0m17:25:44.571727 [debug] [ThreadPool]: SQL status: BEGIN in 0 seconds
[0m17:25:44.574254 [debug] [ThreadPool]: Using postgres connection "create_postgres_dbt"
[0m17:25:44.584713 [debug] [ThreadPool]: On create_postgres_dbt: /* {"app": "dbt", "dbt_version": "1.4.0", "profile_name": "jaffle_shop", "target_name": "dev", "connection_name": "create_postgres_dbt"} */
create schema if not exists "dbt"
[0m17:25:44.592058 [debug] [ThreadPool]: SQL status: CREATE SCHEMA in 0 seconds
[0m17:25:44.597288 [debug] [ThreadPool]: On create_postgres_dbt: COMMIT
[0m17:25:44.602790 [debug] [ThreadPool]: Using postgres connection "create_postgres_dbt"
[0m17:25:44.609677 [debug] [ThreadPool]: On create_postgres_dbt: COMMIT
[0m17:25:44.617006 [debug] [ThreadPool]: SQL status: COMMIT in 0 seconds
[0m17:25:44.620068 [debug] [ThreadPool]: On create_postgres_dbt: Close
[0m17:25:44.632270 [debug] [ThreadPool]: Acquiring new postgres connection 'list_postgres_dbt'
[0m17:25:44.652009 [debug] [ThreadPool]: Using postgres connection "list_postgres_dbt"
[0m17:25:44.654278 [debug] [ThreadPool]: On list_postgres_dbt: BEGIN
[0m17:25:44.660059 [debug] [ThreadPool]: Opening a new connection, currently in state closed
[0m17:25:44.677622 [debug] [ThreadPool]: SQL status: BEGIN in 0 seconds
[0m17:25:44.679590 [debug] [ThreadPool]: Using postgres connection "list_postgres_dbt"
[0m17:25:44.683312 [debug] [ThreadPool]: On list_postgres_dbt: /* {"app": "dbt", "dbt_version": "1.4.0", "profile_name": "jaffle_shop", "target_name": "dev", "connection_name": "list_postgres_dbt"} */
select
      'postgres' as database,
      tablename as name,
      schemaname as schema,
      'table' as type
    from pg_tables
    where schemaname ilike 'dbt'
    union all
    select
      'postgres' as database,
      viewname as name,
      schemaname as schema,
      'view' as type
    from pg_views
    where schemaname ilike 'dbt'
  
[0m17:25:44.693154 [debug] [ThreadPool]: SQL status: SELECT 0 in 0 seconds
[0m17:25:44.697627 [debug] [ThreadPool]: On list_postgres_dbt: ROLLBACK
[0m17:25:44.700658 [debug] [ThreadPool]: On list_postgres_dbt: Close
[0m17:25:44.732621 [debug] [MainThread]: Using postgres connection "master"
[0m17:25:44.735773 [debug] [MainThread]: On master: BEGIN
[0m17:25:44.738862 [debug] [MainThread]: Opening a new connection, currently in state init
[0m17:25:44.765453 [debug] [MainThread]: SQL status: BEGIN in 0 seconds
[0m17:25:44.769170 [debug] [MainThread]: Using postgres connection "master"
[0m17:25:44.772612 [debug] [MainThread]: On master: /* {"app": "dbt", "dbt_version": "1.4.0", "profile_name": "jaffle_shop", "target_name": "dev", "connection_name": "master"} */
with relation as (
        select
            pg_rewrite.ev_class as class,
            pg_rewrite.oid as id
        from pg_rewrite
    ),
    class as (
        select
            oid as id,
            relname as name,
            relnamespace as schema,
            relkind as kind
        from pg_class
    ),
    dependency as (
        select distinct
            pg_depend.objid as id,
            pg_depend.refobjid as ref
        from pg_depend
    ),
    schema as (
        select
            pg_namespace.oid as id,
            pg_namespace.nspname as name
        from pg_namespace
        where nspname != 'information_schema' and nspname not like 'pg\_%'
    ),
    referenced as (
        select
            relation.id AS id,
            referenced_class.name ,
            referenced_class.schema ,
            referenced_class.kind
        from relation
        join class as referenced_class on relation.class=referenced_class.id
        where referenced_class.kind in ('r', 'v')
    ),
    relationships as (
        select
            referenced.name as referenced_name,
            referenced.schema as referenced_schema_id,
            dependent_class.name as dependent_name,
            dependent_class.schema as dependent_schema_id,
            referenced.kind as kind
        from referenced
        join dependency on referenced.id=dependency.id
        join class as dependent_class on dependency.ref=dependent_class.id
        where
            (referenced.name != dependent_class.name or
             referenced.schema != dependent_class.schema)
    )

    select
        referenced_schema.name as referenced_schema,
        relationships.referenced_name as referenced_name,
        dependent_schema.name as dependent_schema,
        relationships.dependent_name as dependent_name
    from relationships
    join schema as dependent_schema on relationships.dependent_schema_id=dependent_schema.id
    join schema as referenced_schema on relationships.referenced_schema_id=referenced_schema.id
    group by referenced_schema, referenced_name, dependent_schema, dependent_name
    order by referenced_schema, referenced_name, dependent_schema, dependent_name;
[0m17:25:44.787709 [debug] [MainThread]: SQL status: SELECT 0 in 0 seconds
[0m17:25:44.792790 [debug] [MainThread]: Sending event: {'category': 'dbt', 'action': 'runnable_timing', 'label': '2dbcd6bd-c6d3-498b-bcbf-3e3031a4b4c6', 'context': [<snowplow_tracker.self_describing_json.SelfDescribingJson object at 0x7fe028cb9fa0>]}
[0m17:25:44.795122 [debug] [MainThread]: On master: ROLLBACK
[0m17:25:44.798802 [debug] [MainThread]: Using postgres connection "master"
[0m17:25:44.801234 [debug] [MainThread]: On master: BEGIN
[0m17:25:44.803913 [debug] [MainThread]: SQL status: BEGIN in 0 seconds
[0m17:25:44.806246 [debug] [MainThread]: On master: COMMIT
[0m17:25:44.809816 [debug] [MainThread]: Using postgres connection "master"
[0m17:25:44.811941 [debug] [MainThread]: On master: COMMIT
[0m17:25:44.814012 [debug] [MainThread]: SQL status: COMMIT in 0 seconds
[0m17:25:44.817839 [debug] [MainThread]: On master: Close
[0m17:25:44.821965 [info ] [MainThread]: Concurrency: 1 threads (target='dev')
[0m17:25:44.824794 [info ] [MainThread]: 
[0m17:25:44.892054 [debug] [Thread-1  ]: Began running node seed.jaffle_shop_dbtvault.source_customers
[0m17:25:44.895174 [info ] [Thread-1  ]: 1 of 2 START seed file dbt.source_customers .................................... [RUN]
[0m17:25:44.900055 [debug] [Thread-1  ]: Acquiring new postgres connection 'seed.jaffle_shop_dbtvault.source_customers'
[0m17:25:44.903318 [debug] [Thread-1  ]: Began compiling node seed.jaffle_shop_dbtvault.source_customers
[0m17:25:44.905097 [debug] [Thread-1  ]: Timing info for seed.jaffle_shop_dbtvault.source_customers (compile): 2026-05-18 17:25:44.904918 => 2026-05-18 17:25:44.904928
[0m17:25:44.909463 [debug] [Thread-1  ]: Began executing node seed.jaffle_shop_dbtvault.source_customers
[0m17:25:45.017506 [debug] [Thread-1  ]: Using postgres connection "seed.jaffle_shop_dbtvault.source_customers"
[0m17:25:45.019556 [debug] [Thread-1  ]: On seed.jaffle_shop_dbtvault.source_customers: BEGIN
[0m17:25:45.022502 [debug] [Thread-1  ]: Opening a new connection, currently in state closed
[0m17:25:45.039279 [debug] [Thread-1  ]: SQL status: BEGIN in 0 seconds
[0m17:25:45.041975 [debug] [Thread-1  ]: Using postgres connection "seed.jaffle_shop_dbtvault.source_customers"
[0m17:25:45.043762 [debug] [Thread-1  ]: On seed.jaffle_shop_dbtvault.source_customers: /* {"app": "dbt", "dbt_version": "1.4.0", "profile_name": "jaffle_shop", "target_name": "dev", "node_id": "seed.jaffle_shop_dbtvault.source_customers"} */

    create table "postgres"."dbt"."source_customers" ("id" integer,"first_name" text,"last_name" text,"email" text)
  
[0m17:25:45.055023 [debug] [Thread-1  ]: SQL status: CREATE TABLE in 0 seconds
[0m17:25:45.396863 [debug] [Thread-1  ]: Using postgres connection "seed.jaffle_shop_dbtvault.source_customers"
[0m17:25:45.399562 [debug] [Thread-1  ]: On seed.jaffle_shop_dbtvault.source_customers: 
          insert into "postgres"."dbt"."source_customers" ("id", "first_name", "last_name", "email") values
          (%s,%s,%s,%s),(%s,%s,%s,%s),(%s,%s,%s,%s),(%s,%s,%s,%s),(%s,%s,%s,%s),(%s,%s,%s,%s),(%s,%s,%s,%s),(%s,%s,%s,%s),(%s,%s,%s,%s),(%s,%s,%s,%s),(%s,%s,%s,%s),(%s,%s,%s,%s),(%s,%s,%s,%s),(%s,%s,%s,%s),(%s,%s,%s,%s),(%s,%s,%s,%s),(%s,%s,%s,%s),(%s,%s,%s,%s),(%s,%s,%s,%s),(%s,%s,%s,%s),(%s,%s,%s,%s),(%s,%s,%s,%s),(%s,%s,%s,%s),(%s,%s,%s,%s),(%s,%s,%s,%s),(%s,%s,%s,%s),(%s,%s,%s,%s),(%s,%s,%s,%s),(...
[0m17:25:45.407160 [debug] [Thread-1  ]: SQL status: INSERT 0 103 in 0 seconds
[0m17:25:45.431453 [debug] [Thread-1  ]: Writing runtime SQL for node "seed.jaffle_shop_dbtvault.source_customers"
[0m17:25:45.502939 [debug] [Thread-1  ]: On seed.jaffle_shop_dbtvault.source_customers: COMMIT
[0m17:25:45.505503 [debug] [Thread-1  ]: Using postgres connection "seed.jaffle_shop_dbtvault.source_customers"
[0m17:25:45.508324 [debug] [Thread-1  ]: On seed.jaffle_shop_dbtvault.source_customers: COMMIT
[0m17:25:45.514769 [debug] [Thread-1  ]: SQL status: COMMIT in 0 seconds
[0m17:25:45.521888 [debug] [Thread-1  ]: Timing info for seed.jaffle_shop_dbtvault.source_customers (execute): 2026-05-18 17:25:44.912143 => 2026-05-18 17:25:45.521741
[0m17:25:45.524100 [debug] [Thread-1  ]: On seed.jaffle_shop_dbtvault.source_customers: Close
[0m17:25:45.528742 [debug] [Thread-1  ]: Sending event: {'category': 'dbt', 'action': 'run_model', 'label': '2dbcd6bd-c6d3-498b-bcbf-3e3031a4b4c6', 'context': [<snowplow_tracker.self_describing_json.SelfDescribingJson object at 0x7fe028aaeca0>]}
[0m17:25:45.530845 [info ] [Thread-1  ]: 1 of 2 OK loaded seed file dbt.source_customers ................................ [[32mINSERT 103[0m in 0.63s]
[0m17:25:45.539328 [debug] [Thread-1  ]: Finished running node seed.jaffle_shop_dbtvault.source_customers
[0m17:25:45.541365 [debug] [Thread-1  ]: Began running node seed.jaffle_shop_dbtvault.source_orders
[0m17:25:45.545912 [info ] [Thread-1  ]: 2 of 2 START seed file dbt.source_orders ....................................... [RUN]
[0m17:25:45.550019 [debug] [Thread-1  ]: Acquiring new postgres connection 'seed.jaffle_shop_dbtvault.source_orders'
[0m17:25:45.553129 [debug] [Thread-1  ]: Began compiling node seed.jaffle_shop_dbtvault.source_orders
[0m17:25:45.556508 [debug] [Thread-1  ]: Timing info for seed.jaffle_shop_dbtvault.source_orders (compile): 2026-05-18 17:25:45.556342 => 2026-05-18 17:25:45.556352
[0m17:25:45.559089 [debug] [Thread-1  ]: Began executing node seed.jaffle_shop_dbtvault.source_orders
[0m17:25:45.599016 [debug] [Thread-1  ]: Using postgres connection "seed.jaffle_shop_dbtvault.source_orders"
[0m17:25:45.601873 [debug] [Thread-1  ]: On seed.jaffle_shop_dbtvault.source_orders: BEGIN
[0m17:25:45.604546 [debug] [Thread-1  ]: Opening a new connection, currently in state closed
[0m17:25:45.637077 [debug] [Thread-1  ]: SQL status: BEGIN in 0 seconds
[0m17:25:45.639817 [debug] [Thread-1  ]: Using postgres connection "seed.jaffle_shop_dbtvault.source_orders"
[0m17:25:45.652303 [debug] [Thread-1  ]: On seed.jaffle_shop_dbtvault.source_orders: /* {"app": "dbt", "dbt_version": "1.4.0", "profile_name": "jaffle_shop", "target_name": "dev", "node_id": "seed.jaffle_shop_dbtvault.source_orders"} */

    create table "postgres"."dbt"."source_orders" ("id" integer,"user_id" integer,"order_date" date,"status" text)
  
[0m17:25:45.676895 [debug] [Thread-1  ]: SQL status: CREATE TABLE in 0 seconds
[0m17:25:45.925189 [debug] [Thread-1  ]: Using postgres connection "seed.jaffle_shop_dbtvault.source_orders"
[0m17:25:45.927470 [debug] [Thread-1  ]: On seed.jaffle_shop_dbtvault.source_orders: 
          insert into "postgres"."dbt"."source_orders" ("id", "user_id", "order_date", "status") values
          (%s,%s,%s,%s),(%s,%s,%s,%s),(%s,%s,%s,%s),(%s,%s,%s,%s),(%s,%s,%s,%s),(%s,%s,%s,%s),(%s,%s,%s,%s),(%s,%s,%s,%s),(%s,%s,%s,%s),(%s,%s,%s,%s),(%s,%s,%s,%s),(%s,%s,%s,%s),(%s,%s,%s,%s),(%s,%s,%s,%s),(%s,%s,%s,%s),(%s,%s,%s,%s),(%s,%s,%s,%s),(%s,%s,%s,%s),(%s,%s,%s,%s),(%s,%s,%s,%s),(%s,%s,%s,%s),(%s,%s,%s,%s),(%s,%s,%s,%s),(%s,%s,%s,%s),(%s,%s,%s,%s),(%s,%s,%s,%s),(%s,%s,%s,%s),(%s,%s,%s,%s),(%s,%...
[0m17:25:45.934327 [debug] [Thread-1  ]: SQL status: INSERT 0 99 in 0 seconds
[0m17:25:45.938706 [debug] [Thread-1  ]: Writing runtime SQL for node "seed.jaffle_shop_dbtvault.source_orders"
[0m17:25:45.950390 [debug] [Thread-1  ]: On seed.jaffle_shop_dbtvault.source_orders: COMMIT
[0m17:25:45.952381 [debug] [Thread-1  ]: Using postgres connection "seed.jaffle_shop_dbtvault.source_orders"
[0m17:25:45.955151 [debug] [Thread-1  ]: On seed.jaffle_shop_dbtvault.source_orders: COMMIT
[0m17:25:45.959370 [debug] [Thread-1  ]: SQL status: COMMIT in 0 seconds
[0m17:25:45.962606 [debug] [Thread-1  ]: Timing info for seed.jaffle_shop_dbtvault.source_orders (execute): 2026-05-18 17:25:45.560896 => 2026-05-18 17:25:45.962345
[0m17:25:45.964384 [debug] [Thread-1  ]: On seed.jaffle_shop_dbtvault.source_orders: Close
[0m17:25:45.968859 [debug] [Thread-1  ]: Sending event: {'category': 'dbt', 'action': 'run_model', 'label': '2dbcd6bd-c6d3-498b-bcbf-3e3031a4b4c6', 'context': [<snowplow_tracker.self_describing_json.SelfDescribingJson object at 0x7fe028aaeb50>]}
[0m17:25:45.970807 [info ] [Thread-1  ]: 2 of 2 OK loaded seed file dbt.source_orders ................................... [[32mINSERT 99[0m in 0.42s]
[0m17:25:45.974097 [debug] [Thread-1  ]: Finished running node seed.jaffle_shop_dbtvault.source_orders
[0m17:25:45.980393 [debug] [MainThread]: Acquiring new postgres connection 'master'
[0m17:25:45.986263 [debug] [MainThread]: Using postgres connection "master"
[0m17:25:45.995415 [debug] [MainThread]: On master: BEGIN
[0m17:25:45.997599 [debug] [MainThread]: Opening a new connection, currently in state closed
[0m17:25:46.031325 [debug] [MainThread]: SQL status: BEGIN in 0 seconds
[0m17:25:46.034783 [debug] [MainThread]: On master: COMMIT
[0m17:25:46.041215 [debug] [MainThread]: Using postgres connection "master"
[0m17:25:46.045662 [debug] [MainThread]: On master: COMMIT
[0m17:25:46.049415 [debug] [MainThread]: SQL status: COMMIT in 0 seconds
[0m17:25:46.052756 [debug] [MainThread]: On master: Close
[0m17:25:46.059855 [debug] [MainThread]: Connection 'master' was properly closed.
[0m17:25:46.062285 [debug] [MainThread]: Connection 'seed.jaffle_shop_dbtvault.source_orders' was properly closed.
[0m17:25:46.064554 [info ] [MainThread]: 
[0m17:25:46.067944 [info ] [MainThread]: Finished running 2 seeds in 0 hours 0 minutes and 1.76 seconds (1.76s).
[0m17:25:46.070398 [debug] [MainThread]: Command end result
[0m17:25:46.129041 [info ] [MainThread]: 
[0m17:25:46.134712 [info ] [MainThread]: [32mCompleted successfully[0m
[0m17:25:46.140219 [info ] [MainThread]: 
[0m17:25:46.151045 [info ] [MainThread]: Done. PASS=2 WARN=0 ERROR=0 SKIP=0 TOTAL=2
[0m17:25:46.153485 [debug] [MainThread]: Sending event: {'category': 'dbt', 'action': 'invocation', 'label': 'end', 'context': [<snowplow_tracker.self_describing_json.SelfDescribingJson object at 0x7fe028a126d0>, <snowplow_tracker.self_describing_json.SelfDescribingJson object at 0x7fe028aab040>, <snowplow_tracker.self_describing_json.SelfDescribingJson object at 0x7fe02aa38730>]}
[0m17:25:46.158019 [debug] [MainThread]: Flushing usage events


============================== 2026-05-18 17:28:39.997336 | c2a4b6ed-75aa-4762-8833-1381e2ac7d69 ==============================
[0m17:28:39.997336 [info ] [MainThread]: Running with dbt=1.4.0
[0m17:28:40.003091 [debug] [MainThread]: running dbt with arguments {'write_json': True, 'use_colors': True, 'printer_width': 80, 'version_check': True, 'partial_parse': True, 'static_parser': True, 'profiles_dir': '/workspace', 'send_anonymous_usage_stats': True, 'quiet': False, 'no_print': False, 'cache_selected_only': False, 'select': ['+hub_customer'], 'which': 'run', 'rpc_method': 'run', 'indirect_selection': 'eager'}
[0m17:28:40.007230 [debug] [MainThread]: Tracking: tracking
[0m17:28:40.040195 [debug] [MainThread]: Sending event: {'category': 'dbt', 'action': 'invocation', 'label': 'start', 'context': [<snowplow_tracker.self_describing_json.SelfDescribingJson object at 0x7f31184a3310>, <snowplow_tracker.self_describing_json.SelfDescribingJson object at 0x7f31184a3eb0>, <snowplow_tracker.self_describing_json.SelfDescribingJson object at 0x7f31184a3a90>]}
[0m17:28:40.686457 [debug] [MainThread]: Partial parsing enabled: 0 files deleted, 0 files added, 0 files changed.
[0m17:28:40.688827 [debug] [MainThread]: Partial parsing enabled, no changes found, skipping parsing
[0m17:28:40.694000 [warn ] [MainThread]: [[33mWARNING[0m]: Configuration paths exist in your dbt_project.yml file which do not apply to any resources.
There are 5 unused configuration paths:
- models.jaffle_shop_dbtvault.raw_vault.hubs
- models.jaffle_shop_dbtvault.stage
- models.jaffle_shop_dbtvault.raw_vault.sats
- models.jaffle_shop_dbtvault.raw_vault.links
- models.jaffle_shop_dbtvault.raw_vault
[0m17:28:40.726495 [debug] [MainThread]: Sending event: {'category': 'dbt', 'action': 'load_project', 'label': 'c2a4b6ed-75aa-4762-8833-1381e2ac7d69', 'context': [<snowplow_tracker.self_describing_json.SelfDescribingJson object at 0x7f31183fe0d0>]}
[0m17:28:40.792226 [debug] [MainThread]: Sending event: {'category': 'dbt', 'action': 'resource_counts', 'label': 'c2a4b6ed-75aa-4762-8833-1381e2ac7d69', 'context': [<snowplow_tracker.self_describing_json.SelfDescribingJson object at 0x7f3118240070>]}
[0m17:28:40.800307 [info ] [MainThread]: Found 0 models, 0 tests, 0 snapshots, 0 analyses, 658 macros, 0 operations, 2 seed files, 7 sources, 0 exposures, 0 metrics
[0m17:28:40.804251 [debug] [MainThread]: Sending event: {'category': 'dbt', 'action': 'runnable_timing', 'label': 'c2a4b6ed-75aa-4762-8833-1381e2ac7d69', 'context': [<snowplow_tracker.self_describing_json.SelfDescribingJson object at 0x7f311ac70610>]}
[0m17:28:40.809668 [warn ] [MainThread]: The selection criterion '+hub_customer' does not match any nodes
[0m17:28:40.818332 [info ] [MainThread]: 
[0m17:28:40.829721 [warn ] [MainThread]: Nothing to do. Try checking your model configs and model specification args
[0m17:28:40.841874 [debug] [MainThread]: Command end result
[0m17:28:40.917780 [debug] [MainThread]: Sending event: {'category': 'dbt', 'action': 'invocation', 'label': 'end', 'context': [<snowplow_tracker.self_describing_json.SelfDescribingJson object at 0x7f31184a3550>, <snowplow_tracker.self_describing_json.SelfDescribingJson object at 0x7f3119d34a00>, <snowplow_tracker.self_describing_json.SelfDescribingJson object at 0x7f311813c310>]}
[0m17:28:40.925423 [debug] [MainThread]: Flushing usage events


============================== 2026-05-18 17:35:51.211055 | b75def9b-a20f-4c4a-b8a5-d1ac06d93b96 ==============================
[0m17:35:51.211055 [info ] [MainThread]: Running with dbt=1.4.0
[0m17:35:51.216904 [debug] [MainThread]: running dbt with arguments {'write_json': True, 'use_colors': True, 'printer_width': 80, 'version_check': True, 'partial_parse': True, 'static_parser': True, 'profiles_dir': '/workspace', 'send_anonymous_usage_stats': True, 'quiet': False, 'no_print': False, 'cache_selected_only': False, 'select': ['models/ods'], 'which': 'run', 'rpc_method': 'run', 'indirect_selection': 'eager'}
[0m17:35:51.219595 [debug] [MainThread]: Tracking: tracking
[0m17:35:51.236709 [debug] [MainThread]: Sending event: {'category': 'dbt', 'action': 'invocation', 'label': 'start', 'context': [<snowplow_tracker.self_describing_json.SelfDescribingJson object at 0x7f3a952bba60>, <snowplow_tracker.self_describing_json.SelfDescribingJson object at 0x7f3a952bb400>, <snowplow_tracker.self_describing_json.SelfDescribingJson object at 0x7f3a952bbd30>]}
[0m17:35:52.076558 [debug] [MainThread]: Partial parsing enabled: 0 files deleted, 5 files added, 0 files changed.
[0m17:35:52.078962 [debug] [MainThread]: Partial parsing: added file: jaffle_shop_dbtvault://models/stage/stg_link_customer_order.sql
[0m17:35:52.081542 [debug] [MainThread]: Partial parsing: added file: jaffle_shop_dbtvault://models/stage/stg_customers_crm.sql
[0m17:35:52.085188 [debug] [MainThread]: Partial parsing: added file: jaffle_shop_dbtvault://models/stage/stg_customers.sql
[0m17:35:52.087557 [debug] [MainThread]: Partial parsing: added file: jaffle_shop_dbtvault://models/stage/stg_customer_order.sql
[0m17:35:52.090177 [debug] [MainThread]: Partial parsing: added file: jaffle_shop_dbtvault://models/stage/stg_orders.sql
[0m17:35:52.135103 [debug] [MainThread]: 1603: static parser failed on stage/stg_link_customer_order.sql
[0m17:35:52.603838 [debug] [MainThread]: 1602: parser fallback to jinja rendering on stage/stg_link_customer_order.sql
[0m17:35:52.612520 [debug] [MainThread]: 1603: static parser failed on stage/stg_customers_crm.sql
[0m17:35:52.660561 [debug] [MainThread]: 1602: parser fallback to jinja rendering on stage/stg_customers_crm.sql
[0m17:35:52.667944 [debug] [MainThread]: 1603: static parser failed on stage/stg_customers.sql
[0m17:35:52.725201 [debug] [MainThread]: 1602: parser fallback to jinja rendering on stage/stg_customers.sql
[0m17:35:52.733696 [debug] [MainThread]: 1699: static parser successfully parsed stage/stg_customer_order.sql
[0m17:35:52.744723 [debug] [MainThread]: 1603: static parser failed on stage/stg_orders.sql
[0m17:35:52.804818 [debug] [MainThread]: 1602: parser fallback to jinja rendering on stage/stg_orders.sql
[0m17:35:52.807792 [debug] [MainThread]: Sending event: {'category': 'dbt', 'action': 'invocation', 'label': 'end', 'context': [<snowplow_tracker.self_describing_json.SelfDescribingJson object at 0x7f3a94f6e430>, <snowplow_tracker.self_describing_json.SelfDescribingJson object at 0x7f3a9504a040>, <snowplow_tracker.self_describing_json.SelfDescribingJson object at 0x7f3a94e80d00>]}
[0m17:35:52.810261 [debug] [MainThread]: Flushing usage events
[0m17:35:53.621456 [error] [MainThread]: Encountered an error:
Compilation Error
  Model 'model.jaffle_shop_dbtvault.stg_customers_crm' (models/stage/stg_customers_crm.sql) depends on a node named 'source_customers_crm' which was not found


============================== 2026-05-18 17:36:04.300390 | d771cd75-3f85-429e-8727-6b65b0b521a1 ==============================
[0m17:36:04.300390 [info ] [MainThread]: Running with dbt=1.4.0
[0m17:36:04.307491 [debug] [MainThread]: running dbt with arguments {'write_json': True, 'use_colors': True, 'printer_width': 80, 'version_check': True, 'partial_parse': True, 'static_parser': True, 'profiles_dir': '/workspace', 'send_anonymous_usage_stats': True, 'quiet': False, 'no_print': False, 'cache_selected_only': False, 'select': ['models/stage'], 'which': 'run', 'rpc_method': 'run', 'indirect_selection': 'eager'}
[0m17:36:04.312010 [debug] [MainThread]: Tracking: tracking
[0m17:36:04.341125 [debug] [MainThread]: Sending event: {'category': 'dbt', 'action': 'invocation', 'label': 'start', 'context': [<snowplow_tracker.self_describing_json.SelfDescribingJson object at 0x7f90017e3220>, <snowplow_tracker.self_describing_json.SelfDescribingJson object at 0x7f90017e3c10>, <snowplow_tracker.self_describing_json.SelfDescribingJson object at 0x7f90017e3a60>]}
[0m17:36:04.975436 [debug] [MainThread]: Partial parsing enabled: 0 files deleted, 5 files added, 0 files changed.
[0m17:36:04.978565 [debug] [MainThread]: Partial parsing: added file: jaffle_shop_dbtvault://models/stage/stg_customers.sql
[0m17:36:04.982657 [debug] [MainThread]: Partial parsing: added file: jaffle_shop_dbtvault://models/stage/stg_orders.sql
[0m17:36:04.984573 [debug] [MainThread]: Partial parsing: added file: jaffle_shop_dbtvault://models/stage/stg_customers_crm.sql
[0m17:36:04.987355 [debug] [MainThread]: Partial parsing: added file: jaffle_shop_dbtvault://models/stage/stg_link_customer_order.sql
[0m17:36:04.990639 [debug] [MainThread]: Partial parsing: added file: jaffle_shop_dbtvault://models/stage/stg_customer_order.sql
[0m17:36:05.038810 [debug] [MainThread]: 1603: static parser failed on stage/stg_customers.sql
[0m17:36:05.599951 [debug] [MainThread]: 1602: parser fallback to jinja rendering on stage/stg_customers.sql
[0m17:36:05.606081 [debug] [MainThread]: 1603: static parser failed on stage/stg_orders.sql
[0m17:36:05.664719 [debug] [MainThread]: 1602: parser fallback to jinja rendering on stage/stg_orders.sql
[0m17:36:05.670527 [debug] [MainThread]: 1603: static parser failed on stage/stg_customers_crm.sql
[0m17:36:05.726054 [debug] [MainThread]: 1602: parser fallback to jinja rendering on stage/stg_customers_crm.sql
[0m17:36:05.734271 [debug] [MainThread]: 1603: static parser failed on stage/stg_link_customer_order.sql
[0m17:36:05.775852 [debug] [MainThread]: 1602: parser fallback to jinja rendering on stage/stg_link_customer_order.sql
[0m17:36:05.784417 [debug] [MainThread]: 1699: static parser successfully parsed stage/stg_customer_order.sql
[0m17:36:05.792109 [debug] [MainThread]: Sending event: {'category': 'dbt', 'action': 'invocation', 'label': 'end', 'context': [<snowplow_tracker.self_describing_json.SelfDescribingJson object at 0x7f9001738760>, <snowplow_tracker.self_describing_json.SelfDescribingJson object at 0x7f90014973a0>, <snowplow_tracker.self_describing_json.SelfDescribingJson object at 0x7f9001591fd0>]}
[0m17:36:05.794310 [debug] [MainThread]: Flushing usage events
[0m17:36:06.593811 [error] [MainThread]: Encountered an error:
Compilation Error
  Model 'model.jaffle_shop_dbtvault.stg_customers_crm' (models/stage/stg_customers_crm.sql) depends on a node named 'source_customers_crm' which was not found


============================== 2026-05-18 17:38:08.434605 | 694acbd2-9c37-4d40-8f8a-70c499948d81 ==============================
[0m17:38:08.434605 [info ] [MainThread]: Running with dbt=1.4.0
[0m17:38:08.440255 [debug] [MainThread]: running dbt with arguments {'write_json': True, 'use_colors': True, 'printer_width': 80, 'version_check': True, 'partial_parse': True, 'static_parser': True, 'profiles_dir': '/workspace', 'send_anonymous_usage_stats': True, 'quiet': False, 'no_print': False, 'cache_selected_only': False, 'select': ['models/stage'], 'which': 'run', 'rpc_method': 'run', 'indirect_selection': 'eager'}
[0m17:38:08.442935 [debug] [MainThread]: Tracking: tracking
[0m17:38:08.463750 [debug] [MainThread]: Sending event: {'category': 'dbt', 'action': 'invocation', 'label': 'start', 'context': [<snowplow_tracker.self_describing_json.SelfDescribingJson object at 0x7fa5cf6d8280>, <snowplow_tracker.self_describing_json.SelfDescribingJson object at 0x7fa5cf6d8af0>, <snowplow_tracker.self_describing_json.SelfDescribingJson object at 0x7fa5cf6d82e0>]}
[0m17:38:09.068854 [debug] [MainThread]: Partial parsing enabled: 0 files deleted, 6 files added, 0 files changed.
[0m17:38:09.071817 [debug] [MainThread]: Partial parsing: added file: jaffle_shop_dbtvault://models/stage/stg_orders.sql
[0m17:38:09.075382 [debug] [MainThread]: Partial parsing: added file: jaffle_shop_dbtvault://models/stage/stg_customer_order.sql
[0m17:38:09.077923 [debug] [MainThread]: Partial parsing: added file: jaffle_shop_dbtvault://models/stage/stg_link_customer_order.sql
[0m17:38:09.081632 [debug] [MainThread]: Partial parsing: added file: jaffle_shop_dbtvault://models/stage/stg_customers_crm.sql
[0m17:38:09.084480 [debug] [MainThread]: Partial parsing: added file: jaffle_shop_dbtvault://models/stage/stg_customers.sql
[0m17:38:09.087617 [debug] [MainThread]: Partial parsing: added file: jaffle_shop_dbtvault://seeds/source_customers_crm.csv
[0m17:38:09.132482 [debug] [MainThread]: 1603: static parser failed on stage/stg_orders.sql
[0m17:38:09.640380 [debug] [MainThread]: 1602: parser fallback to jinja rendering on stage/stg_orders.sql
[0m17:38:09.648242 [debug] [MainThread]: 1699: static parser successfully parsed stage/stg_customer_order.sql
[0m17:38:09.658455 [debug] [MainThread]: 1603: static parser failed on stage/stg_link_customer_order.sql
[0m17:38:09.702287 [debug] [MainThread]: 1602: parser fallback to jinja rendering on stage/stg_link_customer_order.sql
[0m17:38:09.708833 [debug] [MainThread]: 1603: static parser failed on stage/stg_customers_crm.sql
[0m17:38:09.757577 [debug] [MainThread]: 1602: parser fallback to jinja rendering on stage/stg_customers_crm.sql
[0m17:38:09.764694 [debug] [MainThread]: 1603: static parser failed on stage/stg_customers.sql
[0m17:38:09.820483 [debug] [MainThread]: 1602: parser fallback to jinja rendering on stage/stg_customers.sql
[0m17:38:09.889543 [warn ] [MainThread]: [[33mWARNING[0m]: Configuration paths exist in your dbt_project.yml file which do not apply to any resources.
There are 4 unused configuration paths:
- models.jaffle_shop_dbtvault.raw_vault.sats
- models.jaffle_shop_dbtvault.raw_vault.hubs
- models.jaffle_shop_dbtvault.raw_vault.links
- models.jaffle_shop_dbtvault.raw_vault
[0m17:38:09.909285 [debug] [MainThread]: Sending event: {'category': 'dbt', 'action': 'load_project', 'label': '694acbd2-9c37-4d40-8f8a-70c499948d81', 'context': [<snowplow_tracker.self_describing_json.SelfDescribingJson object at 0x7fa5cecf6940>]}
[0m17:38:09.967061 [debug] [MainThread]: Sending event: {'category': 'dbt', 'action': 'resource_counts', 'label': '694acbd2-9c37-4d40-8f8a-70c499948d81', 'context': [<snowplow_tracker.self_describing_json.SelfDescribingJson object at 0x7fa5cf483610>]}
[0m17:38:09.971312 [info ] [MainThread]: Found 5 models, 0 tests, 0 snapshots, 0 analyses, 658 macros, 0 operations, 3 seed files, 7 sources, 0 exposures, 0 metrics
[0m17:38:09.975508 [debug] [MainThread]: Sending event: {'category': 'dbt', 'action': 'runnable_timing', 'label': '694acbd2-9c37-4d40-8f8a-70c499948d81', 'context': [<snowplow_tracker.self_describing_json.SelfDescribingJson object at 0x7fa5cf483520>]}
[0m17:38:09.985589 [info ] [MainThread]: 
[0m17:38:09.998282 [debug] [MainThread]: Acquiring new postgres connection 'master'
[0m17:38:10.009407 [debug] [ThreadPool]: Acquiring new postgres connection 'list_postgres'
[0m17:38:10.080778 [debug] [ThreadPool]: Using postgres connection "list_postgres"
[0m17:38:10.084913 [debug] [ThreadPool]: On list_postgres: /* {"app": "dbt", "dbt_version": "1.4.0", "profile_name": "jaffle_shop", "target_name": "dev", "connection_name": "list_postgres"} */

    select distinct nspname from pg_namespace
  
[0m17:38:10.089090 [debug] [ThreadPool]: Opening a new connection, currently in state init
[0m17:38:10.111439 [debug] [ThreadPool]: SQL status: SELECT 5 in 0 seconds
[0m17:38:10.117038 [debug] [ThreadPool]: On list_postgres: Close
[0m17:38:10.124466 [debug] [ThreadPool]: Acquiring new postgres connection 'list_postgres_dbt'
[0m17:38:10.142402 [debug] [ThreadPool]: Using postgres connection "list_postgres_dbt"
[0m17:38:10.144610 [debug] [ThreadPool]: On list_postgres_dbt: BEGIN
[0m17:38:10.147989 [debug] [ThreadPool]: Opening a new connection, currently in state closed
[0m17:38:10.164963 [debug] [ThreadPool]: SQL status: BEGIN in 0 seconds
[0m17:38:10.167074 [debug] [ThreadPool]: Using postgres connection "list_postgres_dbt"
[0m17:38:10.170309 [debug] [ThreadPool]: On list_postgres_dbt: /* {"app": "dbt", "dbt_version": "1.4.0", "profile_name": "jaffle_shop", "target_name": "dev", "connection_name": "list_postgres_dbt"} */
select
      'postgres' as database,
      tablename as name,
      schemaname as schema,
      'table' as type
    from pg_tables
    where schemaname ilike 'dbt'
    union all
    select
      'postgres' as database,
      viewname as name,
      schemaname as schema,
      'view' as type
    from pg_views
    where schemaname ilike 'dbt'
  
[0m17:38:10.179888 [debug] [ThreadPool]: SQL status: SELECT 2 in 0 seconds
[0m17:38:10.185572 [debug] [ThreadPool]: On list_postgres_dbt: ROLLBACK
[0m17:38:10.188504 [debug] [ThreadPool]: On list_postgres_dbt: Close
[0m17:38:10.208357 [debug] [MainThread]: Using postgres connection "master"
[0m17:38:10.211109 [debug] [MainThread]: On master: BEGIN
[0m17:38:10.213456 [debug] [MainThread]: Opening a new connection, currently in state init
[0m17:38:10.229672 [debug] [MainThread]: SQL status: BEGIN in 0 seconds
[0m17:38:10.231934 [debug] [MainThread]: Using postgres connection "master"
[0m17:38:10.234630 [debug] [MainThread]: On master: /* {"app": "dbt", "dbt_version": "1.4.0", "profile_name": "jaffle_shop", "target_name": "dev", "connection_name": "master"} */
with relation as (
        select
            pg_rewrite.ev_class as class,
            pg_rewrite.oid as id
        from pg_rewrite
    ),
    class as (
        select
            oid as id,
            relname as name,
            relnamespace as schema,
            relkind as kind
        from pg_class
    ),
    dependency as (
        select distinct
            pg_depend.objid as id,
            pg_depend.refobjid as ref
        from pg_depend
    ),
    schema as (
        select
            pg_namespace.oid as id,
            pg_namespace.nspname as name
        from pg_namespace
        where nspname != 'information_schema' and nspname not like 'pg\_%'
    ),
    referenced as (
        select
            relation.id AS id,
            referenced_class.name ,
            referenced_class.schema ,
            referenced_class.kind
        from relation
        join class as referenced_class on relation.class=referenced_class.id
        where referenced_class.kind in ('r', 'v')
    ),
    relationships as (
        select
            referenced.name as referenced_name,
            referenced.schema as referenced_schema_id,
            dependent_class.name as dependent_name,
            dependent_class.schema as dependent_schema_id,
            referenced.kind as kind
        from referenced
        join dependency on referenced.id=dependency.id
        join class as dependent_class on dependency.ref=dependent_class.id
        where
            (referenced.name != dependent_class.name or
             referenced.schema != dependent_class.schema)
    )

    select
        referenced_schema.name as referenced_schema,
        relationships.referenced_name as referenced_name,
        dependent_schema.name as dependent_schema,
        relationships.dependent_name as dependent_name
    from relationships
    join schema as dependent_schema on relationships.dependent_schema_id=dependent_schema.id
    join schema as referenced_schema on relationships.referenced_schema_id=referenced_schema.id
    group by referenced_schema, referenced_name, dependent_schema, dependent_name
    order by referenced_schema, referenced_name, dependent_schema, dependent_name;
[0m17:38:10.244466 [debug] [MainThread]: SQL status: SELECT 0 in 0 seconds
[0m17:38:10.248859 [debug] [MainThread]: Sending event: {'category': 'dbt', 'action': 'runnable_timing', 'label': '694acbd2-9c37-4d40-8f8a-70c499948d81', 'context': [<snowplow_tracker.self_describing_json.SelfDescribingJson object at 0x7fa5d0edab50>]}
[0m17:38:10.251835 [debug] [MainThread]: On master: ROLLBACK
[0m17:38:10.254779 [debug] [MainThread]: Using postgres connection "master"
[0m17:38:10.257448 [debug] [MainThread]: On master: BEGIN
[0m17:38:10.261607 [debug] [MainThread]: SQL status: BEGIN in 0 seconds
[0m17:38:10.263569 [debug] [MainThread]: On master: COMMIT
[0m17:38:10.266727 [debug] [MainThread]: Using postgres connection "master"
[0m17:38:10.269306 [debug] [MainThread]: On master: COMMIT
[0m17:38:10.272246 [debug] [MainThread]: SQL status: COMMIT in 0 seconds
[0m17:38:10.276470 [debug] [MainThread]: On master: Close
[0m17:38:10.279331 [info ] [MainThread]: Concurrency: 1 threads (target='dev')
[0m17:38:10.286022 [info ] [MainThread]: 
[0m17:38:10.324482 [debug] [Thread-1  ]: Began running node model.jaffle_shop_dbtvault.stg_customers
[0m17:38:10.332020 [info ] [Thread-1  ]: 1 of 5 START sql view model dbt.stg_customers .................................. [RUN]
[0m17:38:10.339723 [debug] [Thread-1  ]: Acquiring new postgres connection 'model.jaffle_shop_dbtvault.stg_customers'
[0m17:38:10.351108 [debug] [Thread-1  ]: Began compiling node model.jaffle_shop_dbtvault.stg_customers
[0m17:38:10.408497 [debug] [Thread-1  ]: Using postgres connection "model.jaffle_shop_dbtvault.stg_customers"
[0m17:38:10.412445 [debug] [Thread-1  ]: On model.jaffle_shop_dbtvault.stg_customers: BEGIN
[0m17:38:10.414979 [debug] [Thread-1  ]: Opening a new connection, currently in state closed
[0m17:38:10.447608 [debug] [Thread-1  ]: SQL status: BEGIN in 0 seconds
[0m17:38:10.450944 [debug] [Thread-1  ]: Using postgres connection "model.jaffle_shop_dbtvault.stg_customers"
[0m17:38:10.455783 [debug] [Thread-1  ]: On model.jaffle_shop_dbtvault.stg_customers: /* {"app": "dbt", "dbt_version": "1.4.0", "profile_name": "jaffle_shop", "target_name": "dev", "node_id": "model.jaffle_shop_dbtvault.stg_customers"} */

      select
          column_name,
          data_type,
          character_maximum_length,
          numeric_precision,
          numeric_scale

      from "postgres".INFORMATION_SCHEMA.columns
      where table_name = 'source_customers'
        
        and table_schema = 'dbt'
        
      order by ordinal_position

  
[0m17:38:10.483792 [debug] [Thread-1  ]: SQL status: SELECT 4 in 0 seconds
[0m17:38:10.513197 [debug] [Thread-1  ]: Using postgres connection "model.jaffle_shop_dbtvault.stg_customers"
[0m17:38:10.515620 [debug] [Thread-1  ]: On model.jaffle_shop_dbtvault.stg_customers: /* {"app": "dbt", "dbt_version": "1.4.0", "profile_name": "jaffle_shop", "target_name": "dev", "node_id": "model.jaffle_shop_dbtvault.stg_customers"} */

      select
          column_name,
          data_type,
          character_maximum_length,
          numeric_precision,
          numeric_scale

      from "postgres".INFORMATION_SCHEMA.columns
      where table_name = 'source_customers'
        
        and table_schema = 'dbt'
        
      order by ordinal_position

  
[0m17:38:10.527066 [debug] [Thread-1  ]: SQL status: SELECT 4 in 0 seconds
[0m17:38:10.557624 [debug] [Thread-1  ]: Writing injected SQL for node "model.jaffle_shop_dbtvault.stg_customers"
[0m17:38:10.572638 [debug] [Thread-1  ]: Timing info for model.jaffle_shop_dbtvault.stg_customers (compile): 2026-05-18 17:38:10.354823 => 2026-05-18 17:38:10.572236
[0m17:38:10.575741 [debug] [Thread-1  ]: Began executing node model.jaffle_shop_dbtvault.stg_customers
[0m17:38:10.677841 [debug] [Thread-1  ]: Writing runtime sql for node "model.jaffle_shop_dbtvault.stg_customers"
[0m17:38:10.688324 [debug] [Thread-1  ]: Using postgres connection "model.jaffle_shop_dbtvault.stg_customers"
[0m17:38:10.690997 [debug] [Thread-1  ]: On model.jaffle_shop_dbtvault.stg_customers: /* {"app": "dbt", "dbt_version": "1.4.0", "profile_name": "jaffle_shop", "target_name": "dev", "node_id": "model.jaffle_shop_dbtvault.stg_customers"} */

  create view "postgres"."dbt"."stg_customers__dbt_tmp" as (
    





with staging as (
    -- Generated by AutomateDV (formerly known as dbtvault)

    

WITH source_data AS (

    SELECT

    id,
    first_name,
    last_name,
    email

    FROM "postgres"."dbt"."source_customers"
),

derived_columns AS (

    SELECT

    id,
    first_name,
    last_name,
    email,
    email AS CUSTOMER_KEY,
    'CSV_CUSTOMERS'::TEXT AS RECORD_SOURCE

    FROM source_data
),

hashed_columns AS (

    SELECT

    id,
    first_name,
    last_name,
    email,
    CUSTOMER_KEY,
    RECORD_SOURCE,

    DECODE(MD5(NULLIF(UPPER(TRIM(CAST(email AS VARCHAR))), '')), 'hex') AS CUSTOMER_PK,

    DECODE(MD5(CONCAT(
        COALESCE(NULLIF(UPPER(TRIM(CAST(first_name AS VARCHAR))), ''), '^^'), '||',
        COALESCE(NULLIF(UPPER(TRIM(CAST(id AS VARCHAR))), ''), '^^'), '||',
        COALESCE(NULLIF(UPPER(TRIM(CAST(last_name AS VARCHAR))), ''), '^^')
    )), 'hex') AS CUSTOMER_HASHDIFF

    FROM derived_columns
),

columns_to_select AS (

    SELECT

    id,
    first_name,
    last_name,
    email,
    CUSTOMER_KEY,
    RECORD_SOURCE,
    CUSTOMER_PK,
    CUSTOMER_HASHDIFF

    FROM hashed_columns
)

SELECT * FROM columns_to_select
)

select *, current_timestamp as LOAD_DATE,
    current_timestamp AS EFFECTIVE_FROM from staging
  );
[0m17:38:10.698632 [debug] [Thread-1  ]: SQL status: CREATE VIEW in 0 seconds
[0m17:38:10.717708 [debug] [Thread-1  ]: Using postgres connection "model.jaffle_shop_dbtvault.stg_customers"
[0m17:38:10.719499 [debug] [Thread-1  ]: On model.jaffle_shop_dbtvault.stg_customers: /* {"app": "dbt", "dbt_version": "1.4.0", "profile_name": "jaffle_shop", "target_name": "dev", "node_id": "model.jaffle_shop_dbtvault.stg_customers"} */
alter table "postgres"."dbt"."stg_customers__dbt_tmp" rename to "stg_customers"
[0m17:38:10.722956 [debug] [Thread-1  ]: SQL status: ALTER TABLE in 0 seconds
[0m17:38:10.775829 [debug] [Thread-1  ]: On model.jaffle_shop_dbtvault.stg_customers: COMMIT
[0m17:38:10.777936 [debug] [Thread-1  ]: Using postgres connection "model.jaffle_shop_dbtvault.stg_customers"
[0m17:38:10.780556 [debug] [Thread-1  ]: On model.jaffle_shop_dbtvault.stg_customers: COMMIT
[0m17:38:10.785358 [debug] [Thread-1  ]: SQL status: COMMIT in 0 seconds
[0m17:38:10.801265 [debug] [Thread-1  ]: Using postgres connection "model.jaffle_shop_dbtvault.stg_customers"
[0m17:38:10.803622 [debug] [Thread-1  ]: On model.jaffle_shop_dbtvault.stg_customers: /* {"app": "dbt", "dbt_version": "1.4.0", "profile_name": "jaffle_shop", "target_name": "dev", "node_id": "model.jaffle_shop_dbtvault.stg_customers"} */
drop view if exists "postgres"."dbt"."stg_customers__dbt_backup" cascade
[0m17:38:10.808102 [debug] [Thread-1  ]: SQL status: DROP VIEW in 0 seconds
[0m17:38:10.812787 [debug] [Thread-1  ]: Timing info for model.jaffle_shop_dbtvault.stg_customers (execute): 2026-05-18 17:38:10.577710 => 2026-05-18 17:38:10.812625
[0m17:38:10.814735 [debug] [Thread-1  ]: On model.jaffle_shop_dbtvault.stg_customers: Close
[0m17:38:10.818944 [debug] [Thread-1  ]: Sending event: {'category': 'dbt', 'action': 'run_model', 'label': '694acbd2-9c37-4d40-8f8a-70c499948d81', 'context': [<snowplow_tracker.self_describing_json.SelfDescribingJson object at 0x7fa5cec593d0>]}
[0m17:38:10.824913 [info ] [Thread-1  ]: 1 of 5 OK created sql view model dbt.stg_customers ............................. [[32mCREATE VIEW[0m in 0.48s]
[0m17:38:10.831546 [debug] [Thread-1  ]: Finished running node model.jaffle_shop_dbtvault.stg_customers
[0m17:38:10.833602 [debug] [Thread-1  ]: Began running node model.jaffle_shop_dbtvault.stg_customers_crm
[0m17:38:10.837921 [info ] [Thread-1  ]: 2 of 5 START sql view model dbt.stg_customers_crm .............................. [RUN]
[0m17:38:10.844423 [debug] [Thread-1  ]: Acquiring new postgres connection 'model.jaffle_shop_dbtvault.stg_customers_crm'
[0m17:38:10.846587 [debug] [Thread-1  ]: Began compiling node model.jaffle_shop_dbtvault.stg_customers_crm
[0m17:38:10.889587 [debug] [Thread-1  ]: Using postgres connection "model.jaffle_shop_dbtvault.stg_customers_crm"
[0m17:38:10.892821 [debug] [Thread-1  ]: On model.jaffle_shop_dbtvault.stg_customers_crm: BEGIN
[0m17:38:10.897028 [debug] [Thread-1  ]: Opening a new connection, currently in state closed
[0m17:38:10.925355 [debug] [Thread-1  ]: SQL status: BEGIN in 0 seconds
[0m17:38:10.930200 [debug] [Thread-1  ]: Using postgres connection "model.jaffle_shop_dbtvault.stg_customers_crm"
[0m17:38:10.933222 [debug] [Thread-1  ]: On model.jaffle_shop_dbtvault.stg_customers_crm: /* {"app": "dbt", "dbt_version": "1.4.0", "profile_name": "jaffle_shop", "target_name": "dev", "node_id": "model.jaffle_shop_dbtvault.stg_customers_crm"} */

      select
          column_name,
          data_type,
          character_maximum_length,
          numeric_precision,
          numeric_scale

      from "postgres".INFORMATION_SCHEMA.columns
      where table_name = 'source_customers_crm'
        
        and table_schema = 'dbt'
        
      order by ordinal_position

  
[0m17:38:10.966869 [debug] [Thread-1  ]: SQL status: SELECT 0 in 0 seconds
[0m17:38:10.997693 [debug] [Thread-1  ]: Using postgres connection "model.jaffle_shop_dbtvault.stg_customers_crm"
[0m17:38:11.001471 [debug] [Thread-1  ]: On model.jaffle_shop_dbtvault.stg_customers_crm: /* {"app": "dbt", "dbt_version": "1.4.0", "profile_name": "jaffle_shop", "target_name": "dev", "node_id": "model.jaffle_shop_dbtvault.stg_customers_crm"} */

      select
          column_name,
          data_type,
          character_maximum_length,
          numeric_precision,
          numeric_scale

      from "postgres".INFORMATION_SCHEMA.columns
      where table_name = 'source_customers_crm'
        
        and table_schema = 'dbt'
        
      order by ordinal_position

  
[0m17:38:11.015101 [debug] [Thread-1  ]: SQL status: SELECT 0 in 0 seconds
[0m17:38:11.054755 [debug] [Thread-1  ]: Writing injected SQL for node "model.jaffle_shop_dbtvault.stg_customers_crm"
[0m17:38:11.063168 [debug] [Thread-1  ]: Timing info for model.jaffle_shop_dbtvault.stg_customers_crm (compile): 2026-05-18 17:38:10.851821 => 2026-05-18 17:38:11.062743
[0m17:38:11.065785 [debug] [Thread-1  ]: Began executing node model.jaffle_shop_dbtvault.stg_customers_crm
[0m17:38:11.085786 [debug] [Thread-1  ]: Writing runtime sql for node "model.jaffle_shop_dbtvault.stg_customers_crm"
[0m17:38:11.095161 [debug] [Thread-1  ]: Using postgres connection "model.jaffle_shop_dbtvault.stg_customers_crm"
[0m17:38:11.097381 [debug] [Thread-1  ]: On model.jaffle_shop_dbtvault.stg_customers_crm: /* {"app": "dbt", "dbt_version": "1.4.0", "profile_name": "jaffle_shop", "target_name": "dev", "node_id": "model.jaffle_shop_dbtvault.stg_customers_crm"} */

  create view "postgres"."dbt"."stg_customers_crm__dbt_tmp" as (
    





with staging as (
    -- Generated by AutomateDV (formerly known as dbtvault)

    

WITH source_data AS (

    SELECT *

    FROM "postgres"."dbt"."source_customers_crm"
),

derived_columns AS (

    SELECT

    email AS CUSTOMER_KEY,
    'CSV_CUSTOMERS'::TEXT AS RECORD_SOURCE

    FROM source_data
),

hashed_columns AS (

    SELECT

    CUSTOMER_KEY,
    RECORD_SOURCE,

    DECODE(MD5(NULLIF(UPPER(TRIM(CAST(email AS VARCHAR))), '')), 'hex') AS CUSTOMER_PK,

    DECODE(MD5(CONCAT(
        COALESCE(NULLIF(UPPER(TRIM(CAST(age AS VARCHAR))), ''), '^^'), '||',
        COALESCE(NULLIF(UPPER(TRIM(CAST(country AS VARCHAR))), ''), '^^')
    )), 'hex') AS CUSTOMER_HASHDIFF

    FROM derived_columns
),

columns_to_select AS (

    SELECT

    CUSTOMER_KEY,
    RECORD_SOURCE,
    CUSTOMER_PK,
    CUSTOMER_HASHDIFF

    FROM hashed_columns
)

SELECT * FROM columns_to_select
)

select *, current_timestamp as LOAD_DATE,
    current_timestamp AS EFFECTIVE_FROM from staging
  );
[0m17:38:11.100506 [debug] [Thread-1  ]: Postgres adapter: Postgres error: relation "dbt.source_customers_crm" does not exist
LINE 19:     FROM "postgres"."dbt"."source_customers_crm"
                  ^

[0m17:38:11.106175 [debug] [Thread-1  ]: On model.jaffle_shop_dbtvault.stg_customers_crm: ROLLBACK
[0m17:38:11.109719 [debug] [Thread-1  ]: Timing info for model.jaffle_shop_dbtvault.stg_customers_crm (execute): 2026-05-18 17:38:11.068431 => 2026-05-18 17:38:11.109587
[0m17:38:11.111836 [debug] [Thread-1  ]: On model.jaffle_shop_dbtvault.stg_customers_crm: Close
[0m17:38:11.132830 [debug] [Thread-1  ]: Database Error in model stg_customers_crm (models/stage/stg_customers_crm.sql)
  relation "dbt.source_customers_crm" does not exist
  LINE 19:     FROM "postgres"."dbt"."source_customers_crm"
                    ^
  compiled Code at target/run/jaffle_shop_dbtvault/models/stage/stg_customers_crm.sql
[0m17:38:11.135304 [debug] [Thread-1  ]: Sending event: {'category': 'dbt', 'action': 'run_model', 'label': '694acbd2-9c37-4d40-8f8a-70c499948d81', 'context': [<snowplow_tracker.self_describing_json.SelfDescribingJson object at 0x7fa5ceb4cf40>]}
[0m17:38:11.137740 [error] [Thread-1  ]: 2 of 5 ERROR creating sql view model dbt.stg_customers_crm ..................... [[31mERROR[0m in 0.29s]
[0m17:38:11.142396 [debug] [Thread-1  ]: Finished running node model.jaffle_shop_dbtvault.stg_customers_crm
[0m17:38:11.147224 [debug] [Thread-1  ]: Began running node model.jaffle_shop_dbtvault.stg_orders
[0m17:38:11.153783 [info ] [Thread-1  ]: 3 of 5 START sql view model dbt.stg_orders ..................................... [RUN]
[0m17:38:11.157860 [debug] [Thread-1  ]: Acquiring new postgres connection 'model.jaffle_shop_dbtvault.stg_orders'
[0m17:38:11.159781 [debug] [Thread-1  ]: Began compiling node model.jaffle_shop_dbtvault.stg_orders
[0m17:38:11.198617 [debug] [Thread-1  ]: Using postgres connection "model.jaffle_shop_dbtvault.stg_orders"
[0m17:38:11.201562 [debug] [Thread-1  ]: On model.jaffle_shop_dbtvault.stg_orders: BEGIN
[0m17:38:11.203966 [debug] [Thread-1  ]: Opening a new connection, currently in state closed
[0m17:38:11.237194 [debug] [Thread-1  ]: SQL status: BEGIN in 0 seconds
[0m17:38:11.243908 [debug] [Thread-1  ]: Using postgres connection "model.jaffle_shop_dbtvault.stg_orders"
[0m17:38:11.246658 [debug] [Thread-1  ]: On model.jaffle_shop_dbtvault.stg_orders: /* {"app": "dbt", "dbt_version": "1.4.0", "profile_name": "jaffle_shop", "target_name": "dev", "node_id": "model.jaffle_shop_dbtvault.stg_orders"} */

      select
          column_name,
          data_type,
          character_maximum_length,
          numeric_precision,
          numeric_scale

      from "postgres".INFORMATION_SCHEMA.columns
      where table_name = 'source_orders'
        
        and table_schema = 'dbt'
        
      order by ordinal_position

  
[0m17:38:11.278323 [debug] [Thread-1  ]: SQL status: SELECT 4 in 0 seconds
[0m17:38:11.376330 [debug] [Thread-1  ]: Using postgres connection "model.jaffle_shop_dbtvault.stg_orders"
[0m17:38:11.379006 [debug] [Thread-1  ]: On model.jaffle_shop_dbtvault.stg_orders: /* {"app": "dbt", "dbt_version": "1.4.0", "profile_name": "jaffle_shop", "target_name": "dev", "node_id": "model.jaffle_shop_dbtvault.stg_orders"} */

      select
          column_name,
          data_type,
          character_maximum_length,
          numeric_precision,
          numeric_scale

      from "postgres".INFORMATION_SCHEMA.columns
      where table_name = 'source_orders'
        
        and table_schema = 'dbt'
        
      order by ordinal_position

  
[0m17:38:11.390240 [debug] [Thread-1  ]: SQL status: SELECT 4 in 0 seconds
[0m17:38:11.418138 [debug] [Thread-1  ]: Writing injected SQL for node "model.jaffle_shop_dbtvault.stg_orders"
[0m17:38:11.426033 [debug] [Thread-1  ]: Timing info for model.jaffle_shop_dbtvault.stg_orders (compile): 2026-05-18 17:38:11.162889 => 2026-05-18 17:38:11.425831
[0m17:38:11.431725 [debug] [Thread-1  ]: Began executing node model.jaffle_shop_dbtvault.stg_orders
[0m17:38:11.455865 [debug] [Thread-1  ]: Writing runtime sql for node "model.jaffle_shop_dbtvault.stg_orders"
[0m17:38:11.466981 [debug] [Thread-1  ]: Using postgres connection "model.jaffle_shop_dbtvault.stg_orders"
[0m17:38:11.470061 [debug] [Thread-1  ]: On model.jaffle_shop_dbtvault.stg_orders: /* {"app": "dbt", "dbt_version": "1.4.0", "profile_name": "jaffle_shop", "target_name": "dev", "node_id": "model.jaffle_shop_dbtvault.stg_orders"} */

  create view "postgres"."dbt"."stg_orders__dbt_tmp" as (
    








WITH staging AS (
-- Generated by AutomateDV (formerly known as dbtvault)

    

WITH source_data AS (

    SELECT

    id,
    user_id,
    order_date,
    status

    FROM "postgres"."dbt"."source_orders"
),

derived_columns AS (

    SELECT

    id,
    user_id,
    order_date,
    status,
    id AS ORDER_KEY,
    'CSV_ORDERS'::TEXT AS RECORD_SOURCE

    FROM source_data
),

hashed_columns AS (

    SELECT

    id,
    user_id,
    order_date,
    status,
    ORDER_KEY,
    RECORD_SOURCE,

    DECODE(MD5(NULLIF(UPPER(TRIM(CAST(id AS VARCHAR))), '')), 'hex') AS ORDER_PK,

    DECODE(MD5(CONCAT(
        COALESCE(NULLIF(UPPER(TRIM(CAST(order_date AS VARCHAR))), ''), '^^'), '||',
        COALESCE(NULLIF(UPPER(TRIM(CAST(status AS VARCHAR))), ''), '^^')
    )), 'hex') AS ORDER_HASHDIFF

    FROM derived_columns
),

columns_to_select AS (

    SELECT

    id,
    user_id,
    order_date,
    status,
    ORDER_KEY,
    RECORD_SOURCE,
    ORDER_PK,
    ORDER_HASHDIFF

    FROM hashed_columns
)

SELECT * FROM columns_to_select
)

SELECT *,
    current_timestamp AS LOAD_DATE,
    current_timestamp AS EFFECTIVE_FROM
FROM staging
  );
[0m17:38:11.482606 [debug] [Thread-1  ]: SQL status: CREATE VIEW in 0 seconds
[0m17:38:11.498057 [debug] [Thread-1  ]: Using postgres connection "model.jaffle_shop_dbtvault.stg_orders"
[0m17:38:11.502674 [debug] [Thread-1  ]: On model.jaffle_shop_dbtvault.stg_orders: /* {"app": "dbt", "dbt_version": "1.4.0", "profile_name": "jaffle_shop", "target_name": "dev", "node_id": "model.jaffle_shop_dbtvault.stg_orders"} */
alter table "postgres"."dbt"."stg_orders__dbt_tmp" rename to "stg_orders"
[0m17:38:11.506502 [debug] [Thread-1  ]: SQL status: ALTER TABLE in 0 seconds
[0m17:38:11.520726 [debug] [Thread-1  ]: On model.jaffle_shop_dbtvault.stg_orders: COMMIT
[0m17:38:11.526033 [debug] [Thread-1  ]: Using postgres connection "model.jaffle_shop_dbtvault.stg_orders"
[0m17:38:11.549765 [debug] [Thread-1  ]: On model.jaffle_shop_dbtvault.stg_orders: COMMIT
[0m17:38:11.563205 [debug] [Thread-1  ]: SQL status: COMMIT in 0 seconds
[0m17:38:11.590101 [debug] [Thread-1  ]: Using postgres connection "model.jaffle_shop_dbtvault.stg_orders"
[0m17:38:11.591946 [debug] [Thread-1  ]: On model.jaffle_shop_dbtvault.stg_orders: /* {"app": "dbt", "dbt_version": "1.4.0", "profile_name": "jaffle_shop", "target_name": "dev", "node_id": "model.jaffle_shop_dbtvault.stg_orders"} */
drop view if exists "postgres"."dbt"."stg_orders__dbt_backup" cascade
[0m17:38:11.596661 [debug] [Thread-1  ]: SQL status: DROP VIEW in 0 seconds
[0m17:38:11.613676 [debug] [Thread-1  ]: Timing info for model.jaffle_shop_dbtvault.stg_orders (execute): 2026-05-18 17:38:11.433448 => 2026-05-18 17:38:11.607238
[0m17:38:11.619098 [debug] [Thread-1  ]: On model.jaffle_shop_dbtvault.stg_orders: Close
[0m17:38:11.634306 [debug] [Thread-1  ]: Sending event: {'category': 'dbt', 'action': 'run_model', 'label': '694acbd2-9c37-4d40-8f8a-70c499948d81', 'context': [<snowplow_tracker.self_describing_json.SelfDescribingJson object at 0x7fa5cebda5e0>]}
[0m17:38:11.649140 [info ] [Thread-1  ]: 3 of 5 OK created sql view model dbt.stg_orders ................................ [[32mCREATE VIEW[0m in 0.48s]
[0m17:38:11.652650 [debug] [Thread-1  ]: Finished running node model.jaffle_shop_dbtvault.stg_orders
[0m17:38:11.660048 [debug] [Thread-1  ]: Began running node model.jaffle_shop_dbtvault.stg_customer_order
[0m17:38:11.673068 [info ] [Thread-1  ]: 4 of 5 START sql view model dbt.stg_customer_order ............................. [RUN]
[0m17:38:11.693662 [debug] [Thread-1  ]: Acquiring new postgres connection 'model.jaffle_shop_dbtvault.stg_customer_order'
[0m17:38:11.706822 [debug] [Thread-1  ]: Began compiling node model.jaffle_shop_dbtvault.stg_customer_order
[0m17:38:11.741876 [debug] [Thread-1  ]: Writing injected SQL for node "model.jaffle_shop_dbtvault.stg_customer_order"
[0m17:38:11.757362 [debug] [Thread-1  ]: Timing info for model.jaffle_shop_dbtvault.stg_customer_order (compile): 2026-05-18 17:38:11.712591 => 2026-05-18 17:38:11.756954
[0m17:38:11.767718 [debug] [Thread-1  ]: Began executing node model.jaffle_shop_dbtvault.stg_customer_order
[0m17:38:11.792053 [debug] [Thread-1  ]: Writing runtime sql for node "model.jaffle_shop_dbtvault.stg_customer_order"
[0m17:38:11.802220 [debug] [Thread-1  ]: Using postgres connection "model.jaffle_shop_dbtvault.stg_customer_order"
[0m17:38:11.805771 [debug] [Thread-1  ]: On model.jaffle_shop_dbtvault.stg_customer_order: BEGIN
[0m17:38:11.813863 [debug] [Thread-1  ]: Opening a new connection, currently in state closed
[0m17:38:11.838162 [debug] [Thread-1  ]: SQL status: BEGIN in 0 seconds
[0m17:38:11.840737 [debug] [Thread-1  ]: Using postgres connection "model.jaffle_shop_dbtvault.stg_customer_order"
[0m17:38:11.844208 [debug] [Thread-1  ]: On model.jaffle_shop_dbtvault.stg_customer_order: /* {"app": "dbt", "dbt_version": "1.4.0", "profile_name": "jaffle_shop", "target_name": "dev", "node_id": "model.jaffle_shop_dbtvault.stg_customer_order"} */

  create view "postgres"."dbt"."stg_customer_order__dbt_tmp" as (
    with stg_orders as (
    select ORDER_KEY, ORDER_PK, user_id from "postgres"."dbt"."stg_orders"
),

stg_customers as (
    select id, CUSTOMER_KEY, CUSTOMER_PK from "postgres"."dbt"."stg_customers"
)

select  ORDER_KEY, CUSTOMER_KEY, CUSTOMER_PK, ORDER_PK from stg_orders so
JOIN stg_customers sc ON sc.id = so.user_id
  );
[0m17:38:11.853414 [debug] [Thread-1  ]: SQL status: CREATE VIEW in 0 seconds
[0m17:38:11.865871 [debug] [Thread-1  ]: Using postgres connection "model.jaffle_shop_dbtvault.stg_customer_order"
[0m17:38:11.868223 [debug] [Thread-1  ]: On model.jaffle_shop_dbtvault.stg_customer_order: /* {"app": "dbt", "dbt_version": "1.4.0", "profile_name": "jaffle_shop", "target_name": "dev", "node_id": "model.jaffle_shop_dbtvault.stg_customer_order"} */
alter table "postgres"."dbt"."stg_customer_order__dbt_tmp" rename to "stg_customer_order"
[0m17:38:11.873224 [debug] [Thread-1  ]: SQL status: ALTER TABLE in 0 seconds
[0m17:38:11.880797 [debug] [Thread-1  ]: On model.jaffle_shop_dbtvault.stg_customer_order: COMMIT
[0m17:38:11.882853 [debug] [Thread-1  ]: Using postgres connection "model.jaffle_shop_dbtvault.stg_customer_order"
[0m17:38:11.885807 [debug] [Thread-1  ]: On model.jaffle_shop_dbtvault.stg_customer_order: COMMIT
[0m17:38:11.892156 [debug] [Thread-1  ]: SQL status: COMMIT in 0 seconds
[0m17:38:11.902371 [debug] [Thread-1  ]: Using postgres connection "model.jaffle_shop_dbtvault.stg_customer_order"
[0m17:38:11.904430 [debug] [Thread-1  ]: On model.jaffle_shop_dbtvault.stg_customer_order: /* {"app": "dbt", "dbt_version": "1.4.0", "profile_name": "jaffle_shop", "target_name": "dev", "node_id": "model.jaffle_shop_dbtvault.stg_customer_order"} */
drop view if exists "postgres"."dbt"."stg_customer_order__dbt_backup" cascade
[0m17:38:11.908141 [debug] [Thread-1  ]: SQL status: DROP VIEW in 0 seconds
[0m17:38:11.912920 [debug] [Thread-1  ]: Timing info for model.jaffle_shop_dbtvault.stg_customer_order (execute): 2026-05-18 17:38:11.771893 => 2026-05-18 17:38:11.912812
[0m17:38:11.914933 [debug] [Thread-1  ]: On model.jaffle_shop_dbtvault.stg_customer_order: Close
[0m17:38:11.919379 [debug] [Thread-1  ]: Sending event: {'category': 'dbt', 'action': 'run_model', 'label': '694acbd2-9c37-4d40-8f8a-70c499948d81', 'context': [<snowplow_tracker.self_describing_json.SelfDescribingJson object at 0x7fa5ccb0d700>]}
[0m17:38:11.922856 [info ] [Thread-1  ]: 4 of 5 OK created sql view model dbt.stg_customer_order ........................ [[32mCREATE VIEW[0m in 0.23s]
[0m17:38:11.927041 [debug] [Thread-1  ]: Finished running node model.jaffle_shop_dbtvault.stg_customer_order
[0m17:38:11.930865 [debug] [Thread-1  ]: Began running node model.jaffle_shop_dbtvault.stg_link_customer_order
[0m17:38:11.936523 [info ] [Thread-1  ]: 5 of 5 START sql view model dbt.stg_link_customer_order ........................ [RUN]
[0m17:38:11.943870 [debug] [Thread-1  ]: Acquiring new postgres connection 'model.jaffle_shop_dbtvault.stg_link_customer_order'
[0m17:38:11.950495 [debug] [Thread-1  ]: Began compiling node model.jaffle_shop_dbtvault.stg_link_customer_order
[0m17:38:11.985952 [debug] [Thread-1  ]: Using postgres connection "model.jaffle_shop_dbtvault.stg_link_customer_order"
[0m17:38:11.992335 [debug] [Thread-1  ]: On model.jaffle_shop_dbtvault.stg_link_customer_order: BEGIN
[0m17:38:11.995539 [debug] [Thread-1  ]: Opening a new connection, currently in state closed
[0m17:38:12.031528 [debug] [Thread-1  ]: SQL status: BEGIN in 0 seconds
[0m17:38:12.036443 [debug] [Thread-1  ]: Using postgres connection "model.jaffle_shop_dbtvault.stg_link_customer_order"
[0m17:38:12.041489 [debug] [Thread-1  ]: On model.jaffle_shop_dbtvault.stg_link_customer_order: /* {"app": "dbt", "dbt_version": "1.4.0", "profile_name": "jaffle_shop", "target_name": "dev", "node_id": "model.jaffle_shop_dbtvault.stg_link_customer_order"} */

      select
          column_name,
          data_type,
          character_maximum_length,
          numeric_precision,
          numeric_scale

      from "postgres".INFORMATION_SCHEMA.columns
      where table_name = 'stg_customer_order'
        
        and table_schema = 'dbt'
        
      order by ordinal_position

  
[0m17:38:12.073640 [debug] [Thread-1  ]: SQL status: SELECT 4 in 0 seconds
[0m17:38:12.097632 [debug] [Thread-1  ]: Using postgres connection "model.jaffle_shop_dbtvault.stg_link_customer_order"
[0m17:38:12.099866 [debug] [Thread-1  ]: On model.jaffle_shop_dbtvault.stg_link_customer_order: /* {"app": "dbt", "dbt_version": "1.4.0", "profile_name": "jaffle_shop", "target_name": "dev", "node_id": "model.jaffle_shop_dbtvault.stg_link_customer_order"} */

      select
          column_name,
          data_type,
          character_maximum_length,
          numeric_precision,
          numeric_scale

      from "postgres".INFORMATION_SCHEMA.columns
      where table_name = 'stg_customer_order'
        
        and table_schema = 'dbt'
        
      order by ordinal_position

  
[0m17:38:12.110543 [debug] [Thread-1  ]: SQL status: SELECT 4 in 0 seconds
[0m17:38:12.130692 [debug] [Thread-1  ]: Writing injected SQL for node "model.jaffle_shop_dbtvault.stg_link_customer_order"
[0m17:38:12.137964 [debug] [Thread-1  ]: Timing info for model.jaffle_shop_dbtvault.stg_link_customer_order (compile): 2026-05-18 17:38:11.955156 => 2026-05-18 17:38:12.137769
[0m17:38:12.140468 [debug] [Thread-1  ]: Began executing node model.jaffle_shop_dbtvault.stg_link_customer_order
[0m17:38:12.155483 [debug] [Thread-1  ]: Writing runtime sql for node "model.jaffle_shop_dbtvault.stg_link_customer_order"
[0m17:38:12.164282 [debug] [Thread-1  ]: Using postgres connection "model.jaffle_shop_dbtvault.stg_link_customer_order"
[0m17:38:12.166465 [debug] [Thread-1  ]: On model.jaffle_shop_dbtvault.stg_link_customer_order: /* {"app": "dbt", "dbt_version": "1.4.0", "profile_name": "jaffle_shop", "target_name": "dev", "node_id": "model.jaffle_shop_dbtvault.stg_link_customer_order"} */

  create view "postgres"."dbt"."stg_link_customer_order__dbt_tmp" as (
    





with staging as (
    -- Generated by AutomateDV (formerly known as dbtvault)

    

WITH source_data AS (

    SELECT

    order_key,
    customer_key,
    customer_pk,
    order_pk

    FROM "postgres"."dbt"."stg_customer_order"
),

derived_columns AS (

    SELECT

    order_key,
    customer_key,
    customer_pk,
    order_pk,
    'CSV_CUSTOMERS'::TEXT AS RECORD_SOURCE

    FROM source_data
),

hashed_columns AS (

    SELECT

    order_key,
    customer_key,
    customer_pk,
    order_pk,
    RECORD_SOURCE,

    DECODE(MD5(NULLIF(CONCAT(
        COALESCE(NULLIF(UPPER(TRIM(CAST(ORDER_KEY AS VARCHAR))), ''), '^^'), '||',
        COALESCE(NULLIF(UPPER(TRIM(CAST(CUSTOMER_KEY AS VARCHAR))), ''), '^^')
    ), '^^||^^')), 'hex') AS LINK_CUSTOMER_ORDER_PK

    FROM derived_columns
),

columns_to_select AS (

    SELECT

    order_key,
    customer_key,
    customer_pk,
    order_pk,
    RECORD_SOURCE,
    LINK_CUSTOMER_ORDER_PK

    FROM hashed_columns
)

SELECT * FROM columns_to_select
)

select *, current_timestamp as LOAD_DATE,
    current_timestamp AS EFFECTIVE_FROM from staging
  );
[0m17:38:12.174704 [debug] [Thread-1  ]: SQL status: CREATE VIEW in 0 seconds
[0m17:38:12.185657 [debug] [Thread-1  ]: Using postgres connection "model.jaffle_shop_dbtvault.stg_link_customer_order"
[0m17:38:12.188606 [debug] [Thread-1  ]: On model.jaffle_shop_dbtvault.stg_link_customer_order: /* {"app": "dbt", "dbt_version": "1.4.0", "profile_name": "jaffle_shop", "target_name": "dev", "node_id": "model.jaffle_shop_dbtvault.stg_link_customer_order"} */
alter table "postgres"."dbt"."stg_link_customer_order__dbt_tmp" rename to "stg_link_customer_order"
[0m17:38:12.196677 [debug] [Thread-1  ]: SQL status: ALTER TABLE in 0 seconds
[0m17:38:12.203609 [debug] [Thread-1  ]: On model.jaffle_shop_dbtvault.stg_link_customer_order: COMMIT
[0m17:38:12.212949 [debug] [Thread-1  ]: Using postgres connection "model.jaffle_shop_dbtvault.stg_link_customer_order"
[0m17:38:12.217953 [debug] [Thread-1  ]: On model.jaffle_shop_dbtvault.stg_link_customer_order: COMMIT
[0m17:38:12.231108 [debug] [Thread-1  ]: SQL status: COMMIT in 0 seconds
[0m17:38:12.247724 [debug] [Thread-1  ]: Using postgres connection "model.jaffle_shop_dbtvault.stg_link_customer_order"
[0m17:38:12.250127 [debug] [Thread-1  ]: On model.jaffle_shop_dbtvault.stg_link_customer_order: /* {"app": "dbt", "dbt_version": "1.4.0", "profile_name": "jaffle_shop", "target_name": "dev", "node_id": "model.jaffle_shop_dbtvault.stg_link_customer_order"} */
drop view if exists "postgres"."dbt"."stg_link_customer_order__dbt_backup" cascade
[0m17:38:12.254514 [debug] [Thread-1  ]: SQL status: DROP VIEW in 0 seconds
[0m17:38:12.260198 [debug] [Thread-1  ]: Timing info for model.jaffle_shop_dbtvault.stg_link_customer_order (execute): 2026-05-18 17:38:12.142335 => 2026-05-18 17:38:12.260039
[0m17:38:12.262875 [debug] [Thread-1  ]: On model.jaffle_shop_dbtvault.stg_link_customer_order: Close
[0m17:38:12.267276 [debug] [Thread-1  ]: Sending event: {'category': 'dbt', 'action': 'run_model', 'label': '694acbd2-9c37-4d40-8f8a-70c499948d81', 'context': [<snowplow_tracker.self_describing_json.SelfDescribingJson object at 0x7fa5cec67fd0>]}
[0m17:38:12.273628 [info ] [Thread-1  ]: 5 of 5 OK created sql view model dbt.stg_link_customer_order ................... [[32mCREATE VIEW[0m in 0.33s]
[0m17:38:12.283263 [debug] [Thread-1  ]: Finished running node model.jaffle_shop_dbtvault.stg_link_customer_order
[0m17:38:12.289361 [debug] [MainThread]: Acquiring new postgres connection 'master'
[0m17:38:12.292408 [debug] [MainThread]: Using postgres connection "master"
[0m17:38:12.300151 [debug] [MainThread]: On master: BEGIN
[0m17:38:12.309999 [debug] [MainThread]: Opening a new connection, currently in state closed
[0m17:38:12.345463 [debug] [MainThread]: SQL status: BEGIN in 0 seconds
[0m17:38:12.349429 [debug] [MainThread]: On master: COMMIT
[0m17:38:12.352068 [debug] [MainThread]: Using postgres connection "master"
[0m17:38:12.353737 [debug] [MainThread]: On master: COMMIT
[0m17:38:12.357947 [debug] [MainThread]: SQL status: COMMIT in 0 seconds
[0m17:38:12.366831 [debug] [MainThread]: On master: Close
[0m17:38:12.371230 [debug] [MainThread]: Connection 'master' was properly closed.
[0m17:38:12.374854 [debug] [MainThread]: Connection 'model.jaffle_shop_dbtvault.stg_link_customer_order' was properly closed.
[0m17:38:12.379212 [info ] [MainThread]: 
[0m17:38:12.389380 [info ] [MainThread]: Finished running 5 view models in 0 hours 0 minutes and 2.39 seconds (2.39s).
[0m17:38:12.396145 [debug] [MainThread]: Command end result
[0m17:38:12.479567 [info ] [MainThread]: 
[0m17:38:12.486002 [info ] [MainThread]: [31mCompleted with 1 error and 0 warnings:[0m
[0m17:38:12.490667 [info ] [MainThread]: 
[0m17:38:12.498349 [error] [MainThread]: [33mDatabase Error in model stg_customers_crm (models/stage/stg_customers_crm.sql)[0m
[0m17:38:12.500816 [error] [MainThread]:   relation "dbt.source_customers_crm" does not exist
[0m17:38:12.506156 [error] [MainThread]:   LINE 19:     FROM "postgres"."dbt"."source_customers_crm"
[0m17:38:12.512539 [error] [MainThread]:                     ^
[0m17:38:12.520334 [error] [MainThread]:   compiled Code at target/run/jaffle_shop_dbtvault/models/stage/stg_customers_crm.sql
[0m17:38:12.529048 [info ] [MainThread]: 
[0m17:38:12.534182 [info ] [MainThread]: Done. PASS=4 WARN=0 ERROR=1 SKIP=0 TOTAL=5
[0m17:38:12.547824 [debug] [MainThread]: Sending event: {'category': 'dbt', 'action': 'invocation', 'label': 'end', 'context': [<snowplow_tracker.self_describing_json.SelfDescribingJson object at 0x7fa5cebe2370>, <snowplow_tracker.self_describing_json.SelfDescribingJson object at 0x7fa5cec469a0>, <snowplow_tracker.self_describing_json.SelfDescribingJson object at 0x7fa5cf62c4f0>]}
[0m17:38:12.556009 [debug] [MainThread]: Flushing usage events


============================== 2026-05-18 17:38:45.568622 | 2431d1b2-d954-4d11-8f59-84090007e7c0 ==============================
[0m17:38:45.568622 [info ] [MainThread]: Running with dbt=1.4.0
[0m17:38:45.578143 [debug] [MainThread]: running dbt with arguments {'write_json': True, 'use_colors': True, 'printer_width': 80, 'version_check': True, 'partial_parse': True, 'static_parser': True, 'profiles_dir': '/workspace', 'send_anonymous_usage_stats': True, 'quiet': False, 'no_print': False, 'cache_selected_only': False, 'show': False, 'which': 'seed', 'rpc_method': 'seed', 'indirect_selection': 'eager'}
[0m17:38:45.580196 [debug] [MainThread]: Tracking: tracking
[0m17:38:45.603465 [debug] [MainThread]: Sending event: {'category': 'dbt', 'action': 'invocation', 'label': 'start', 'context': [<snowplow_tracker.self_describing_json.SelfDescribingJson object at 0x7f684e48f130>, <snowplow_tracker.self_describing_json.SelfDescribingJson object at 0x7f684e48fd90>, <snowplow_tracker.self_describing_json.SelfDescribingJson object at 0x7f684e48f910>]}
[0m17:38:46.295846 [debug] [MainThread]: Partial parsing enabled: 0 files deleted, 0 files added, 0 files changed.
[0m17:38:46.300651 [debug] [MainThread]: Partial parsing enabled, no changes found, skipping parsing
[0m17:38:46.309517 [warn ] [MainThread]: [[33mWARNING[0m]: Configuration paths exist in your dbt_project.yml file which do not apply to any resources.
There are 4 unused configuration paths:
- models.jaffle_shop_dbtvault.raw_vault.sats
- models.jaffle_shop_dbtvault.raw_vault
- models.jaffle_shop_dbtvault.raw_vault.links
- models.jaffle_shop_dbtvault.raw_vault.hubs
[0m17:38:46.336942 [debug] [MainThread]: Sending event: {'category': 'dbt', 'action': 'load_project', 'label': '2431d1b2-d954-4d11-8f59-84090007e7c0', 'context': [<snowplow_tracker.self_describing_json.SelfDescribingJson object at 0x7f684e4030d0>]}
[0m17:38:46.417157 [debug] [MainThread]: Sending event: {'category': 'dbt', 'action': 'resource_counts', 'label': '2431d1b2-d954-4d11-8f59-84090007e7c0', 'context': [<snowplow_tracker.self_describing_json.SelfDescribingJson object at 0x7f684e2eda00>]}
[0m17:38:46.423574 [info ] [MainThread]: Found 5 models, 0 tests, 0 snapshots, 0 analyses, 658 macros, 0 operations, 3 seed files, 7 sources, 0 exposures, 0 metrics
[0m17:38:46.428544 [debug] [MainThread]: Sending event: {'category': 'dbt', 'action': 'runnable_timing', 'label': '2431d1b2-d954-4d11-8f59-84090007e7c0', 'context': [<snowplow_tracker.self_describing_json.SelfDescribingJson object at 0x7f684fc8e3a0>]}
[0m17:38:46.438997 [info ] [MainThread]: 
[0m17:38:46.450256 [debug] [MainThread]: Acquiring new postgres connection 'master'
[0m17:38:46.458538 [debug] [ThreadPool]: Acquiring new postgres connection 'list_postgres'
[0m17:38:46.512951 [debug] [ThreadPool]: Using postgres connection "list_postgres"
[0m17:38:46.516816 [debug] [ThreadPool]: On list_postgres: /* {"app": "dbt", "dbt_version": "1.4.0", "profile_name": "jaffle_shop", "target_name": "dev", "connection_name": "list_postgres"} */

    select distinct nspname from pg_namespace
  
[0m17:38:46.523550 [debug] [ThreadPool]: Opening a new connection, currently in state init
[0m17:38:46.558998 [debug] [ThreadPool]: SQL status: SELECT 5 in 0 seconds
[0m17:38:46.568859 [debug] [ThreadPool]: On list_postgres: Close
[0m17:38:46.579825 [debug] [ThreadPool]: Acquiring new postgres connection 'list_postgres_dbt'
[0m17:38:46.604208 [debug] [ThreadPool]: Using postgres connection "list_postgres_dbt"
[0m17:38:46.607290 [debug] [ThreadPool]: On list_postgres_dbt: BEGIN
[0m17:38:46.611016 [debug] [ThreadPool]: Opening a new connection, currently in state closed
[0m17:38:46.643853 [debug] [ThreadPool]: SQL status: BEGIN in 0 seconds
[0m17:38:46.646225 [debug] [ThreadPool]: Using postgres connection "list_postgres_dbt"
[0m17:38:46.650166 [debug] [ThreadPool]: On list_postgres_dbt: /* {"app": "dbt", "dbt_version": "1.4.0", "profile_name": "jaffle_shop", "target_name": "dev", "connection_name": "list_postgres_dbt"} */
select
      'postgres' as database,
      tablename as name,
      schemaname as schema,
      'table' as type
    from pg_tables
    where schemaname ilike 'dbt'
    union all
    select
      'postgres' as database,
      viewname as name,
      schemaname as schema,
      'view' as type
    from pg_views
    where schemaname ilike 'dbt'
  
[0m17:38:46.658796 [debug] [ThreadPool]: SQL status: SELECT 6 in 0 seconds
[0m17:38:46.665177 [debug] [ThreadPool]: On list_postgres_dbt: ROLLBACK
[0m17:38:46.672152 [debug] [ThreadPool]: On list_postgres_dbt: Close
[0m17:38:46.693437 [debug] [MainThread]: Using postgres connection "master"
[0m17:38:46.695276 [debug] [MainThread]: On master: BEGIN
[0m17:38:46.699240 [debug] [MainThread]: Opening a new connection, currently in state init
[0m17:38:46.728342 [debug] [MainThread]: SQL status: BEGIN in 0 seconds
[0m17:38:46.731512 [debug] [MainThread]: Using postgres connection "master"
[0m17:38:46.737536 [debug] [MainThread]: On master: /* {"app": "dbt", "dbt_version": "1.4.0", "profile_name": "jaffle_shop", "target_name": "dev", "connection_name": "master"} */
with relation as (
        select
            pg_rewrite.ev_class as class,
            pg_rewrite.oid as id
        from pg_rewrite
    ),
    class as (
        select
            oid as id,
            relname as name,
            relnamespace as schema,
            relkind as kind
        from pg_class
    ),
    dependency as (
        select distinct
            pg_depend.objid as id,
            pg_depend.refobjid as ref
        from pg_depend
    ),
    schema as (
        select
            pg_namespace.oid as id,
            pg_namespace.nspname as name
        from pg_namespace
        where nspname != 'information_schema' and nspname not like 'pg\_%'
    ),
    referenced as (
        select
            relation.id AS id,
            referenced_class.name ,
            referenced_class.schema ,
            referenced_class.kind
        from relation
        join class as referenced_class on relation.class=referenced_class.id
        where referenced_class.kind in ('r', 'v')
    ),
    relationships as (
        select
            referenced.name as referenced_name,
            referenced.schema as referenced_schema_id,
            dependent_class.name as dependent_name,
            dependent_class.schema as dependent_schema_id,
            referenced.kind as kind
        from referenced
        join dependency on referenced.id=dependency.id
        join class as dependent_class on dependency.ref=dependent_class.id
        where
            (referenced.name != dependent_class.name or
             referenced.schema != dependent_class.schema)
    )

    select
        referenced_schema.name as referenced_schema,
        relationships.referenced_name as referenced_name,
        dependent_schema.name as dependent_schema,
        relationships.dependent_name as dependent_name
    from relationships
    join schema as dependent_schema on relationships.dependent_schema_id=dependent_schema.id
    join schema as referenced_schema on relationships.referenced_schema_id=referenced_schema.id
    group by referenced_schema, referenced_name, dependent_schema, dependent_name
    order by referenced_schema, referenced_name, dependent_schema, dependent_name;
[0m17:38:46.752207 [debug] [MainThread]: SQL status: SELECT 5 in 0 seconds
[0m17:38:46.763426 [debug] [MainThread]: Sending event: {'category': 'dbt', 'action': 'runnable_timing', 'label': '2431d1b2-d954-4d11-8f59-84090007e7c0', 'context': [<snowplow_tracker.self_describing_json.SelfDescribingJson object at 0x7f684fc93280>]}
[0m17:38:46.768284 [debug] [MainThread]: On master: ROLLBACK
[0m17:38:46.772505 [debug] [MainThread]: Using postgres connection "master"
[0m17:38:46.774551 [debug] [MainThread]: On master: BEGIN
[0m17:38:46.778951 [debug] [MainThread]: SQL status: BEGIN in 0 seconds
[0m17:38:46.785425 [debug] [MainThread]: On master: COMMIT
[0m17:38:46.787290 [debug] [MainThread]: Using postgres connection "master"
[0m17:38:46.790537 [debug] [MainThread]: On master: COMMIT
[0m17:38:46.794532 [debug] [MainThread]: SQL status: COMMIT in 0 seconds
[0m17:38:46.798406 [debug] [MainThread]: On master: Close
[0m17:38:46.802912 [info ] [MainThread]: Concurrency: 1 threads (target='dev')
[0m17:38:46.810354 [info ] [MainThread]: 
[0m17:38:46.828584 [debug] [Thread-1  ]: Began running node seed.jaffle_shop_dbtvault.source_customers
[0m17:38:46.831238 [info ] [Thread-1  ]: 1 of 3 START seed file dbt.source_customers .................................... [RUN]
[0m17:38:46.842573 [debug] [Thread-1  ]: Acquiring new postgres connection 'seed.jaffle_shop_dbtvault.source_customers'
[0m17:38:46.848602 [debug] [Thread-1  ]: Began compiling node seed.jaffle_shop_dbtvault.source_customers
[0m17:38:46.855575 [debug] [Thread-1  ]: Timing info for seed.jaffle_shop_dbtvault.source_customers (compile): 2026-05-18 17:38:46.854518 => 2026-05-18 17:38:46.854528
[0m17:38:46.860956 [debug] [Thread-1  ]: Began executing node seed.jaffle_shop_dbtvault.source_customers
[0m17:38:46.977345 [debug] [Thread-1  ]: Using postgres connection "seed.jaffle_shop_dbtvault.source_customers"
[0m17:38:46.980394 [debug] [Thread-1  ]: On seed.jaffle_shop_dbtvault.source_customers: BEGIN
[0m17:38:46.984358 [debug] [Thread-1  ]: Opening a new connection, currently in state closed
[0m17:38:47.000972 [debug] [Thread-1  ]: SQL status: BEGIN in 0 seconds
[0m17:38:47.002930 [debug] [Thread-1  ]: Using postgres connection "seed.jaffle_shop_dbtvault.source_customers"
[0m17:38:47.005931 [debug] [Thread-1  ]: On seed.jaffle_shop_dbtvault.source_customers: /* {"app": "dbt", "dbt_version": "1.4.0", "profile_name": "jaffle_shop", "target_name": "dev", "node_id": "seed.jaffle_shop_dbtvault.source_customers"} */
truncate table "postgres"."dbt"."source_customers"
[0m17:38:47.014369 [debug] [Thread-1  ]: SQL status: TRUNCATE TABLE in 0 seconds
[0m17:38:47.322360 [debug] [Thread-1  ]: Using postgres connection "seed.jaffle_shop_dbtvault.source_customers"
[0m17:38:47.324938 [debug] [Thread-1  ]: On seed.jaffle_shop_dbtvault.source_customers: 
          insert into "postgres"."dbt"."source_customers" ("id", "first_name", "last_name", "email") values
          (%s,%s,%s,%s),(%s,%s,%s,%s),(%s,%s,%s,%s),(%s,%s,%s,%s),(%s,%s,%s,%s),(%s,%s,%s,%s),(%s,%s,%s,%s),(%s,%s,%s,%s),(%s,%s,%s,%s),(%s,%s,%s,%s),(%s,%s,%s,%s),(%s,%s,%s,%s),(%s,%s,%s,%s),(%s,%s,%s,%s),(%s,%s,%s,%s),(%s,%s,%s,%s),(%s,%s,%s,%s),(%s,%s,%s,%s),(%s,%s,%s,%s),(%s,%s,%s,%s),(%s,%s,%s,%s),(%s,%s,%s,%s),(%s,%s,%s,%s),(%s,%s,%s,%s),(%s,%s,%s,%s),(%s,%s,%s,%s),(%s,%s,%s,%s),(%s,%s,%s,%s),(...
[0m17:38:47.334303 [debug] [Thread-1  ]: SQL status: INSERT 0 103 in 0 seconds
[0m17:38:47.358266 [debug] [Thread-1  ]: Writing runtime SQL for node "seed.jaffle_shop_dbtvault.source_customers"
[0m17:38:47.420919 [debug] [Thread-1  ]: On seed.jaffle_shop_dbtvault.source_customers: COMMIT
[0m17:38:47.423470 [debug] [Thread-1  ]: Using postgres connection "seed.jaffle_shop_dbtvault.source_customers"
[0m17:38:47.425898 [debug] [Thread-1  ]: On seed.jaffle_shop_dbtvault.source_customers: COMMIT
[0m17:38:47.434214 [debug] [Thread-1  ]: SQL status: COMMIT in 0 seconds
[0m17:38:47.437803 [debug] [Thread-1  ]: Timing info for seed.jaffle_shop_dbtvault.source_customers (execute): 2026-05-18 17:38:46.865575 => 2026-05-18 17:38:47.437586
[0m17:38:47.440862 [debug] [Thread-1  ]: On seed.jaffle_shop_dbtvault.source_customers: Close
[0m17:38:47.444996 [debug] [Thread-1  ]: Sending event: {'category': 'dbt', 'action': 'run_model', 'label': '2431d1b2-d954-4d11-8f59-84090007e7c0', 'context': [<snowplow_tracker.self_describing_json.SelfDescribingJson object at 0x7f684e039550>]}
[0m17:38:47.447434 [info ] [Thread-1  ]: 1 of 3 OK loaded seed file dbt.source_customers ................................ [[32mINSERT 103[0m in 0.60s]
[0m17:38:47.456618 [debug] [Thread-1  ]: Finished running node seed.jaffle_shop_dbtvault.source_customers
[0m17:38:47.461391 [debug] [Thread-1  ]: Began running node seed.jaffle_shop_dbtvault.source_customers_crm
[0m17:38:47.466161 [info ] [Thread-1  ]: 2 of 3 START seed file dbt.source_customers_crm ................................ [RUN]
[0m17:38:47.471494 [debug] [Thread-1  ]: Acquiring new postgres connection 'seed.jaffle_shop_dbtvault.source_customers_crm'
[0m17:38:47.479144 [debug] [Thread-1  ]: Began compiling node seed.jaffle_shop_dbtvault.source_customers_crm
[0m17:38:47.487542 [debug] [Thread-1  ]: Timing info for seed.jaffle_shop_dbtvault.source_customers_crm (compile): 2026-05-18 17:38:47.487362 => 2026-05-18 17:38:47.487373
[0m17:38:47.492219 [debug] [Thread-1  ]: Began executing node seed.jaffle_shop_dbtvault.source_customers_crm
[0m17:38:47.622802 [debug] [Thread-1  ]: Using postgres connection "seed.jaffle_shop_dbtvault.source_customers_crm"
[0m17:38:47.626482 [debug] [Thread-1  ]: On seed.jaffle_shop_dbtvault.source_customers_crm: BEGIN
[0m17:38:47.634537 [debug] [Thread-1  ]: Opening a new connection, currently in state closed
[0m17:38:47.659716 [debug] [Thread-1  ]: SQL status: BEGIN in 0 seconds
[0m17:38:47.662212 [debug] [Thread-1  ]: Using postgres connection "seed.jaffle_shop_dbtvault.source_customers_crm"
[0m17:38:47.666558 [debug] [Thread-1  ]: On seed.jaffle_shop_dbtvault.source_customers_crm: /* {"app": "dbt", "dbt_version": "1.4.0", "profile_name": "jaffle_shop", "target_name": "dev", "node_id": "seed.jaffle_shop_dbtvault.source_customers_crm"} */

    create table "postgres"."dbt"."source_customers_crm" ("email" text,"country" text,"age" integer)
  
[0m17:38:47.684154 [debug] [Thread-1  ]: SQL status: CREATE TABLE in 0 seconds
[0m17:38:47.708084 [debug] [Thread-1  ]: Using postgres connection "seed.jaffle_shop_dbtvault.source_customers_crm"
[0m17:38:47.710342 [debug] [Thread-1  ]: On seed.jaffle_shop_dbtvault.source_customers_crm: 
          insert into "postgres"."dbt"."source_customers_crm" ("email", "country", "age") values
          (%s,%s,%s),(%s,%s,%s),(%s,%s,%s),(%s,%s,%s),(%s,%s,%s),(%s,%s,%s),(%s,%s,%s)
      ...
[0m17:38:47.713162 [debug] [Thread-1  ]: SQL status: INSERT 0 7 in 0 seconds
[0m17:38:47.717294 [debug] [Thread-1  ]: Writing runtime SQL for node "seed.jaffle_shop_dbtvault.source_customers_crm"
[0m17:38:47.739408 [debug] [Thread-1  ]: On seed.jaffle_shop_dbtvault.source_customers_crm: COMMIT
[0m17:38:47.741710 [debug] [Thread-1  ]: Using postgres connection "seed.jaffle_shop_dbtvault.source_customers_crm"
[0m17:38:47.744744 [debug] [Thread-1  ]: On seed.jaffle_shop_dbtvault.source_customers_crm: COMMIT
[0m17:38:47.751559 [debug] [Thread-1  ]: SQL status: COMMIT in 0 seconds
[0m17:38:47.754855 [debug] [Thread-1  ]: Timing info for seed.jaffle_shop_dbtvault.source_customers_crm (execute): 2026-05-18 17:38:47.497889 => 2026-05-18 17:38:47.754409
[0m17:38:47.760154 [debug] [Thread-1  ]: On seed.jaffle_shop_dbtvault.source_customers_crm: Close
[0m17:38:47.765834 [debug] [Thread-1  ]: Sending event: {'category': 'dbt', 'action': 'run_model', 'label': '2431d1b2-d954-4d11-8f59-84090007e7c0', 'context': [<snowplow_tracker.self_describing_json.SelfDescribingJson object at 0x7f684e04a940>]}
[0m17:38:47.770040 [info ] [Thread-1  ]: 2 of 3 OK loaded seed file dbt.source_customers_crm ............................ [[32mINSERT 7[0m in 0.29s]
[0m17:38:47.774354 [debug] [Thread-1  ]: Finished running node seed.jaffle_shop_dbtvault.source_customers_crm
[0m17:38:47.777366 [debug] [Thread-1  ]: Began running node seed.jaffle_shop_dbtvault.source_orders
[0m17:38:47.781346 [info ] [Thread-1  ]: 3 of 3 START seed file dbt.source_orders ....................................... [RUN]
[0m17:38:47.786171 [debug] [Thread-1  ]: Acquiring new postgres connection 'seed.jaffle_shop_dbtvault.source_orders'
[0m17:38:47.788367 [debug] [Thread-1  ]: Began compiling node seed.jaffle_shop_dbtvault.source_orders
[0m17:38:47.794141 [debug] [Thread-1  ]: Timing info for seed.jaffle_shop_dbtvault.source_orders (compile): 2026-05-18 17:38:47.794009 => 2026-05-18 17:38:47.794017
[0m17:38:47.797788 [debug] [Thread-1  ]: Began executing node seed.jaffle_shop_dbtvault.source_orders
[0m17:38:47.839639 [debug] [Thread-1  ]: Using postgres connection "seed.jaffle_shop_dbtvault.source_orders"
[0m17:38:47.842138 [debug] [Thread-1  ]: On seed.jaffle_shop_dbtvault.source_orders: BEGIN
[0m17:38:47.848155 [debug] [Thread-1  ]: Opening a new connection, currently in state closed
[0m17:38:47.877171 [debug] [Thread-1  ]: SQL status: BEGIN in 0 seconds
[0m17:38:47.883460 [debug] [Thread-1  ]: Using postgres connection "seed.jaffle_shop_dbtvault.source_orders"
[0m17:38:47.894165 [debug] [Thread-1  ]: On seed.jaffle_shop_dbtvault.source_orders: /* {"app": "dbt", "dbt_version": "1.4.0", "profile_name": "jaffle_shop", "target_name": "dev", "node_id": "seed.jaffle_shop_dbtvault.source_orders"} */
truncate table "postgres"."dbt"."source_orders"
[0m17:38:47.906877 [debug] [Thread-1  ]: SQL status: TRUNCATE TABLE in 0 seconds
[0m17:38:48.161898 [debug] [Thread-1  ]: Using postgres connection "seed.jaffle_shop_dbtvault.source_orders"
[0m17:38:48.163902 [debug] [Thread-1  ]: On seed.jaffle_shop_dbtvault.source_orders: 
          insert into "postgres"."dbt"."source_orders" ("id", "user_id", "order_date", "status") values
          (%s,%s,%s,%s),(%s,%s,%s,%s),(%s,%s,%s,%s),(%s,%s,%s,%s),(%s,%s,%s,%s),(%s,%s,%s,%s),(%s,%s,%s,%s),(%s,%s,%s,%s),(%s,%s,%s,%s),(%s,%s,%s,%s),(%s,%s,%s,%s),(%s,%s,%s,%s),(%s,%s,%s,%s),(%s,%s,%s,%s),(%s,%s,%s,%s),(%s,%s,%s,%s),(%s,%s,%s,%s),(%s,%s,%s,%s),(%s,%s,%s,%s),(%s,%s,%s,%s),(%s,%s,%s,%s),(%s,%s,%s,%s),(%s,%s,%s,%s),(%s,%s,%s,%s),(%s,%s,%s,%s),(%s,%s,%s,%s),(%s,%s,%s,%s),(%s,%s,%s,%s),(%s,%...
[0m17:38:48.169025 [debug] [Thread-1  ]: SQL status: INSERT 0 99 in 0 seconds
[0m17:38:48.172231 [debug] [Thread-1  ]: Writing runtime SQL for node "seed.jaffle_shop_dbtvault.source_orders"
[0m17:38:48.183498 [debug] [Thread-1  ]: On seed.jaffle_shop_dbtvault.source_orders: COMMIT
[0m17:38:48.185428 [debug] [Thread-1  ]: Using postgres connection "seed.jaffle_shop_dbtvault.source_orders"
[0m17:38:48.189749 [debug] [Thread-1  ]: On seed.jaffle_shop_dbtvault.source_orders: COMMIT
[0m17:38:48.195099 [debug] [Thread-1  ]: SQL status: COMMIT in 0 seconds
[0m17:38:48.198384 [debug] [Thread-1  ]: Timing info for seed.jaffle_shop_dbtvault.source_orders (execute): 2026-05-18 17:38:47.801304 => 2026-05-18 17:38:48.198208
[0m17:38:48.201401 [debug] [Thread-1  ]: On seed.jaffle_shop_dbtvault.source_orders: Close
[0m17:38:48.206625 [debug] [Thread-1  ]: Sending event: {'category': 'dbt', 'action': 'run_model', 'label': '2431d1b2-d954-4d11-8f59-84090007e7c0', 'context': [<snowplow_tracker.self_describing_json.SelfDescribingJson object at 0x7f684e04a520>]}
[0m17:38:48.209079 [info ] [Thread-1  ]: 3 of 3 OK loaded seed file dbt.source_orders ................................... [[32mINSERT 99[0m in 0.42s]
[0m17:38:48.212669 [debug] [Thread-1  ]: Finished running node seed.jaffle_shop_dbtvault.source_orders
[0m17:38:48.219224 [debug] [MainThread]: Acquiring new postgres connection 'master'
[0m17:38:48.221082 [debug] [MainThread]: Using postgres connection "master"
[0m17:38:48.223872 [debug] [MainThread]: On master: BEGIN
[0m17:38:48.226596 [debug] [MainThread]: Opening a new connection, currently in state closed
[0m17:38:48.256679 [debug] [MainThread]: SQL status: BEGIN in 0 seconds
[0m17:38:48.259949 [debug] [MainThread]: On master: COMMIT
[0m17:38:48.265247 [debug] [MainThread]: Using postgres connection "master"
[0m17:38:48.267847 [debug] [MainThread]: On master: COMMIT
[0m17:38:48.271510 [debug] [MainThread]: SQL status: COMMIT in 0 seconds
[0m17:38:48.273135 [debug] [MainThread]: On master: Close
[0m17:38:48.276341 [debug] [MainThread]: Connection 'master' was properly closed.
[0m17:38:48.284750 [debug] [MainThread]: Connection 'seed.jaffle_shop_dbtvault.source_orders' was properly closed.
[0m17:38:48.286309 [info ] [MainThread]: 
[0m17:38:48.292200 [info ] [MainThread]: Finished running 3 seeds in 0 hours 0 minutes and 1.84 seconds (1.84s).
[0m17:38:48.295606 [debug] [MainThread]: Command end result
[0m17:38:48.359814 [info ] [MainThread]: 
[0m17:38:48.365168 [info ] [MainThread]: [32mCompleted successfully[0m
[0m17:38:48.369842 [info ] [MainThread]: 
[0m17:38:48.377861 [info ] [MainThread]: Done. PASS=3 WARN=0 ERROR=0 SKIP=0 TOTAL=3
[0m17:38:48.383372 [debug] [MainThread]: Sending event: {'category': 'dbt', 'action': 'invocation', 'label': 'end', 'context': [<snowplow_tracker.self_describing_json.SelfDescribingJson object at 0x7f684fd229d0>, <snowplow_tracker.self_describing_json.SelfDescribingJson object at 0x7f684e2ed2e0>, <snowplow_tracker.self_describing_json.SelfDescribingJson object at 0x7f684e2edaf0>]}
[0m17:38:48.385247 [debug] [MainThread]: Flushing usage events


============================== 2026-05-18 17:39:00.989637 | 2cd698be-5e9f-40db-b95a-44ec35b81aa7 ==============================
[0m17:39:00.989637 [info ] [MainThread]: Running with dbt=1.4.0
[0m17:39:00.996477 [debug] [MainThread]: running dbt with arguments {'write_json': True, 'use_colors': True, 'printer_width': 80, 'version_check': True, 'partial_parse': True, 'static_parser': True, 'profiles_dir': '/workspace', 'send_anonymous_usage_stats': True, 'quiet': False, 'no_print': False, 'cache_selected_only': False, 'select': ['models/stage'], 'which': 'run', 'rpc_method': 'run', 'indirect_selection': 'eager'}
[0m17:39:01.000119 [debug] [MainThread]: Tracking: tracking
[0m17:39:01.039776 [debug] [MainThread]: Sending event: {'category': 'dbt', 'action': 'invocation', 'label': 'start', 'context': [<snowplow_tracker.self_describing_json.SelfDescribingJson object at 0x7f1ce2962d90>, <snowplow_tracker.self_describing_json.SelfDescribingJson object at 0x7f1ce2962eb0>, <snowplow_tracker.self_describing_json.SelfDescribingJson object at 0x7f1ce2962a90>]}
[0m17:39:01.857288 [debug] [MainThread]: Partial parsing enabled: 0 files deleted, 0 files added, 0 files changed.
[0m17:39:01.859939 [debug] [MainThread]: Partial parsing enabled, no changes found, skipping parsing
[0m17:39:01.865014 [warn ] [MainThread]: [[33mWARNING[0m]: Configuration paths exist in your dbt_project.yml file which do not apply to any resources.
There are 4 unused configuration paths:
- models.jaffle_shop_dbtvault.raw_vault
- models.jaffle_shop_dbtvault.raw_vault.links
- models.jaffle_shop_dbtvault.raw_vault.hubs
- models.jaffle_shop_dbtvault.raw_vault.sats
[0m17:39:01.894186 [debug] [MainThread]: Sending event: {'category': 'dbt', 'action': 'load_project', 'label': '2cd698be-5e9f-40db-b95a-44ec35b81aa7', 'context': [<snowplow_tracker.self_describing_json.SelfDescribingJson object at 0x7f1ce28d20d0>]}
[0m17:39:01.948314 [debug] [MainThread]: Sending event: {'category': 'dbt', 'action': 'resource_counts', 'label': '2cd698be-5e9f-40db-b95a-44ec35b81aa7', 'context': [<snowplow_tracker.self_describing_json.SelfDescribingJson object at 0x7f1ce27b9bb0>]}
[0m17:39:01.952290 [info ] [MainThread]: Found 5 models, 0 tests, 0 snapshots, 0 analyses, 658 macros, 0 operations, 3 seed files, 7 sources, 0 exposures, 0 metrics
[0m17:39:01.956950 [debug] [MainThread]: Sending event: {'category': 'dbt', 'action': 'runnable_timing', 'label': '2cd698be-5e9f-40db-b95a-44ec35b81aa7', 'context': [<snowplow_tracker.self_describing_json.SelfDescribingJson object at 0x7f1ce27b9ac0>]}
[0m17:39:01.970223 [info ] [MainThread]: 
[0m17:39:01.982462 [debug] [MainThread]: Acquiring new postgres connection 'master'
[0m17:39:01.991618 [debug] [ThreadPool]: Acquiring new postgres connection 'list_postgres'
[0m17:39:02.046030 [debug] [ThreadPool]: Using postgres connection "list_postgres"
[0m17:39:02.050687 [debug] [ThreadPool]: On list_postgres: /* {"app": "dbt", "dbt_version": "1.4.0", "profile_name": "jaffle_shop", "target_name": "dev", "connection_name": "list_postgres"} */

    select distinct nspname from pg_namespace
  
[0m17:39:02.060650 [debug] [ThreadPool]: Opening a new connection, currently in state init
[0m17:39:02.094818 [debug] [ThreadPool]: SQL status: SELECT 5 in 0 seconds
[0m17:39:02.102617 [debug] [ThreadPool]: On list_postgres: Close
[0m17:39:02.112470 [debug] [ThreadPool]: Acquiring new postgres connection 'list_postgres_dbt'
[0m17:39:02.132661 [debug] [ThreadPool]: Using postgres connection "list_postgres_dbt"
[0m17:39:02.134951 [debug] [ThreadPool]: On list_postgres_dbt: BEGIN
[0m17:39:02.139481 [debug] [ThreadPool]: Opening a new connection, currently in state closed
[0m17:39:02.160852 [debug] [ThreadPool]: SQL status: BEGIN in 0 seconds
[0m17:39:02.162955 [debug] [ThreadPool]: Using postgres connection "list_postgres_dbt"
[0m17:39:02.169932 [debug] [ThreadPool]: On list_postgres_dbt: /* {"app": "dbt", "dbt_version": "1.4.0", "profile_name": "jaffle_shop", "target_name": "dev", "connection_name": "list_postgres_dbt"} */
select
      'postgres' as database,
      tablename as name,
      schemaname as schema,
      'table' as type
    from pg_tables
    where schemaname ilike 'dbt'
    union all
    select
      'postgres' as database,
      viewname as name,
      schemaname as schema,
      'view' as type
    from pg_views
    where schemaname ilike 'dbt'
  
[0m17:39:02.180423 [debug] [ThreadPool]: SQL status: SELECT 7 in 0 seconds
[0m17:39:02.186451 [debug] [ThreadPool]: On list_postgres_dbt: ROLLBACK
[0m17:39:02.189361 [debug] [ThreadPool]: On list_postgres_dbt: Close
[0m17:39:02.213061 [debug] [MainThread]: Using postgres connection "master"
[0m17:39:02.215376 [debug] [MainThread]: On master: BEGIN
[0m17:39:02.217951 [debug] [MainThread]: Opening a new connection, currently in state init
[0m17:39:02.233565 [debug] [MainThread]: SQL status: BEGIN in 0 seconds
[0m17:39:02.235698 [debug] [MainThread]: Using postgres connection "master"
[0m17:39:02.238517 [debug] [MainThread]: On master: /* {"app": "dbt", "dbt_version": "1.4.0", "profile_name": "jaffle_shop", "target_name": "dev", "connection_name": "master"} */
with relation as (
        select
            pg_rewrite.ev_class as class,
            pg_rewrite.oid as id
        from pg_rewrite
    ),
    class as (
        select
            oid as id,
            relname as name,
            relnamespace as schema,
            relkind as kind
        from pg_class
    ),
    dependency as (
        select distinct
            pg_depend.objid as id,
            pg_depend.refobjid as ref
        from pg_depend
    ),
    schema as (
        select
            pg_namespace.oid as id,
            pg_namespace.nspname as name
        from pg_namespace
        where nspname != 'information_schema' and nspname not like 'pg\_%'
    ),
    referenced as (
        select
            relation.id AS id,
            referenced_class.name ,
            referenced_class.schema ,
            referenced_class.kind
        from relation
        join class as referenced_class on relation.class=referenced_class.id
        where referenced_class.kind in ('r', 'v')
    ),
    relationships as (
        select
            referenced.name as referenced_name,
            referenced.schema as referenced_schema_id,
            dependent_class.name as dependent_name,
            dependent_class.schema as dependent_schema_id,
            referenced.kind as kind
        from referenced
        join dependency on referenced.id=dependency.id
        join class as dependent_class on dependency.ref=dependent_class.id
        where
            (referenced.name != dependent_class.name or
             referenced.schema != dependent_class.schema)
    )

    select
        referenced_schema.name as referenced_schema,
        relationships.referenced_name as referenced_name,
        dependent_schema.name as dependent_schema,
        relationships.dependent_name as dependent_name
    from relationships
    join schema as dependent_schema on relationships.dependent_schema_id=dependent_schema.id
    join schema as referenced_schema on relationships.referenced_schema_id=referenced_schema.id
    group by referenced_schema, referenced_name, dependent_schema, dependent_name
    order by referenced_schema, referenced_name, dependent_schema, dependent_name;
[0m17:39:02.250062 [debug] [MainThread]: SQL status: SELECT 5 in 0 seconds
[0m17:39:02.256870 [debug] [MainThread]: Sending event: {'category': 'dbt', 'action': 'runnable_timing', 'label': '2cd698be-5e9f-40db-b95a-44ec35b81aa7', 'context': [<snowplow_tracker.self_describing_json.SelfDescribingJson object at 0x7f1ce27b98e0>]}
[0m17:39:02.260434 [debug] [MainThread]: On master: ROLLBACK
[0m17:39:02.264226 [debug] [MainThread]: Using postgres connection "master"
[0m17:39:02.266583 [debug] [MainThread]: On master: BEGIN
[0m17:39:02.270900 [debug] [MainThread]: SQL status: BEGIN in 0 seconds
[0m17:39:02.273835 [debug] [MainThread]: On master: COMMIT
[0m17:39:02.276453 [debug] [MainThread]: Using postgres connection "master"
[0m17:39:02.279975 [debug] [MainThread]: On master: COMMIT
[0m17:39:02.284211 [debug] [MainThread]: SQL status: COMMIT in 0 seconds
[0m17:39:02.287065 [debug] [MainThread]: On master: Close
[0m17:39:02.291032 [info ] [MainThread]: Concurrency: 1 threads (target='dev')
[0m17:39:02.293928 [info ] [MainThread]: 
[0m17:39:02.319858 [debug] [Thread-1  ]: Began running node model.jaffle_shop_dbtvault.stg_customers
[0m17:39:02.323822 [info ] [Thread-1  ]: 1 of 5 START sql view model dbt.stg_customers .................................. [RUN]
[0m17:39:02.329584 [debug] [Thread-1  ]: Acquiring new postgres connection 'model.jaffle_shop_dbtvault.stg_customers'
[0m17:39:02.332593 [debug] [Thread-1  ]: Began compiling node model.jaffle_shop_dbtvault.stg_customers
[0m17:39:02.482117 [debug] [Thread-1  ]: Using postgres connection "model.jaffle_shop_dbtvault.stg_customers"
[0m17:39:02.484269 [debug] [Thread-1  ]: On model.jaffle_shop_dbtvault.stg_customers: BEGIN
[0m17:39:02.485710 [debug] [Thread-1  ]: Opening a new connection, currently in state closed
[0m17:39:02.504111 [debug] [Thread-1  ]: SQL status: BEGIN in 0 seconds
[0m17:39:02.506288 [debug] [Thread-1  ]: Using postgres connection "model.jaffle_shop_dbtvault.stg_customers"
[0m17:39:02.509431 [debug] [Thread-1  ]: On model.jaffle_shop_dbtvault.stg_customers: /* {"app": "dbt", "dbt_version": "1.4.0", "profile_name": "jaffle_shop", "target_name": "dev", "node_id": "model.jaffle_shop_dbtvault.stg_customers"} */

      select
          column_name,
          data_type,
          character_maximum_length,
          numeric_precision,
          numeric_scale

      from "postgres".INFORMATION_SCHEMA.columns
      where table_name = 'source_customers'
        
        and table_schema = 'dbt'
        
      order by ordinal_position

  
[0m17:39:02.538786 [debug] [Thread-1  ]: SQL status: SELECT 4 in 0 seconds
[0m17:39:02.706757 [debug] [Thread-1  ]: Using postgres connection "model.jaffle_shop_dbtvault.stg_customers"
[0m17:39:02.709137 [debug] [Thread-1  ]: On model.jaffle_shop_dbtvault.stg_customers: /* {"app": "dbt", "dbt_version": "1.4.0", "profile_name": "jaffle_shop", "target_name": "dev", "node_id": "model.jaffle_shop_dbtvault.stg_customers"} */

      select
          column_name,
          data_type,
          character_maximum_length,
          numeric_precision,
          numeric_scale

      from "postgres".INFORMATION_SCHEMA.columns
      where table_name = 'source_customers'
        
        and table_schema = 'dbt'
        
      order by ordinal_position

  
[0m17:39:02.720920 [debug] [Thread-1  ]: SQL status: SELECT 4 in 0 seconds
[0m17:39:02.886901 [debug] [Thread-1  ]: Writing injected SQL for node "model.jaffle_shop_dbtvault.stg_customers"
[0m17:39:02.893325 [debug] [Thread-1  ]: Timing info for model.jaffle_shop_dbtvault.stg_customers (compile): 2026-05-18 17:39:02.335082 => 2026-05-18 17:39:02.893143
[0m17:39:02.895941 [debug] [Thread-1  ]: Began executing node model.jaffle_shop_dbtvault.stg_customers
[0m17:39:03.001765 [debug] [Thread-1  ]: Writing runtime sql for node "model.jaffle_shop_dbtvault.stg_customers"
[0m17:39:03.008230 [debug] [Thread-1  ]: Using postgres connection "model.jaffle_shop_dbtvault.stg_customers"
[0m17:39:03.011032 [debug] [Thread-1  ]: On model.jaffle_shop_dbtvault.stg_customers: /* {"app": "dbt", "dbt_version": "1.4.0", "profile_name": "jaffle_shop", "target_name": "dev", "node_id": "model.jaffle_shop_dbtvault.stg_customers"} */

  create view "postgres"."dbt"."stg_customers__dbt_tmp" as (
    





with staging as (
    -- Generated by AutomateDV (formerly known as dbtvault)

    

WITH source_data AS (

    SELECT

    id,
    first_name,
    last_name,
    email

    FROM "postgres"."dbt"."source_customers"
),

derived_columns AS (

    SELECT

    id,
    first_name,
    last_name,
    email,
    email AS CUSTOMER_KEY,
    'CSV_CUSTOMERS'::TEXT AS RECORD_SOURCE

    FROM source_data
),

hashed_columns AS (

    SELECT

    id,
    first_name,
    last_name,
    email,
    CUSTOMER_KEY,
    RECORD_SOURCE,

    DECODE(MD5(NULLIF(UPPER(TRIM(CAST(email AS VARCHAR))), '')), 'hex') AS CUSTOMER_PK,

    DECODE(MD5(CONCAT(
        COALESCE(NULLIF(UPPER(TRIM(CAST(first_name AS VARCHAR))), ''), '^^'), '||',
        COALESCE(NULLIF(UPPER(TRIM(CAST(id AS VARCHAR))), ''), '^^'), '||',
        COALESCE(NULLIF(UPPER(TRIM(CAST(last_name AS VARCHAR))), ''), '^^')
    )), 'hex') AS CUSTOMER_HASHDIFF

    FROM derived_columns
),

columns_to_select AS (

    SELECT

    id,
    first_name,
    last_name,
    email,
    CUSTOMER_KEY,
    RECORD_SOURCE,
    CUSTOMER_PK,
    CUSTOMER_HASHDIFF

    FROM hashed_columns
)

SELECT * FROM columns_to_select
)

select *, current_timestamp as LOAD_DATE,
    current_timestamp AS EFFECTIVE_FROM from staging
  );
[0m17:39:03.019531 [debug] [Thread-1  ]: SQL status: CREATE VIEW in 0 seconds
[0m17:39:03.042818 [debug] [Thread-1  ]: Using postgres connection "model.jaffle_shop_dbtvault.stg_customers"
[0m17:39:03.044959 [debug] [Thread-1  ]: On model.jaffle_shop_dbtvault.stg_customers: /* {"app": "dbt", "dbt_version": "1.4.0", "profile_name": "jaffle_shop", "target_name": "dev", "node_id": "model.jaffle_shop_dbtvault.stg_customers"} */
alter table "postgres"."dbt"."stg_customers" rename to "stg_customers__dbt_backup"
[0m17:39:03.049489 [debug] [Thread-1  ]: SQL status: ALTER TABLE in 0 seconds
[0m17:39:03.062424 [debug] [Thread-1  ]: Using postgres connection "model.jaffle_shop_dbtvault.stg_customers"
[0m17:39:03.064448 [debug] [Thread-1  ]: On model.jaffle_shop_dbtvault.stg_customers: /* {"app": "dbt", "dbt_version": "1.4.0", "profile_name": "jaffle_shop", "target_name": "dev", "node_id": "model.jaffle_shop_dbtvault.stg_customers"} */
alter table "postgres"."dbt"."stg_customers__dbt_tmp" rename to "stg_customers"
[0m17:39:03.069410 [debug] [Thread-1  ]: SQL status: ALTER TABLE in 0 seconds
[0m17:39:03.124334 [debug] [Thread-1  ]: On model.jaffle_shop_dbtvault.stg_customers: COMMIT
[0m17:39:03.126760 [debug] [Thread-1  ]: Using postgres connection "model.jaffle_shop_dbtvault.stg_customers"
[0m17:39:03.130666 [debug] [Thread-1  ]: On model.jaffle_shop_dbtvault.stg_customers: COMMIT
[0m17:39:03.139500 [debug] [Thread-1  ]: SQL status: COMMIT in 0 seconds
[0m17:39:03.159436 [debug] [Thread-1  ]: Using postgres connection "model.jaffle_shop_dbtvault.stg_customers"
[0m17:39:03.161656 [debug] [Thread-1  ]: On model.jaffle_shop_dbtvault.stg_customers: /* {"app": "dbt", "dbt_version": "1.4.0", "profile_name": "jaffle_shop", "target_name": "dev", "node_id": "model.jaffle_shop_dbtvault.stg_customers"} */
drop view if exists "postgres"."dbt"."stg_customers__dbt_backup" cascade
[0m17:39:03.172521 [debug] [Thread-1  ]: SQL status: DROP VIEW in 0 seconds
[0m17:39:03.179468 [debug] [Thread-1  ]: Timing info for model.jaffle_shop_dbtvault.stg_customers (execute): 2026-05-18 17:39:02.897474 => 2026-05-18 17:39:03.179236
[0m17:39:03.181745 [debug] [Thread-1  ]: On model.jaffle_shop_dbtvault.stg_customers: Close
[0m17:39:03.187216 [debug] [Thread-1  ]: Sending event: {'category': 'dbt', 'action': 'run_model', 'label': '2cd698be-5e9f-40db-b95a-44ec35b81aa7', 'context': [<snowplow_tracker.self_describing_json.SelfDescribingJson object at 0x7f1ce2855d90>]}
[0m17:39:03.190391 [info ] [Thread-1  ]: 1 of 5 OK created sql view model dbt.stg_customers ............................. [[32mCREATE VIEW[0m in 0.86s]
[0m17:39:03.197374 [debug] [Thread-1  ]: Finished running node model.jaffle_shop_dbtvault.stg_customers
[0m17:39:03.202143 [debug] [Thread-1  ]: Began running node model.jaffle_shop_dbtvault.stg_customers_crm
[0m17:39:03.206253 [info ] [Thread-1  ]: 2 of 5 START sql view model dbt.stg_customers_crm .............................. [RUN]
[0m17:39:03.229299 [debug] [Thread-1  ]: Acquiring new postgres connection 'model.jaffle_shop_dbtvault.stg_customers_crm'
[0m17:39:03.234996 [debug] [Thread-1  ]: Began compiling node model.jaffle_shop_dbtvault.stg_customers_crm
[0m17:39:03.271749 [debug] [Thread-1  ]: Using postgres connection "model.jaffle_shop_dbtvault.stg_customers_crm"
[0m17:39:03.274335 [debug] [Thread-1  ]: On model.jaffle_shop_dbtvault.stg_customers_crm: BEGIN
[0m17:39:03.276999 [debug] [Thread-1  ]: Opening a new connection, currently in state closed
[0m17:39:03.317107 [debug] [Thread-1  ]: SQL status: BEGIN in 0 seconds
[0m17:39:03.323858 [debug] [Thread-1  ]: Using postgres connection "model.jaffle_shop_dbtvault.stg_customers_crm"
[0m17:39:03.330729 [debug] [Thread-1  ]: On model.jaffle_shop_dbtvault.stg_customers_crm: /* {"app": "dbt", "dbt_version": "1.4.0", "profile_name": "jaffle_shop", "target_name": "dev", "node_id": "model.jaffle_shop_dbtvault.stg_customers_crm"} */

      select
          column_name,
          data_type,
          character_maximum_length,
          numeric_precision,
          numeric_scale

      from "postgres".INFORMATION_SCHEMA.columns
      where table_name = 'source_customers_crm'
        
        and table_schema = 'dbt'
        
      order by ordinal_position

  
[0m17:39:03.361882 [debug] [Thread-1  ]: SQL status: SELECT 3 in 0 seconds
[0m17:39:03.390703 [debug] [Thread-1  ]: Using postgres connection "model.jaffle_shop_dbtvault.stg_customers_crm"
[0m17:39:03.392635 [debug] [Thread-1  ]: On model.jaffle_shop_dbtvault.stg_customers_crm: /* {"app": "dbt", "dbt_version": "1.4.0", "profile_name": "jaffle_shop", "target_name": "dev", "node_id": "model.jaffle_shop_dbtvault.stg_customers_crm"} */

      select
          column_name,
          data_type,
          character_maximum_length,
          numeric_precision,
          numeric_scale

      from "postgres".INFORMATION_SCHEMA.columns
      where table_name = 'source_customers_crm'
        
        and table_schema = 'dbt'
        
      order by ordinal_position

  
[0m17:39:03.401736 [debug] [Thread-1  ]: SQL status: SELECT 3 in 0 seconds
[0m17:39:03.425804 [debug] [Thread-1  ]: Writing injected SQL for node "model.jaffle_shop_dbtvault.stg_customers_crm"
[0m17:39:03.430974 [debug] [Thread-1  ]: Timing info for model.jaffle_shop_dbtvault.stg_customers_crm (compile): 2026-05-18 17:39:03.237739 => 2026-05-18 17:39:03.430825
[0m17:39:03.432901 [debug] [Thread-1  ]: Began executing node model.jaffle_shop_dbtvault.stg_customers_crm
[0m17:39:03.445435 [debug] [Thread-1  ]: Writing runtime sql for node "model.jaffle_shop_dbtvault.stg_customers_crm"
[0m17:39:03.450720 [debug] [Thread-1  ]: Using postgres connection "model.jaffle_shop_dbtvault.stg_customers_crm"
[0m17:39:03.452332 [debug] [Thread-1  ]: On model.jaffle_shop_dbtvault.stg_customers_crm: /* {"app": "dbt", "dbt_version": "1.4.0", "profile_name": "jaffle_shop", "target_name": "dev", "node_id": "model.jaffle_shop_dbtvault.stg_customers_crm"} */

  create view "postgres"."dbt"."stg_customers_crm__dbt_tmp" as (
    





with staging as (
    -- Generated by AutomateDV (formerly known as dbtvault)

    

WITH source_data AS (

    SELECT

    email,
    country,
    age

    FROM "postgres"."dbt"."source_customers_crm"
),

derived_columns AS (

    SELECT

    email,
    country,
    age,
    email AS CUSTOMER_KEY,
    'CSV_CUSTOMERS'::TEXT AS RECORD_SOURCE

    FROM source_data
),

hashed_columns AS (

    SELECT

    email,
    country,
    age,
    CUSTOMER_KEY,
    RECORD_SOURCE,

    DECODE(MD5(NULLIF(UPPER(TRIM(CAST(email AS VARCHAR))), '')), 'hex') AS CUSTOMER_PK,

    DECODE(MD5(CONCAT(
        COALESCE(NULLIF(UPPER(TRIM(CAST(age AS VARCHAR))), ''), '^^'), '||',
        COALESCE(NULLIF(UPPER(TRIM(CAST(country AS VARCHAR))), ''), '^^')
    )), 'hex') AS CUSTOMER_HASHDIFF

    FROM derived_columns
),

columns_to_select AS (

    SELECT

    email,
    country,
    age,
    CUSTOMER_KEY,
    RECORD_SOURCE,
    CUSTOMER_PK,
    CUSTOMER_HASHDIFF

    FROM hashed_columns
)

SELECT * FROM columns_to_select
)

select *, current_timestamp as LOAD_DATE,
    current_timestamp AS EFFECTIVE_FROM from staging
  );
[0m17:39:03.458495 [debug] [Thread-1  ]: SQL status: CREATE VIEW in 0 seconds
[0m17:39:03.468889 [debug] [Thread-1  ]: Using postgres connection "model.jaffle_shop_dbtvault.stg_customers_crm"
[0m17:39:03.470721 [debug] [Thread-1  ]: On model.jaffle_shop_dbtvault.stg_customers_crm: /* {"app": "dbt", "dbt_version": "1.4.0", "profile_name": "jaffle_shop", "target_name": "dev", "node_id": "model.jaffle_shop_dbtvault.stg_customers_crm"} */
alter table "postgres"."dbt"."stg_customers_crm__dbt_tmp" rename to "stg_customers_crm"
[0m17:39:03.474815 [debug] [Thread-1  ]: SQL status: ALTER TABLE in 0 seconds
[0m17:39:03.480422 [debug] [Thread-1  ]: On model.jaffle_shop_dbtvault.stg_customers_crm: COMMIT
[0m17:39:03.482230 [debug] [Thread-1  ]: Using postgres connection "model.jaffle_shop_dbtvault.stg_customers_crm"
[0m17:39:03.485347 [debug] [Thread-1  ]: On model.jaffle_shop_dbtvault.stg_customers_crm: COMMIT
[0m17:39:03.490817 [debug] [Thread-1  ]: SQL status: COMMIT in 0 seconds
[0m17:39:03.498911 [debug] [Thread-1  ]: Using postgres connection "model.jaffle_shop_dbtvault.stg_customers_crm"
[0m17:39:03.500515 [debug] [Thread-1  ]: On model.jaffle_shop_dbtvault.stg_customers_crm: /* {"app": "dbt", "dbt_version": "1.4.0", "profile_name": "jaffle_shop", "target_name": "dev", "node_id": "model.jaffle_shop_dbtvault.stg_customers_crm"} */
drop view if exists "postgres"."dbt"."stg_customers_crm__dbt_backup" cascade
[0m17:39:03.503952 [debug] [Thread-1  ]: SQL status: DROP VIEW in 0 seconds
[0m17:39:03.508008 [debug] [Thread-1  ]: Timing info for model.jaffle_shop_dbtvault.stg_customers_crm (execute): 2026-05-18 17:39:03.434398 => 2026-05-18 17:39:03.507841
[0m17:39:03.510474 [debug] [Thread-1  ]: On model.jaffle_shop_dbtvault.stg_customers_crm: Close
[0m17:39:03.514318 [debug] [Thread-1  ]: Sending event: {'category': 'dbt', 'action': 'run_model', 'label': '2cd698be-5e9f-40db-b95a-44ec35b81aa7', 'context': [<snowplow_tracker.self_describing_json.SelfDescribingJson object at 0x7f1ce2855fd0>]}
[0m17:39:03.516447 [info ] [Thread-1  ]: 2 of 5 OK created sql view model dbt.stg_customers_crm ......................... [[32mCREATE VIEW[0m in 0.29s]
[0m17:39:03.520895 [debug] [Thread-1  ]: Finished running node model.jaffle_shop_dbtvault.stg_customers_crm
[0m17:39:03.523541 [debug] [Thread-1  ]: Began running node model.jaffle_shop_dbtvault.stg_orders
[0m17:39:03.526817 [info ] [Thread-1  ]: 3 of 5 START sql view model dbt.stg_orders ..................................... [RUN]
[0m17:39:03.539341 [debug] [Thread-1  ]: Acquiring new postgres connection 'model.jaffle_shop_dbtvault.stg_orders'
[0m17:39:03.547009 [debug] [Thread-1  ]: Began compiling node model.jaffle_shop_dbtvault.stg_orders
[0m17:39:03.616081 [debug] [Thread-1  ]: Using postgres connection "model.jaffle_shop_dbtvault.stg_orders"
[0m17:39:03.626024 [debug] [Thread-1  ]: On model.jaffle_shop_dbtvault.stg_orders: BEGIN
[0m17:39:03.633085 [debug] [Thread-1  ]: Opening a new connection, currently in state closed
[0m17:39:03.684996 [debug] [Thread-1  ]: SQL status: BEGIN in 0 seconds
[0m17:39:03.690599 [debug] [Thread-1  ]: Using postgres connection "model.jaffle_shop_dbtvault.stg_orders"
[0m17:39:03.698007 [debug] [Thread-1  ]: On model.jaffle_shop_dbtvault.stg_orders: /* {"app": "dbt", "dbt_version": "1.4.0", "profile_name": "jaffle_shop", "target_name": "dev", "node_id": "model.jaffle_shop_dbtvault.stg_orders"} */

      select
          column_name,
          data_type,
          character_maximum_length,
          numeric_precision,
          numeric_scale

      from "postgres".INFORMATION_SCHEMA.columns
      where table_name = 'source_orders'
        
        and table_schema = 'dbt'
        
      order by ordinal_position

  
[0m17:39:03.730523 [debug] [Thread-1  ]: SQL status: SELECT 4 in 0 seconds
[0m17:39:03.759554 [debug] [Thread-1  ]: Using postgres connection "model.jaffle_shop_dbtvault.stg_orders"
[0m17:39:03.763036 [debug] [Thread-1  ]: On model.jaffle_shop_dbtvault.stg_orders: /* {"app": "dbt", "dbt_version": "1.4.0", "profile_name": "jaffle_shop", "target_name": "dev", "node_id": "model.jaffle_shop_dbtvault.stg_orders"} */

      select
          column_name,
          data_type,
          character_maximum_length,
          numeric_precision,
          numeric_scale

      from "postgres".INFORMATION_SCHEMA.columns
      where table_name = 'source_orders'
        
        and table_schema = 'dbt'
        
      order by ordinal_position

  
[0m17:39:03.774716 [debug] [Thread-1  ]: SQL status: SELECT 4 in 0 seconds
[0m17:39:03.803026 [debug] [Thread-1  ]: Writing injected SQL for node "model.jaffle_shop_dbtvault.stg_orders"
[0m17:39:03.808509 [debug] [Thread-1  ]: Timing info for model.jaffle_shop_dbtvault.stg_orders (compile): 2026-05-18 17:39:03.551293 => 2026-05-18 17:39:03.808353
[0m17:39:03.811599 [debug] [Thread-1  ]: Began executing node model.jaffle_shop_dbtvault.stg_orders
[0m17:39:03.826595 [debug] [Thread-1  ]: Writing runtime sql for node "model.jaffle_shop_dbtvault.stg_orders"
[0m17:39:03.832441 [debug] [Thread-1  ]: Using postgres connection "model.jaffle_shop_dbtvault.stg_orders"
[0m17:39:03.834650 [debug] [Thread-1  ]: On model.jaffle_shop_dbtvault.stg_orders: /* {"app": "dbt", "dbt_version": "1.4.0", "profile_name": "jaffle_shop", "target_name": "dev", "node_id": "model.jaffle_shop_dbtvault.stg_orders"} */

  create view "postgres"."dbt"."stg_orders__dbt_tmp" as (
    








WITH staging AS (
-- Generated by AutomateDV (formerly known as dbtvault)

    

WITH source_data AS (

    SELECT

    id,
    user_id,
    order_date,
    status

    FROM "postgres"."dbt"."source_orders"
),

derived_columns AS (

    SELECT

    id,
    user_id,
    order_date,
    status,
    id AS ORDER_KEY,
    'CSV_ORDERS'::TEXT AS RECORD_SOURCE

    FROM source_data
),

hashed_columns AS (

    SELECT

    id,
    user_id,
    order_date,
    status,
    ORDER_KEY,
    RECORD_SOURCE,

    DECODE(MD5(NULLIF(UPPER(TRIM(CAST(id AS VARCHAR))), '')), 'hex') AS ORDER_PK,

    DECODE(MD5(CONCAT(
        COALESCE(NULLIF(UPPER(TRIM(CAST(order_date AS VARCHAR))), ''), '^^'), '||',
        COALESCE(NULLIF(UPPER(TRIM(CAST(status AS VARCHAR))), ''), '^^')
    )), 'hex') AS ORDER_HASHDIFF

    FROM derived_columns
),

columns_to_select AS (

    SELECT

    id,
    user_id,
    order_date,
    status,
    ORDER_KEY,
    RECORD_SOURCE,
    ORDER_PK,
    ORDER_HASHDIFF

    FROM hashed_columns
)

SELECT * FROM columns_to_select
)

SELECT *,
    current_timestamp AS LOAD_DATE,
    current_timestamp AS EFFECTIVE_FROM
FROM staging
  );
[0m17:39:03.841824 [debug] [Thread-1  ]: SQL status: CREATE VIEW in 0 seconds
[0m17:39:03.851579 [debug] [Thread-1  ]: Using postgres connection "model.jaffle_shop_dbtvault.stg_orders"
[0m17:39:03.853272 [debug] [Thread-1  ]: On model.jaffle_shop_dbtvault.stg_orders: /* {"app": "dbt", "dbt_version": "1.4.0", "profile_name": "jaffle_shop", "target_name": "dev", "node_id": "model.jaffle_shop_dbtvault.stg_orders"} */
alter table "postgres"."dbt"."stg_orders" rename to "stg_orders__dbt_backup"
[0m17:39:03.857493 [debug] [Thread-1  ]: SQL status: ALTER TABLE in 0 seconds
[0m17:39:03.868544 [debug] [Thread-1  ]: Using postgres connection "model.jaffle_shop_dbtvault.stg_orders"
[0m17:39:03.870291 [debug] [Thread-1  ]: On model.jaffle_shop_dbtvault.stg_orders: /* {"app": "dbt", "dbt_version": "1.4.0", "profile_name": "jaffle_shop", "target_name": "dev", "node_id": "model.jaffle_shop_dbtvault.stg_orders"} */
alter table "postgres"."dbt"."stg_orders__dbt_tmp" rename to "stg_orders"
[0m17:39:03.874196 [debug] [Thread-1  ]: SQL status: ALTER TABLE in 0 seconds
[0m17:39:03.881135 [debug] [Thread-1  ]: On model.jaffle_shop_dbtvault.stg_orders: COMMIT
[0m17:39:03.883269 [debug] [Thread-1  ]: Using postgres connection "model.jaffle_shop_dbtvault.stg_orders"
[0m17:39:03.885916 [debug] [Thread-1  ]: On model.jaffle_shop_dbtvault.stg_orders: COMMIT
[0m17:39:03.892802 [debug] [Thread-1  ]: SQL status: COMMIT in 0 seconds
[0m17:39:03.902664 [debug] [Thread-1  ]: Using postgres connection "model.jaffle_shop_dbtvault.stg_orders"
[0m17:39:03.904610 [debug] [Thread-1  ]: On model.jaffle_shop_dbtvault.stg_orders: /* {"app": "dbt", "dbt_version": "1.4.0", "profile_name": "jaffle_shop", "target_name": "dev", "node_id": "model.jaffle_shop_dbtvault.stg_orders"} */
drop view if exists "postgres"."dbt"."stg_orders__dbt_backup" cascade
[0m17:39:03.911022 [debug] [Thread-1  ]: SQL status: DROP VIEW in 0 seconds
[0m17:39:03.915239 [debug] [Thread-1  ]: Timing info for model.jaffle_shop_dbtvault.stg_orders (execute): 2026-05-18 17:39:03.814525 => 2026-05-18 17:39:03.915136
[0m17:39:03.916892 [debug] [Thread-1  ]: On model.jaffle_shop_dbtvault.stg_orders: Close
[0m17:39:03.920788 [debug] [Thread-1  ]: Sending event: {'category': 'dbt', 'action': 'run_model', 'label': '2cd698be-5e9f-40db-b95a-44ec35b81aa7', 'context': [<snowplow_tracker.self_describing_json.SelfDescribingJson object at 0x7f1ce2855c10>]}
[0m17:39:03.925835 [info ] [Thread-1  ]: 3 of 5 OK created sql view model dbt.stg_orders ................................ [[32mCREATE VIEW[0m in 0.38s]
[0m17:39:03.927389 [debug] [Thread-1  ]: Finished running node model.jaffle_shop_dbtvault.stg_orders
[0m17:39:03.934658 [debug] [Thread-1  ]: Began running node model.jaffle_shop_dbtvault.stg_customer_order
[0m17:39:03.936725 [info ] [Thread-1  ]: 4 of 5 START sql view model dbt.stg_customer_order ............................. [RUN]
[0m17:39:03.941711 [debug] [Thread-1  ]: Acquiring new postgres connection 'model.jaffle_shop_dbtvault.stg_customer_order'
[0m17:39:03.944158 [debug] [Thread-1  ]: Began compiling node model.jaffle_shop_dbtvault.stg_customer_order
[0m17:39:03.970785 [debug] [Thread-1  ]: Writing injected SQL for node "model.jaffle_shop_dbtvault.stg_customer_order"
[0m17:39:03.980265 [debug] [Thread-1  ]: Timing info for model.jaffle_shop_dbtvault.stg_customer_order (compile): 2026-05-18 17:39:03.947815 => 2026-05-18 17:39:03.980084
[0m17:39:03.984404 [debug] [Thread-1  ]: Began executing node model.jaffle_shop_dbtvault.stg_customer_order
[0m17:39:04.008321 [debug] [Thread-1  ]: Writing runtime sql for node "model.jaffle_shop_dbtvault.stg_customer_order"
[0m17:39:04.022808 [debug] [Thread-1  ]: Using postgres connection "model.jaffle_shop_dbtvault.stg_customer_order"
[0m17:39:04.028240 [debug] [Thread-1  ]: On model.jaffle_shop_dbtvault.stg_customer_order: BEGIN
[0m17:39:04.037056 [debug] [Thread-1  ]: Opening a new connection, currently in state closed
[0m17:39:04.070836 [debug] [Thread-1  ]: SQL status: BEGIN in 0 seconds
[0m17:39:04.078910 [debug] [Thread-1  ]: Using postgres connection "model.jaffle_shop_dbtvault.stg_customer_order"
[0m17:39:04.081181 [debug] [Thread-1  ]: On model.jaffle_shop_dbtvault.stg_customer_order: /* {"app": "dbt", "dbt_version": "1.4.0", "profile_name": "jaffle_shop", "target_name": "dev", "node_id": "model.jaffle_shop_dbtvault.stg_customer_order"} */

  create view "postgres"."dbt"."stg_customer_order__dbt_tmp" as (
    with stg_orders as (
    select ORDER_KEY, ORDER_PK, user_id from "postgres"."dbt"."stg_orders"
),

stg_customers as (
    select id, CUSTOMER_KEY, CUSTOMER_PK from "postgres"."dbt"."stg_customers"
)

select  ORDER_KEY, CUSTOMER_KEY, CUSTOMER_PK, ORDER_PK from stg_orders so
JOIN stg_customers sc ON sc.id = so.user_id
  );
[0m17:39:04.089999 [debug] [Thread-1  ]: SQL status: CREATE VIEW in 0 seconds
[0m17:39:04.101199 [debug] [Thread-1  ]: Using postgres connection "model.jaffle_shop_dbtvault.stg_customer_order"
[0m17:39:04.102826 [debug] [Thread-1  ]: On model.jaffle_shop_dbtvault.stg_customer_order: /* {"app": "dbt", "dbt_version": "1.4.0", "profile_name": "jaffle_shop", "target_name": "dev", "node_id": "model.jaffle_shop_dbtvault.stg_customer_order"} */
alter table "postgres"."dbt"."stg_customer_order__dbt_tmp" rename to "stg_customer_order"
[0m17:39:04.106782 [debug] [Thread-1  ]: SQL status: ALTER TABLE in 0 seconds
[0m17:39:04.113328 [debug] [Thread-1  ]: On model.jaffle_shop_dbtvault.stg_customer_order: COMMIT
[0m17:39:04.116558 [debug] [Thread-1  ]: Using postgres connection "model.jaffle_shop_dbtvault.stg_customer_order"
[0m17:39:04.119111 [debug] [Thread-1  ]: On model.jaffle_shop_dbtvault.stg_customer_order: COMMIT
[0m17:39:04.124116 [debug] [Thread-1  ]: SQL status: COMMIT in 0 seconds
[0m17:39:04.135175 [debug] [Thread-1  ]: Using postgres connection "model.jaffle_shop_dbtvault.stg_customer_order"
[0m17:39:04.137714 [debug] [Thread-1  ]: On model.jaffle_shop_dbtvault.stg_customer_order: /* {"app": "dbt", "dbt_version": "1.4.0", "profile_name": "jaffle_shop", "target_name": "dev", "node_id": "model.jaffle_shop_dbtvault.stg_customer_order"} */
drop view if exists "postgres"."dbt"."stg_customer_order__dbt_backup" cascade
[0m17:39:04.140917 [debug] [Thread-1  ]: SQL status: DROP VIEW in 0 seconds
[0m17:39:04.146138 [debug] [Thread-1  ]: Timing info for model.jaffle_shop_dbtvault.stg_customer_order (execute): 2026-05-18 17:39:03.989267 => 2026-05-18 17:39:04.145961
[0m17:39:04.148072 [debug] [Thread-1  ]: On model.jaffle_shop_dbtvault.stg_customer_order: Close
[0m17:39:04.153075 [debug] [Thread-1  ]: Sending event: {'category': 'dbt', 'action': 'run_model', 'label': '2cd698be-5e9f-40db-b95a-44ec35b81aa7', 'context': [<snowplow_tracker.self_describing_json.SelfDescribingJson object at 0x7f1ce03e57f0>]}
[0m17:39:04.157743 [info ] [Thread-1  ]: 4 of 5 OK created sql view model dbt.stg_customer_order ........................ [[32mCREATE VIEW[0m in 0.21s]
[0m17:39:04.160875 [debug] [Thread-1  ]: Finished running node model.jaffle_shop_dbtvault.stg_customer_order
[0m17:39:04.165324 [debug] [Thread-1  ]: Began running node model.jaffle_shop_dbtvault.stg_link_customer_order
[0m17:39:04.167581 [info ] [Thread-1  ]: 5 of 5 START sql view model dbt.stg_link_customer_order ........................ [RUN]
[0m17:39:04.172995 [debug] [Thread-1  ]: Acquiring new postgres connection 'model.jaffle_shop_dbtvault.stg_link_customer_order'
[0m17:39:04.178222 [debug] [Thread-1  ]: Began compiling node model.jaffle_shop_dbtvault.stg_link_customer_order
[0m17:39:04.214769 [debug] [Thread-1  ]: Using postgres connection "model.jaffle_shop_dbtvault.stg_link_customer_order"
[0m17:39:04.217767 [debug] [Thread-1  ]: On model.jaffle_shop_dbtvault.stg_link_customer_order: BEGIN
[0m17:39:04.220429 [debug] [Thread-1  ]: Opening a new connection, currently in state closed
[0m17:39:04.244636 [debug] [Thread-1  ]: SQL status: BEGIN in 0 seconds
[0m17:39:04.250503 [debug] [Thread-1  ]: Using postgres connection "model.jaffle_shop_dbtvault.stg_link_customer_order"
[0m17:39:04.258281 [debug] [Thread-1  ]: On model.jaffle_shop_dbtvault.stg_link_customer_order: /* {"app": "dbt", "dbt_version": "1.4.0", "profile_name": "jaffle_shop", "target_name": "dev", "node_id": "model.jaffle_shop_dbtvault.stg_link_customer_order"} */

      select
          column_name,
          data_type,
          character_maximum_length,
          numeric_precision,
          numeric_scale

      from "postgres".INFORMATION_SCHEMA.columns
      where table_name = 'stg_customer_order'
        
        and table_schema = 'dbt'
        
      order by ordinal_position

  
[0m17:39:04.301199 [debug] [Thread-1  ]: SQL status: SELECT 4 in 0 seconds
[0m17:39:04.339414 [debug] [Thread-1  ]: Using postgres connection "model.jaffle_shop_dbtvault.stg_link_customer_order"
[0m17:39:04.342475 [debug] [Thread-1  ]: On model.jaffle_shop_dbtvault.stg_link_customer_order: /* {"app": "dbt", "dbt_version": "1.4.0", "profile_name": "jaffle_shop", "target_name": "dev", "node_id": "model.jaffle_shop_dbtvault.stg_link_customer_order"} */

      select
          column_name,
          data_type,
          character_maximum_length,
          numeric_precision,
          numeric_scale

      from "postgres".INFORMATION_SCHEMA.columns
      where table_name = 'stg_customer_order'
        
        and table_schema = 'dbt'
        
      order by ordinal_position

  
[0m17:39:04.355448 [debug] [Thread-1  ]: SQL status: SELECT 4 in 0 seconds
[0m17:39:04.383284 [debug] [Thread-1  ]: Writing injected SQL for node "model.jaffle_shop_dbtvault.stg_link_customer_order"
[0m17:39:04.392975 [debug] [Thread-1  ]: Timing info for model.jaffle_shop_dbtvault.stg_link_customer_order (compile): 2026-05-18 17:39:04.181464 => 2026-05-18 17:39:04.392563
[0m17:39:04.396380 [debug] [Thread-1  ]: Began executing node model.jaffle_shop_dbtvault.stg_link_customer_order
[0m17:39:04.498107 [debug] [Thread-1  ]: Writing runtime sql for node "model.jaffle_shop_dbtvault.stg_link_customer_order"
[0m17:39:04.503077 [debug] [Thread-1  ]: Using postgres connection "model.jaffle_shop_dbtvault.stg_link_customer_order"
[0m17:39:04.505051 [debug] [Thread-1  ]: On model.jaffle_shop_dbtvault.stg_link_customer_order: /* {"app": "dbt", "dbt_version": "1.4.0", "profile_name": "jaffle_shop", "target_name": "dev", "node_id": "model.jaffle_shop_dbtvault.stg_link_customer_order"} */

  create view "postgres"."dbt"."stg_link_customer_order__dbt_tmp" as (
    





with staging as (
    -- Generated by AutomateDV (formerly known as dbtvault)

    

WITH source_data AS (

    SELECT

    order_key,
    customer_key,
    customer_pk,
    order_pk

    FROM "postgres"."dbt"."stg_customer_order"
),

derived_columns AS (

    SELECT

    order_key,
    customer_key,
    customer_pk,
    order_pk,
    'CSV_CUSTOMERS'::TEXT AS RECORD_SOURCE

    FROM source_data
),

hashed_columns AS (

    SELECT

    order_key,
    customer_key,
    customer_pk,
    order_pk,
    RECORD_SOURCE,

    DECODE(MD5(NULLIF(CONCAT(
        COALESCE(NULLIF(UPPER(TRIM(CAST(ORDER_KEY AS VARCHAR))), ''), '^^'), '||',
        COALESCE(NULLIF(UPPER(TRIM(CAST(CUSTOMER_KEY AS VARCHAR))), ''), '^^')
    ), '^^||^^')), 'hex') AS LINK_CUSTOMER_ORDER_PK

    FROM derived_columns
),

columns_to_select AS (

    SELECT

    order_key,
    customer_key,
    customer_pk,
    order_pk,
    RECORD_SOURCE,
    LINK_CUSTOMER_ORDER_PK

    FROM hashed_columns
)

SELECT * FROM columns_to_select
)

select *, current_timestamp as LOAD_DATE,
    current_timestamp AS EFFECTIVE_FROM from staging
  );
[0m17:39:04.510687 [debug] [Thread-1  ]: SQL status: CREATE VIEW in 0 seconds
[0m17:39:04.522167 [debug] [Thread-1  ]: Using postgres connection "model.jaffle_shop_dbtvault.stg_link_customer_order"
[0m17:39:04.523869 [debug] [Thread-1  ]: On model.jaffle_shop_dbtvault.stg_link_customer_order: /* {"app": "dbt", "dbt_version": "1.4.0", "profile_name": "jaffle_shop", "target_name": "dev", "node_id": "model.jaffle_shop_dbtvault.stg_link_customer_order"} */
alter table "postgres"."dbt"."stg_link_customer_order__dbt_tmp" rename to "stg_link_customer_order"
[0m17:39:04.529015 [debug] [Thread-1  ]: SQL status: ALTER TABLE in 0 seconds
[0m17:39:04.536258 [debug] [Thread-1  ]: On model.jaffle_shop_dbtvault.stg_link_customer_order: COMMIT
[0m17:39:04.538177 [debug] [Thread-1  ]: Using postgres connection "model.jaffle_shop_dbtvault.stg_link_customer_order"
[0m17:39:04.543005 [debug] [Thread-1  ]: On model.jaffle_shop_dbtvault.stg_link_customer_order: COMMIT
[0m17:39:04.547046 [debug] [Thread-1  ]: SQL status: COMMIT in 0 seconds
[0m17:39:04.555405 [debug] [Thread-1  ]: Using postgres connection "model.jaffle_shop_dbtvault.stg_link_customer_order"
[0m17:39:04.557698 [debug] [Thread-1  ]: On model.jaffle_shop_dbtvault.stg_link_customer_order: /* {"app": "dbt", "dbt_version": "1.4.0", "profile_name": "jaffle_shop", "target_name": "dev", "node_id": "model.jaffle_shop_dbtvault.stg_link_customer_order"} */
drop view if exists "postgres"."dbt"."stg_link_customer_order__dbt_backup" cascade
[0m17:39:04.561540 [debug] [Thread-1  ]: SQL status: DROP VIEW in 0 seconds
[0m17:39:04.565987 [debug] [Thread-1  ]: Timing info for model.jaffle_shop_dbtvault.stg_link_customer_order (execute): 2026-05-18 17:39:04.399921 => 2026-05-18 17:39:04.565853
[0m17:39:04.567738 [debug] [Thread-1  ]: On model.jaffle_shop_dbtvault.stg_link_customer_order: Close
[0m17:39:04.572136 [debug] [Thread-1  ]: Sending event: {'category': 'dbt', 'action': 'run_model', 'label': '2cd698be-5e9f-40db-b95a-44ec35b81aa7', 'context': [<snowplow_tracker.self_describing_json.SelfDescribingJson object at 0x7f1ce0393ee0>]}
[0m17:39:04.577239 [info ] [Thread-1  ]: 5 of 5 OK created sql view model dbt.stg_link_customer_order ................... [[32mCREATE VIEW[0m in 0.40s]
[0m17:39:04.580886 [debug] [Thread-1  ]: Finished running node model.jaffle_shop_dbtvault.stg_link_customer_order
[0m17:39:04.587324 [debug] [MainThread]: Acquiring new postgres connection 'master'
[0m17:39:04.591038 [debug] [MainThread]: Using postgres connection "master"
[0m17:39:04.592939 [debug] [MainThread]: On master: BEGIN
[0m17:39:04.596857 [debug] [MainThread]: Opening a new connection, currently in state closed
[0m17:39:04.634861 [debug] [MainThread]: SQL status: BEGIN in 0 seconds
[0m17:39:04.638097 [debug] [MainThread]: On master: COMMIT
[0m17:39:04.641698 [debug] [MainThread]: Using postgres connection "master"
[0m17:39:04.645137 [debug] [MainThread]: On master: COMMIT
[0m17:39:04.656776 [debug] [MainThread]: SQL status: COMMIT in 0 seconds
[0m17:39:04.658902 [debug] [MainThread]: On master: Close
[0m17:39:04.661906 [debug] [MainThread]: Connection 'master' was properly closed.
[0m17:39:04.675196 [debug] [MainThread]: Connection 'model.jaffle_shop_dbtvault.stg_link_customer_order' was properly closed.
[0m17:39:04.679703 [info ] [MainThread]: 
[0m17:39:04.687101 [info ] [MainThread]: Finished running 5 view models in 0 hours 0 minutes and 2.70 seconds (2.70s).
[0m17:39:04.693103 [debug] [MainThread]: Command end result
[0m17:39:04.767282 [info ] [MainThread]: 
[0m17:39:04.770835 [info ] [MainThread]: [32mCompleted successfully[0m
[0m17:39:04.772902 [info ] [MainThread]: 
[0m17:39:04.780276 [info ] [MainThread]: Done. PASS=5 WARN=0 ERROR=0 SKIP=0 TOTAL=5
[0m17:39:04.784260 [debug] [MainThread]: Sending event: {'category': 'dbt', 'action': 'invocation', 'label': 'end', 'context': [<snowplow_tracker.self_describing_json.SelfDescribingJson object at 0x7f1ce2597250>, <snowplow_tracker.self_describing_json.SelfDescribingJson object at 0x7f1ce2597760>, <snowplow_tracker.self_describing_json.SelfDescribingJson object at 0x7f1ce2597670>]}
[0m17:39:04.788284 [debug] [MainThread]: Flushing usage events


============================== 2026-05-18 17:50:19.748584 | 9a1d7071-5fc8-46b3-babd-6c9a85bf453a ==============================
[0m17:50:19.748584 [info ] [MainThread]: Running with dbt=1.4.0
[0m17:50:19.755556 [debug] [MainThread]: running dbt with arguments {'write_json': True, 'use_colors': True, 'printer_width': 80, 'version_check': True, 'partial_parse': True, 'static_parser': True, 'profiles_dir': '/workspace', 'send_anonymous_usage_stats': True, 'quiet': False, 'no_print': False, 'cache_selected_only': False, 'select': ['models/raw_vault'], 'which': 'run', 'rpc_method': 'run', 'indirect_selection': 'eager'}
[0m17:50:19.759980 [debug] [MainThread]: Tracking: tracking
[0m17:50:19.780963 [debug] [MainThread]: Sending event: {'category': 'dbt', 'action': 'invocation', 'label': 'start', 'context': [<snowplow_tracker.self_describing_json.SelfDescribingJson object at 0x7f66a33c87f0>, <snowplow_tracker.self_describing_json.SelfDescribingJson object at 0x7f66a33c8a60>, <snowplow_tracker.self_describing_json.SelfDescribingJson object at 0x7f66a33c8760>]}
[0m17:50:20.562571 [debug] [MainThread]: Partial parsing enabled: 0 files deleted, 6 files added, 0 files changed.
[0m17:50:20.565533 [debug] [MainThread]: Partial parsing: added file: jaffle_shop_dbtvault://models/raw_vault/sats/sat_customer.sql
[0m17:50:20.568578 [debug] [MainThread]: Partial parsing: added file: jaffle_shop_dbtvault://models/raw_vault/hubs/hub_order.sql
[0m17:50:20.571706 [debug] [MainThread]: Partial parsing: added file: jaffle_shop_dbtvault://models/raw_vault/hubs/hub_customer.sql
[0m17:50:20.574869 [debug] [MainThread]: Partial parsing: added file: jaffle_shop_dbtvault://models/raw_vault/sats/sat_order.sql
[0m17:50:20.578270 [debug] [MainThread]: Partial parsing: added file: jaffle_shop_dbtvault://models/raw_vault/links/link_customer_order.sql
[0m17:50:20.580805 [debug] [MainThread]: Partial parsing: added file: jaffle_shop_dbtvault://models/raw_vault/sats/sat_customer_crm.sql
[0m17:50:20.642409 [debug] [MainThread]: 1603: static parser failed on raw_vault/sats/sat_customer.sql
[0m17:50:21.062871 [debug] [MainThread]: 1602: parser fallback to jinja rendering on raw_vault/sats/sat_customer.sql
[0m17:50:21.071091 [debug] [MainThread]: 1603: static parser failed on raw_vault/hubs/hub_order.sql
[0m17:50:21.157380 [debug] [MainThread]: 1602: parser fallback to jinja rendering on raw_vault/hubs/hub_order.sql
[0m17:50:21.165223 [debug] [MainThread]: 1603: static parser failed on raw_vault/hubs/hub_customer.sql
[0m17:50:21.209783 [debug] [MainThread]: 1602: parser fallback to jinja rendering on raw_vault/hubs/hub_customer.sql
[0m17:50:21.217346 [debug] [MainThread]: 1603: static parser failed on raw_vault/sats/sat_order.sql
[0m17:50:21.276672 [debug] [MainThread]: 1602: parser fallback to jinja rendering on raw_vault/sats/sat_order.sql
[0m17:50:21.283993 [debug] [MainThread]: 1603: static parser failed on raw_vault/links/link_customer_order.sql
[0m17:50:21.374956 [debug] [MainThread]: 1602: parser fallback to jinja rendering on raw_vault/links/link_customer_order.sql
[0m17:50:21.382572 [debug] [MainThread]: 1603: static parser failed on raw_vault/sats/sat_customer_crm.sql
[0m17:50:21.435327 [debug] [MainThread]: 1602: parser fallback to jinja rendering on raw_vault/sats/sat_customer_crm.sql
[0m17:50:21.483004 [debug] [MainThread]: Sending event: {'category': 'dbt', 'action': 'load_project', 'label': '9a1d7071-5fc8-46b3-babd-6c9a85bf453a', 'context': [<snowplow_tracker.self_describing_json.SelfDescribingJson object at 0x7f66a2fdc970>]}
[0m17:50:21.530506 [debug] [MainThread]: Sending event: {'category': 'dbt', 'action': 'resource_counts', 'label': '9a1d7071-5fc8-46b3-babd-6c9a85bf453a', 'context': [<snowplow_tracker.self_describing_json.SelfDescribingJson object at 0x7f66a306efd0>]}
[0m17:50:21.534514 [info ] [MainThread]: Found 11 models, 0 tests, 0 snapshots, 0 analyses, 658 macros, 0 operations, 3 seed files, 7 sources, 0 exposures, 0 metrics
[0m17:50:21.538942 [debug] [MainThread]: Sending event: {'category': 'dbt', 'action': 'runnable_timing', 'label': '9a1d7071-5fc8-46b3-babd-6c9a85bf453a', 'context': [<snowplow_tracker.self_describing_json.SelfDescribingJson object at 0x7f66a33bfe80>]}
[0m17:50:21.547831 [info ] [MainThread]: 
[0m17:50:21.557016 [debug] [MainThread]: Acquiring new postgres connection 'master'
[0m17:50:21.572646 [debug] [ThreadPool]: Acquiring new postgres connection 'list_postgres'
[0m17:50:21.622974 [debug] [ThreadPool]: Using postgres connection "list_postgres"
[0m17:50:21.625720 [debug] [ThreadPool]: On list_postgres: /* {"app": "dbt", "dbt_version": "1.4.0", "profile_name": "jaffle_shop", "target_name": "dev", "connection_name": "list_postgres"} */

    select distinct nspname from pg_namespace
  
[0m17:50:21.628982 [debug] [ThreadPool]: Opening a new connection, currently in state init
[0m17:50:21.671678 [debug] [ThreadPool]: SQL status: SELECT 5 in 0 seconds
[0m17:50:21.691029 [debug] [ThreadPool]: On list_postgres: Close
[0m17:50:21.717072 [debug] [ThreadPool]: Acquiring new postgres connection 'list_postgres_dbt'
[0m17:50:21.747407 [debug] [ThreadPool]: Using postgres connection "list_postgres_dbt"
[0m17:50:21.755229 [debug] [ThreadPool]: On list_postgres_dbt: BEGIN
[0m17:50:21.763890 [debug] [ThreadPool]: Opening a new connection, currently in state closed
[0m17:50:21.797674 [debug] [ThreadPool]: SQL status: BEGIN in 0 seconds
[0m17:50:21.803760 [debug] [ThreadPool]: Using postgres connection "list_postgres_dbt"
[0m17:50:21.812771 [debug] [ThreadPool]: On list_postgres_dbt: /* {"app": "dbt", "dbt_version": "1.4.0", "profile_name": "jaffle_shop", "target_name": "dev", "connection_name": "list_postgres_dbt"} */
select
      'postgres' as database,
      tablename as name,
      schemaname as schema,
      'table' as type
    from pg_tables
    where schemaname ilike 'dbt'
    union all
    select
      'postgres' as database,
      viewname as name,
      schemaname as schema,
      'view' as type
    from pg_views
    where schemaname ilike 'dbt'
  
[0m17:50:21.834462 [debug] [ThreadPool]: SQL status: SELECT 8 in 0 seconds
[0m17:50:21.843644 [debug] [ThreadPool]: On list_postgres_dbt: ROLLBACK
[0m17:50:21.857976 [debug] [ThreadPool]: On list_postgres_dbt: Close
[0m17:50:21.898957 [debug] [MainThread]: Using postgres connection "master"
[0m17:50:21.901878 [debug] [MainThread]: On master: BEGIN
[0m17:50:21.905662 [debug] [MainThread]: Opening a new connection, currently in state init
[0m17:50:21.924955 [debug] [MainThread]: SQL status: BEGIN in 0 seconds
[0m17:50:21.929400 [debug] [MainThread]: Using postgres connection "master"
[0m17:50:21.931452 [debug] [MainThread]: On master: /* {"app": "dbt", "dbt_version": "1.4.0", "profile_name": "jaffle_shop", "target_name": "dev", "connection_name": "master"} */
with relation as (
        select
            pg_rewrite.ev_class as class,
            pg_rewrite.oid as id
        from pg_rewrite
    ),
    class as (
        select
            oid as id,
            relname as name,
            relnamespace as schema,
            relkind as kind
        from pg_class
    ),
    dependency as (
        select distinct
            pg_depend.objid as id,
            pg_depend.refobjid as ref
        from pg_depend
    ),
    schema as (
        select
            pg_namespace.oid as id,
            pg_namespace.nspname as name
        from pg_namespace
        where nspname != 'information_schema' and nspname not like 'pg\_%'
    ),
    referenced as (
        select
            relation.id AS id,
            referenced_class.name ,
            referenced_class.schema ,
            referenced_class.kind
        from relation
        join class as referenced_class on relation.class=referenced_class.id
        where referenced_class.kind in ('r', 'v')
    ),
    relationships as (
        select
            referenced.name as referenced_name,
            referenced.schema as referenced_schema_id,
            dependent_class.name as dependent_name,
            dependent_class.schema as dependent_schema_id,
            referenced.kind as kind
        from referenced
        join dependency on referenced.id=dependency.id
        join class as dependent_class on dependency.ref=dependent_class.id
        where
            (referenced.name != dependent_class.name or
             referenced.schema != dependent_class.schema)
    )

    select
        referenced_schema.name as referenced_schema,
        relationships.referenced_name as referenced_name,
        dependent_schema.name as dependent_schema,
        relationships.dependent_name as dependent_name
    from relationships
    join schema as dependent_schema on relationships.dependent_schema_id=dependent_schema.id
    join schema as referenced_schema on relationships.referenced_schema_id=referenced_schema.id
    group by referenced_schema, referenced_name, dependent_schema, dependent_name
    order by referenced_schema, referenced_name, dependent_schema, dependent_name;
[0m17:50:21.944334 [debug] [MainThread]: SQL status: SELECT 6 in 0 seconds
[0m17:50:21.950466 [debug] [MainThread]: Sending event: {'category': 'dbt', 'action': 'runnable_timing', 'label': '9a1d7071-5fc8-46b3-babd-6c9a85bf453a', 'context': [<snowplow_tracker.self_describing_json.SelfDescribingJson object at 0x7f66a33601c0>]}
[0m17:50:21.952916 [debug] [MainThread]: On master: ROLLBACK
[0m17:50:21.956382 [debug] [MainThread]: Using postgres connection "master"
[0m17:50:21.958539 [debug] [MainThread]: On master: BEGIN
[0m17:50:21.963262 [debug] [MainThread]: SQL status: BEGIN in 0 seconds
[0m17:50:21.965802 [debug] [MainThread]: On master: COMMIT
[0m17:50:21.969470 [debug] [MainThread]: Using postgres connection "master"
[0m17:50:21.972427 [debug] [MainThread]: On master: COMMIT
[0m17:50:21.975841 [debug] [MainThread]: SQL status: COMMIT in 0 seconds
[0m17:50:21.978331 [debug] [MainThread]: On master: Close
[0m17:50:21.983265 [info ] [MainThread]: Concurrency: 1 threads (target='dev')
[0m17:50:21.987590 [info ] [MainThread]: 
[0m17:50:22.008799 [debug] [Thread-1  ]: Began running node model.jaffle_shop_dbtvault.hub_customer
[0m17:50:22.012529 [info ] [Thread-1  ]: 1 of 6 START sql incremental model dbt.hub_customer ............................ [RUN]
[0m17:50:22.019237 [debug] [Thread-1  ]: Acquiring new postgres connection 'model.jaffle_shop_dbtvault.hub_customer'
[0m17:50:22.023863 [debug] [Thread-1  ]: Began compiling node model.jaffle_shop_dbtvault.hub_customer
[0m17:50:22.082141 [info ] [Thread-1  ]: 17:50:22 + Loading postgres.dbt.hub_customer from 2 source(s)
[0m17:50:22.112290 [debug] [Thread-1  ]: Writing injected SQL for node "model.jaffle_shop_dbtvault.hub_customer"
[0m17:50:22.127203 [debug] [Thread-1  ]: Timing info for model.jaffle_shop_dbtvault.hub_customer (compile): 2026-05-18 17:50:22.029044 => 2026-05-18 17:50:22.127015
[0m17:50:22.132983 [debug] [Thread-1  ]: Began executing node model.jaffle_shop_dbtvault.hub_customer
[0m17:50:22.294622 [debug] [Thread-1  ]: Writing runtime sql for node "model.jaffle_shop_dbtvault.hub_customer"
[0m17:50:22.305075 [debug] [Thread-1  ]: Using postgres connection "model.jaffle_shop_dbtvault.hub_customer"
[0m17:50:22.307324 [debug] [Thread-1  ]: On model.jaffle_shop_dbtvault.hub_customer: BEGIN
[0m17:50:22.310216 [debug] [Thread-1  ]: Opening a new connection, currently in state closed
[0m17:50:22.325629 [debug] [Thread-1  ]: SQL status: BEGIN in 0 seconds
[0m17:50:22.328077 [debug] [Thread-1  ]: Using postgres connection "model.jaffle_shop_dbtvault.hub_customer"
[0m17:50:22.331620 [debug] [Thread-1  ]: On model.jaffle_shop_dbtvault.hub_customer: /* {"app": "dbt", "dbt_version": "1.4.0", "profile_name": "jaffle_shop", "target_name": "dev", "node_id": "model.jaffle_shop_dbtvault.hub_customer"} */

      
  
    

  create  table "postgres"."dbt"."hub_customer"
  as (
    








    -- Generated by AutomateDV (formerly known as dbtvault)

    

WITH row_rank_1 AS (
    SELECT DISTINCT ON (rr.CUSTOMER_PK) rr.CUSTOMER_PK, rr.CUSTOMER_KEY, rr.LOAD_DATE, rr.RECORD_SOURCE
    FROM "postgres"."dbt"."stg_customers" AS rr
    WHERE rr.CUSTOMER_PK IS NOT NULL
    ORDER BY rr.CUSTOMER_PK, rr.LOAD_DATE
),

row_rank_2 AS (
    SELECT DISTINCT ON (rr.CUSTOMER_PK) rr.CUSTOMER_PK, rr.CUSTOMER_KEY, rr.LOAD_DATE, rr.RECORD_SOURCE
    FROM "postgres"."dbt"."stg_customers_crm" AS rr
    WHERE rr.CUSTOMER_PK IS NOT NULL
    ORDER BY rr.CUSTOMER_PK, rr.LOAD_DATE
),

stage_union AS (
    SELECT * FROM row_rank_1
    UNION ALL
    SELECT * FROM row_rank_2
),

row_rank_union AS (SELECT DISTINCT ON (ru.CUSTOMER_PK) ru.*
    FROM stage_union AS ru
    WHERE ru.CUSTOMER_PK IS NOT NULL
    ORDER BY ru.CUSTOMER_PK, ru.LOAD_DATE, ru.RECORD_SOURCE ASC
),

records_to_insert AS (
    SELECT a.CUSTOMER_PK, a.CUSTOMER_KEY, a.LOAD_DATE, a.RECORD_SOURCE
    FROM row_rank_union AS a
)

SELECT * FROM records_to_insert
  );
  
  
[0m17:50:22.347867 [debug] [Thread-1  ]: SQL status: SELECT 105 in 0 seconds
[0m17:50:22.404671 [debug] [Thread-1  ]: On model.jaffle_shop_dbtvault.hub_customer: COMMIT
[0m17:50:22.406625 [debug] [Thread-1  ]: Using postgres connection "model.jaffle_shop_dbtvault.hub_customer"
[0m17:50:22.408441 [debug] [Thread-1  ]: On model.jaffle_shop_dbtvault.hub_customer: COMMIT
[0m17:50:22.414916 [debug] [Thread-1  ]: SQL status: COMMIT in 0 seconds
[0m17:50:22.418572 [debug] [Thread-1  ]: Timing info for model.jaffle_shop_dbtvault.hub_customer (execute): 2026-05-18 17:50:22.138268 => 2026-05-18 17:50:22.418229
[0m17:50:22.421166 [debug] [Thread-1  ]: On model.jaffle_shop_dbtvault.hub_customer: Close
[0m17:50:22.425478 [debug] [Thread-1  ]: Sending event: {'category': 'dbt', 'action': 'run_model', 'label': '9a1d7071-5fc8-46b3-babd-6c9a85bf453a', 'context': [<snowplow_tracker.self_describing_json.SelfDescribingJson object at 0x7f66a2f397f0>]}
[0m17:50:22.427717 [info ] [Thread-1  ]: 1 of 6 OK created sql incremental model dbt.hub_customer ....................... [[32mSELECT 105[0m in 0.41s]
[0m17:50:22.435352 [debug] [Thread-1  ]: Finished running node model.jaffle_shop_dbtvault.hub_customer
[0m17:50:22.440356 [debug] [Thread-1  ]: Began running node model.jaffle_shop_dbtvault.hub_order
[0m17:50:22.443401 [info ] [Thread-1  ]: 2 of 6 START sql incremental model dbt.hub_order ............................... [RUN]
[0m17:50:22.448450 [debug] [Thread-1  ]: Acquiring new postgres connection 'model.jaffle_shop_dbtvault.hub_order'
[0m17:50:22.454468 [debug] [Thread-1  ]: Began compiling node model.jaffle_shop_dbtvault.hub_order
[0m17:50:22.474784 [info ] [Thread-1  ]: 17:50:22 + Loading postgres.dbt.hub_order from 1 source(s)
[0m17:50:22.493710 [debug] [Thread-1  ]: Writing injected SQL for node "model.jaffle_shop_dbtvault.hub_order"
[0m17:50:22.506702 [debug] [Thread-1  ]: Timing info for model.jaffle_shop_dbtvault.hub_order (compile): 2026-05-18 17:50:22.457007 => 2026-05-18 17:50:22.506414
[0m17:50:22.511863 [debug] [Thread-1  ]: Began executing node model.jaffle_shop_dbtvault.hub_order
[0m17:50:22.538435 [debug] [Thread-1  ]: Writing runtime sql for node "model.jaffle_shop_dbtvault.hub_order"
[0m17:50:22.554864 [debug] [Thread-1  ]: Using postgres connection "model.jaffle_shop_dbtvault.hub_order"
[0m17:50:22.557021 [debug] [Thread-1  ]: On model.jaffle_shop_dbtvault.hub_order: BEGIN
[0m17:50:22.560596 [debug] [Thread-1  ]: Opening a new connection, currently in state closed
[0m17:50:22.577594 [debug] [Thread-1  ]: SQL status: BEGIN in 0 seconds
[0m17:50:22.579836 [debug] [Thread-1  ]: Using postgres connection "model.jaffle_shop_dbtvault.hub_order"
[0m17:50:22.583358 [debug] [Thread-1  ]: On model.jaffle_shop_dbtvault.hub_order: /* {"app": "dbt", "dbt_version": "1.4.0", "profile_name": "jaffle_shop", "target_name": "dev", "node_id": "model.jaffle_shop_dbtvault.hub_order"} */

      
  
    

  create  table "postgres"."dbt"."hub_order"
  as (
    -- Generated by AutomateDV (formerly known as dbtvault)

    

WITH row_rank_1 AS (
    SELECT DISTINCT ON (rr.ORDER_PK) rr.ORDER_PK, rr.ORDER_KEY, rr.LOAD_DATE, rr.RECORD_SOURCE
    FROM "postgres"."dbt"."stg_orders" AS rr
    WHERE rr.ORDER_PK IS NOT NULL
    ORDER BY rr.ORDER_PK, rr.LOAD_DATE
),

records_to_insert AS (
    SELECT a.ORDER_PK, a.ORDER_KEY, a.LOAD_DATE, a.RECORD_SOURCE
    FROM row_rank_1 AS a
)

SELECT * FROM records_to_insert
  );
  
  
[0m17:50:22.596853 [debug] [Thread-1  ]: SQL status: SELECT 99 in 0 seconds
[0m17:50:22.603509 [debug] [Thread-1  ]: On model.jaffle_shop_dbtvault.hub_order: COMMIT
[0m17:50:22.605251 [debug] [Thread-1  ]: Using postgres connection "model.jaffle_shop_dbtvault.hub_order"
[0m17:50:22.607087 [debug] [Thread-1  ]: On model.jaffle_shop_dbtvault.hub_order: COMMIT
[0m17:50:22.612073 [debug] [Thread-1  ]: SQL status: COMMIT in 0 seconds
[0m17:50:22.615556 [debug] [Thread-1  ]: Timing info for model.jaffle_shop_dbtvault.hub_order (execute): 2026-05-18 17:50:22.516347 => 2026-05-18 17:50:22.615268
[0m17:50:22.617345 [debug] [Thread-1  ]: On model.jaffle_shop_dbtvault.hub_order: Close
[0m17:50:22.621449 [debug] [Thread-1  ]: Sending event: {'category': 'dbt', 'action': 'run_model', 'label': '9a1d7071-5fc8-46b3-babd-6c9a85bf453a', 'context': [<snowplow_tracker.self_describing_json.SelfDescribingJson object at 0x7f66a2f39460>]}
[0m17:50:22.623797 [info ] [Thread-1  ]: 2 of 6 OK created sql incremental model dbt.hub_order .......................... [[32mSELECT 99[0m in 0.17s]
[0m17:50:22.626135 [debug] [Thread-1  ]: Finished running node model.jaffle_shop_dbtvault.hub_order
[0m17:50:22.628070 [debug] [Thread-1  ]: Began running node model.jaffle_shop_dbtvault.link_customer_order
[0m17:50:22.631533 [info ] [Thread-1  ]: 3 of 6 START sql incremental model dbt.link_customer_order ..................... [RUN]
[0m17:50:22.634554 [debug] [Thread-1  ]: Acquiring new postgres connection 'model.jaffle_shop_dbtvault.link_customer_order'
[0m17:50:22.640428 [debug] [Thread-1  ]: Began compiling node model.jaffle_shop_dbtvault.link_customer_order
[0m17:50:22.663902 [info ] [Thread-1  ]: 17:50:22 + Loading postgres.dbt.link_customer_order from 1 source(s)
[0m17:50:22.691819 [debug] [Thread-1  ]: Writing injected SQL for node "model.jaffle_shop_dbtvault.link_customer_order"
[0m17:50:22.706697 [debug] [Thread-1  ]: Timing info for model.jaffle_shop_dbtvault.link_customer_order (compile): 2026-05-18 17:50:22.644274 => 2026-05-18 17:50:22.706534
[0m17:50:22.709851 [debug] [Thread-1  ]: Began executing node model.jaffle_shop_dbtvault.link_customer_order
[0m17:50:22.746204 [debug] [Thread-1  ]: Writing runtime sql for node "model.jaffle_shop_dbtvault.link_customer_order"
[0m17:50:22.767427 [debug] [Thread-1  ]: Using postgres connection "model.jaffle_shop_dbtvault.link_customer_order"
[0m17:50:22.774559 [debug] [Thread-1  ]: On model.jaffle_shop_dbtvault.link_customer_order: BEGIN
[0m17:50:22.778466 [debug] [Thread-1  ]: Opening a new connection, currently in state closed
[0m17:50:22.800245 [debug] [Thread-1  ]: SQL status: BEGIN in 0 seconds
[0m17:50:22.802614 [debug] [Thread-1  ]: Using postgres connection "model.jaffle_shop_dbtvault.link_customer_order"
[0m17:50:22.805542 [debug] [Thread-1  ]: On model.jaffle_shop_dbtvault.link_customer_order: /* {"app": "dbt", "dbt_version": "1.4.0", "profile_name": "jaffle_shop", "target_name": "dev", "node_id": "model.jaffle_shop_dbtvault.link_customer_order"} */

      
  
    

  create  table "postgres"."dbt"."link_customer_order"
  as (
    -- Generated by AutomateDV (formerly known as dbtvault)

    

WITH row_rank_1 AS (
  SELECT * FROM (
    SELECT rr.LINK_CUSTOMER_ORDER_PK, rr.CUSTOMER_PK, rr.ORDER_PK, rr.LOAD_DATE, rr.RECORD_SOURCE,
           ROW_NUMBER() OVER(
               PARTITION BY rr.LINK_CUSTOMER_ORDER_PK
               ORDER BY rr.LOAD_DATE
           ) AS row_number
    FROM "postgres"."dbt"."stg_link_customer_order" AS rr
    WHERE rr.LINK_CUSTOMER_ORDER_PK IS NOT NULL
    AND rr.CUSTOMER_PK IS NOT NULL
    AND rr.ORDER_PK IS NOT NULL
  ) as l
  WHERE row_number = 1
),

records_to_insert AS (
    SELECT a.LINK_CUSTOMER_ORDER_PK, a.CUSTOMER_PK, a.ORDER_PK, a.LOAD_DATE, a.RECORD_SOURCE
    FROM row_rank_1 AS a
)

SELECT * FROM records_to_insert
  );
  
  
[0m17:50:22.827803 [debug] [Thread-1  ]: SQL status: SELECT 99 in 0 seconds
[0m17:50:22.835201 [debug] [Thread-1  ]: On model.jaffle_shop_dbtvault.link_customer_order: COMMIT
[0m17:50:22.839551 [debug] [Thread-1  ]: Using postgres connection "model.jaffle_shop_dbtvault.link_customer_order"
[0m17:50:22.842493 [debug] [Thread-1  ]: On model.jaffle_shop_dbtvault.link_customer_order: COMMIT
[0m17:50:22.848767 [debug] [Thread-1  ]: SQL status: COMMIT in 0 seconds
[0m17:50:22.853244 [debug] [Thread-1  ]: Timing info for model.jaffle_shop_dbtvault.link_customer_order (execute): 2026-05-18 17:50:22.717792 => 2026-05-18 17:50:22.853135
[0m17:50:22.855842 [debug] [Thread-1  ]: On model.jaffle_shop_dbtvault.link_customer_order: Close
[0m17:50:22.861254 [debug] [Thread-1  ]: Sending event: {'category': 'dbt', 'action': 'run_model', 'label': '9a1d7071-5fc8-46b3-babd-6c9a85bf453a', 'context': [<snowplow_tracker.self_describing_json.SelfDescribingJson object at 0x7f66a2f394f0>]}
[0m17:50:22.865840 [info ] [Thread-1  ]: 3 of 6 OK created sql incremental model dbt.link_customer_order ................ [[32mSELECT 99[0m in 0.23s]
[0m17:50:22.869984 [debug] [Thread-1  ]: Finished running node model.jaffle_shop_dbtvault.link_customer_order
[0m17:50:22.873870 [debug] [Thread-1  ]: Began running node model.jaffle_shop_dbtvault.sat_customer
[0m17:50:22.877789 [info ] [Thread-1  ]: 4 of 6 START sql incremental model dbt.sat_customer ............................ [RUN]
[0m17:50:22.883123 [debug] [Thread-1  ]: Acquiring new postgres connection 'model.jaffle_shop_dbtvault.sat_customer'
[0m17:50:22.885270 [debug] [Thread-1  ]: Began compiling node model.jaffle_shop_dbtvault.sat_customer
[0m17:50:22.975374 [debug] [Thread-1  ]: Writing injected SQL for node "model.jaffle_shop_dbtvault.sat_customer"
[0m17:50:22.990444 [debug] [Thread-1  ]: Timing info for model.jaffle_shop_dbtvault.sat_customer (compile): 2026-05-18 17:50:22.887584 => 2026-05-18 17:50:22.990207
[0m17:50:22.994091 [debug] [Thread-1  ]: Began executing node model.jaffle_shop_dbtvault.sat_customer
[0m17:50:23.023240 [debug] [Thread-1  ]: Writing runtime sql for node "model.jaffle_shop_dbtvault.sat_customer"
[0m17:50:23.032999 [debug] [Thread-1  ]: Using postgres connection "model.jaffle_shop_dbtvault.sat_customer"
[0m17:50:23.036607 [debug] [Thread-1  ]: On model.jaffle_shop_dbtvault.sat_customer: BEGIN
[0m17:50:23.040502 [debug] [Thread-1  ]: Opening a new connection, currently in state closed
[0m17:50:23.059348 [debug] [Thread-1  ]: SQL status: BEGIN in 0 seconds
[0m17:50:23.062141 [debug] [Thread-1  ]: Using postgres connection "model.jaffle_shop_dbtvault.sat_customer"
[0m17:50:23.065600 [debug] [Thread-1  ]: On model.jaffle_shop_dbtvault.sat_customer: /* {"app": "dbt", "dbt_version": "1.4.0", "profile_name": "jaffle_shop", "target_name": "dev", "node_id": "model.jaffle_shop_dbtvault.sat_customer"} */

      
  
    

  create  table "postgres"."dbt"."sat_customer"
  as (
    -- Generated by AutomateDV (formerly known as dbtvault)

    

WITH source_data AS (
    SELECT a.CUSTOMER_PK, a.CUSTOMER_HASHDIFF, a.first_name, a.last_name, a.id, a.EFFECTIVE_FROM, a.LOAD_DATE, a.RECORD_SOURCE
    FROM "postgres"."dbt"."stg_customers" AS a
    WHERE a.CUSTOMER_PK IS NOT NULL
),

first_record_in_set AS (
    SELECT * FROM (
        SELECT
        sd.CUSTOMER_PK, sd.CUSTOMER_HASHDIFF, sd.first_name, sd.last_name, sd.id, sd.EFFECTIVE_FROM, sd.LOAD_DATE, sd.RECORD_SOURCE,
        RANK() OVER (
                PARTITION BY sd.CUSTOMER_PK
                ORDER BY sd.LOAD_DATE ASC
            ) as asc_rank
        FROM source_data as sd
    ) AS rin
    WHERE rin.asc_rank = 1
),

unique_source_records AS (
    SELECT
        b.CUSTOMER_PK, b.CUSTOMER_HASHDIFF, b.first_name, b.last_name, b.id, b.EFFECTIVE_FROM, b.LOAD_DATE, b.RECORD_SOURCE
    FROM (
        SELECT DISTINCT
            sd.CUSTOMER_PK, sd.CUSTOMER_HASHDIFF, sd.first_name, sd.last_name, sd.id, sd.EFFECTIVE_FROM, sd.LOAD_DATE, sd.RECORD_SOURCE,
            LAG(sd.CUSTOMER_HASHDIFF) OVER (
                PARTITION BY sd.CUSTOMER_PK
                ORDER BY sd.LOAD_DATE ASC) as prev_hashdiff
        FROM source_data as sd
        ) AS b
    WHERE b.CUSTOMER_HASHDIFF != b.prev_hashdiff
),

records_to_insert AS (
        SELECT frin.CUSTOMER_PK, frin.CUSTOMER_HASHDIFF, frin.first_name, frin.last_name, frin.id, frin.EFFECTIVE_FROM, frin.LOAD_DATE, frin.RECORD_SOURCE
        FROM first_record_in_set AS frin
        UNION
        SELECT usr.CUSTOMER_PK, usr.CUSTOMER_HASHDIFF, usr.first_name, usr.last_name, usr.id, usr.EFFECTIVE_FROM, usr.LOAD_DATE, usr.RECORD_SOURCE
        FROM unique_source_records as usr
)

SELECT * FROM records_to_insert
  );
  
  
[0m17:50:23.084006 [debug] [Thread-1  ]: SQL status: SELECT 103 in 0 seconds
[0m17:50:23.093968 [debug] [Thread-1  ]: On model.jaffle_shop_dbtvault.sat_customer: COMMIT
[0m17:50:23.096232 [debug] [Thread-1  ]: Using postgres connection "model.jaffle_shop_dbtvault.sat_customer"
[0m17:50:23.099548 [debug] [Thread-1  ]: On model.jaffle_shop_dbtvault.sat_customer: COMMIT
[0m17:50:23.104888 [debug] [Thread-1  ]: SQL status: COMMIT in 0 seconds
[0m17:50:23.108901 [debug] [Thread-1  ]: Timing info for model.jaffle_shop_dbtvault.sat_customer (execute): 2026-05-18 17:50:23.000805 => 2026-05-18 17:50:23.108732
[0m17:50:23.111986 [debug] [Thread-1  ]: On model.jaffle_shop_dbtvault.sat_customer: Close
[0m17:50:23.118813 [debug] [Thread-1  ]: Sending event: {'category': 'dbt', 'action': 'run_model', 'label': '9a1d7071-5fc8-46b3-babd-6c9a85bf453a', 'context': [<snowplow_tracker.self_describing_json.SelfDescribingJson object at 0x7f66a2f29d30>]}
[0m17:50:23.121912 [info ] [Thread-1  ]: 4 of 6 OK created sql incremental model dbt.sat_customer ....................... [[32mSELECT 103[0m in 0.24s]
[0m17:50:23.125930 [debug] [Thread-1  ]: Finished running node model.jaffle_shop_dbtvault.sat_customer
[0m17:50:23.129203 [debug] [Thread-1  ]: Began running node model.jaffle_shop_dbtvault.sat_customer_crm
[0m17:50:23.134756 [info ] [Thread-1  ]: 5 of 6 START sql incremental model dbt.sat_customer_crm ........................ [RUN]
[0m17:50:23.143473 [debug] [Thread-1  ]: Acquiring new postgres connection 'model.jaffle_shop_dbtvault.sat_customer_crm'
[0m17:50:23.151200 [debug] [Thread-1  ]: Began compiling node model.jaffle_shop_dbtvault.sat_customer_crm
[0m17:50:23.242978 [debug] [Thread-1  ]: Writing injected SQL for node "model.jaffle_shop_dbtvault.sat_customer_crm"
[0m17:50:23.253052 [debug] [Thread-1  ]: Timing info for model.jaffle_shop_dbtvault.sat_customer_crm (compile): 2026-05-18 17:50:23.161012 => 2026-05-18 17:50:23.252889
[0m17:50:23.256327 [debug] [Thread-1  ]: Began executing node model.jaffle_shop_dbtvault.sat_customer_crm
[0m17:50:23.342112 [debug] [Thread-1  ]: Writing runtime sql for node "model.jaffle_shop_dbtvault.sat_customer_crm"
[0m17:50:23.349668 [debug] [Thread-1  ]: Using postgres connection "model.jaffle_shop_dbtvault.sat_customer_crm"
[0m17:50:23.352153 [debug] [Thread-1  ]: On model.jaffle_shop_dbtvault.sat_customer_crm: BEGIN
[0m17:50:23.354937 [debug] [Thread-1  ]: Opening a new connection, currently in state closed
[0m17:50:23.374074 [debug] [Thread-1  ]: SQL status: BEGIN in 0 seconds
[0m17:50:23.377125 [debug] [Thread-1  ]: Using postgres connection "model.jaffle_shop_dbtvault.sat_customer_crm"
[0m17:50:23.380610 [debug] [Thread-1  ]: On model.jaffle_shop_dbtvault.sat_customer_crm: /* {"app": "dbt", "dbt_version": "1.4.0", "profile_name": "jaffle_shop", "target_name": "dev", "node_id": "model.jaffle_shop_dbtvault.sat_customer_crm"} */

      
  
    

  create  table "postgres"."dbt"."sat_customer_crm"
  as (
    -- Generated by AutomateDV (formerly known as dbtvault)

    

WITH source_data AS (
    SELECT a.CUSTOMER_PK, a.CUSTOMER_HASHDIFF, a.age, a.country, a.EFFECTIVE_FROM, a.LOAD_DATE, a.RECORD_SOURCE
    FROM "postgres"."dbt"."stg_customers_crm" AS a
    WHERE a.CUSTOMER_PK IS NOT NULL
),

first_record_in_set AS (
    SELECT * FROM (
        SELECT
        sd.CUSTOMER_PK, sd.CUSTOMER_HASHDIFF, sd.age, sd.country, sd.EFFECTIVE_FROM, sd.LOAD_DATE, sd.RECORD_SOURCE,
        RANK() OVER (
                PARTITION BY sd.CUSTOMER_PK
                ORDER BY sd.LOAD_DATE ASC
            ) as asc_rank
        FROM source_data as sd
    ) AS rin
    WHERE rin.asc_rank = 1
),

unique_source_records AS (
    SELECT
        b.CUSTOMER_PK, b.CUSTOMER_HASHDIFF, b.age, b.country, b.EFFECTIVE_FROM, b.LOAD_DATE, b.RECORD_SOURCE
    FROM (
        SELECT DISTINCT
            sd.CUSTOMER_PK, sd.CUSTOMER_HASHDIFF, sd.age, sd.country, sd.EFFECTIVE_FROM, sd.LOAD_DATE, sd.RECORD_SOURCE,
            LAG(sd.CUSTOMER_HASHDIFF) OVER (
                PARTITION BY sd.CUSTOMER_PK
                ORDER BY sd.LOAD_DATE ASC) as prev_hashdiff
        FROM source_data as sd
        ) AS b
    WHERE b.CUSTOMER_HASHDIFF != b.prev_hashdiff
),

records_to_insert AS (
        SELECT frin.CUSTOMER_PK, frin.CUSTOMER_HASHDIFF, frin.age, frin.country, frin.EFFECTIVE_FROM, frin.LOAD_DATE, frin.RECORD_SOURCE
        FROM first_record_in_set AS frin
        UNION
        SELECT usr.CUSTOMER_PK, usr.CUSTOMER_HASHDIFF, usr.age, usr.country, usr.EFFECTIVE_FROM, usr.LOAD_DATE, usr.RECORD_SOURCE
        FROM unique_source_records as usr
)

SELECT * FROM records_to_insert
  );
  
  
[0m17:50:23.395478 [debug] [Thread-1  ]: SQL status: SELECT 7 in 0 seconds
[0m17:50:23.405473 [debug] [Thread-1  ]: On model.jaffle_shop_dbtvault.sat_customer_crm: COMMIT
[0m17:50:23.407304 [debug] [Thread-1  ]: Using postgres connection "model.jaffle_shop_dbtvault.sat_customer_crm"
[0m17:50:23.410225 [debug] [Thread-1  ]: On model.jaffle_shop_dbtvault.sat_customer_crm: COMMIT
[0m17:50:23.415028 [debug] [Thread-1  ]: SQL status: COMMIT in 0 seconds
[0m17:50:23.417698 [debug] [Thread-1  ]: Timing info for model.jaffle_shop_dbtvault.sat_customer_crm (execute): 2026-05-18 17:50:23.258257 => 2026-05-18 17:50:23.417586
[0m17:50:23.419935 [debug] [Thread-1  ]: On model.jaffle_shop_dbtvault.sat_customer_crm: Close
[0m17:50:23.424165 [debug] [Thread-1  ]: Sending event: {'category': 'dbt', 'action': 'run_model', 'label': '9a1d7071-5fc8-46b3-babd-6c9a85bf453a', 'context': [<snowplow_tracker.self_describing_json.SelfDescribingJson object at 0x7f66a2ecdcd0>]}
[0m17:50:23.426896 [info ] [Thread-1  ]: 5 of 6 OK created sql incremental model dbt.sat_customer_crm ................... [[32mSELECT 7[0m in 0.28s]
[0m17:50:23.437689 [debug] [Thread-1  ]: Finished running node model.jaffle_shop_dbtvault.sat_customer_crm
[0m17:50:23.443565 [debug] [Thread-1  ]: Began running node model.jaffle_shop_dbtvault.sat_order
[0m17:50:23.446816 [info ] [Thread-1  ]: 6 of 6 START sql incremental model dbt.sat_order ............................... [RUN]
[0m17:50:23.452050 [debug] [Thread-1  ]: Acquiring new postgres connection 'model.jaffle_shop_dbtvault.sat_order'
[0m17:50:23.459262 [debug] [Thread-1  ]: Began compiling node model.jaffle_shop_dbtvault.sat_order
[0m17:50:23.541014 [debug] [Thread-1  ]: Writing injected SQL for node "model.jaffle_shop_dbtvault.sat_order"
[0m17:50:23.550192 [debug] [Thread-1  ]: Timing info for model.jaffle_shop_dbtvault.sat_order (compile): 2026-05-18 17:50:23.467619 => 2026-05-18 17:50:23.549892
[0m17:50:23.554726 [debug] [Thread-1  ]: Began executing node model.jaffle_shop_dbtvault.sat_order
[0m17:50:23.575781 [debug] [Thread-1  ]: Writing runtime sql for node "model.jaffle_shop_dbtvault.sat_order"
[0m17:50:23.583394 [debug] [Thread-1  ]: Using postgres connection "model.jaffle_shop_dbtvault.sat_order"
[0m17:50:23.585847 [debug] [Thread-1  ]: On model.jaffle_shop_dbtvault.sat_order: BEGIN
[0m17:50:23.588821 [debug] [Thread-1  ]: Opening a new connection, currently in state closed
[0m17:50:23.608817 [debug] [Thread-1  ]: SQL status: BEGIN in 0 seconds
[0m17:50:23.611000 [debug] [Thread-1  ]: Using postgres connection "model.jaffle_shop_dbtvault.sat_order"
[0m17:50:23.614375 [debug] [Thread-1  ]: On model.jaffle_shop_dbtvault.sat_order: /* {"app": "dbt", "dbt_version": "1.4.0", "profile_name": "jaffle_shop", "target_name": "dev", "node_id": "model.jaffle_shop_dbtvault.sat_order"} */

      
  
    

  create  table "postgres"."dbt"."sat_order"
  as (
    -- Generated by AutomateDV (formerly known as dbtvault)

    

WITH source_data AS (
    SELECT a.ORDER_PK, a.ORDER_HASHDIFF, a.order_date, a.status, a.EFFECTIVE_FROM, a.LOAD_DATE, a.RECORD_SOURCE
    FROM "postgres"."dbt"."stg_orders" AS a
    WHERE a.ORDER_PK IS NOT NULL
),

first_record_in_set AS (
    SELECT * FROM (
        SELECT
        sd.ORDER_PK, sd.ORDER_HASHDIFF, sd.order_date, sd.status, sd.EFFECTIVE_FROM, sd.LOAD_DATE, sd.RECORD_SOURCE,
        RANK() OVER (
                PARTITION BY sd.ORDER_PK
                ORDER BY sd.LOAD_DATE ASC
            ) as asc_rank
        FROM source_data as sd
    ) AS rin
    WHERE rin.asc_rank = 1
),

unique_source_records AS (
    SELECT
        b.ORDER_PK, b.ORDER_HASHDIFF, b.order_date, b.status, b.EFFECTIVE_FROM, b.LOAD_DATE, b.RECORD_SOURCE
    FROM (
        SELECT DISTINCT
            sd.ORDER_PK, sd.ORDER_HASHDIFF, sd.order_date, sd.status, sd.EFFECTIVE_FROM, sd.LOAD_DATE, sd.RECORD_SOURCE,
            LAG(sd.ORDER_HASHDIFF) OVER (
                PARTITION BY sd.ORDER_PK
                ORDER BY sd.LOAD_DATE ASC) as prev_hashdiff
        FROM source_data as sd
        ) AS b
    WHERE b.ORDER_HASHDIFF != b.prev_hashdiff
),

records_to_insert AS (
        SELECT frin.ORDER_PK, frin.ORDER_HASHDIFF, frin.order_date, frin.status, frin.EFFECTIVE_FROM, frin.LOAD_DATE, frin.RECORD_SOURCE
        FROM first_record_in_set AS frin
        UNION
        SELECT usr.ORDER_PK, usr.ORDER_HASHDIFF, usr.order_date, usr.status, usr.EFFECTIVE_FROM, usr.LOAD_DATE, usr.RECORD_SOURCE
        FROM unique_source_records as usr
)

SELECT * FROM records_to_insert
  );
  
  
[0m17:50:23.630018 [debug] [Thread-1  ]: SQL status: SELECT 99 in 0 seconds
[0m17:50:23.636443 [debug] [Thread-1  ]: On model.jaffle_shop_dbtvault.sat_order: COMMIT
[0m17:50:23.638435 [debug] [Thread-1  ]: Using postgres connection "model.jaffle_shop_dbtvault.sat_order"
[0m17:50:23.641209 [debug] [Thread-1  ]: On model.jaffle_shop_dbtvault.sat_order: COMMIT
[0m17:50:23.646951 [debug] [Thread-1  ]: SQL status: COMMIT in 0 seconds
[0m17:50:23.650495 [debug] [Thread-1  ]: Timing info for model.jaffle_shop_dbtvault.sat_order (execute): 2026-05-18 17:50:23.560939 => 2026-05-18 17:50:23.650345
[0m17:50:23.652869 [debug] [Thread-1  ]: On model.jaffle_shop_dbtvault.sat_order: Close
[0m17:50:23.657406 [debug] [Thread-1  ]: Sending event: {'category': 'dbt', 'action': 'run_model', 'label': '9a1d7071-5fc8-46b3-babd-6c9a85bf453a', 'context': [<snowplow_tracker.self_describing_json.SelfDescribingJson object at 0x7f66a2ecd3d0>]}
[0m17:50:23.660276 [info ] [Thread-1  ]: 6 of 6 OK created sql incremental model dbt.sat_order .......................... [[32mSELECT 99[0m in 0.21s]
[0m17:50:23.665030 [debug] [Thread-1  ]: Finished running node model.jaffle_shop_dbtvault.sat_order
[0m17:50:23.671333 [debug] [MainThread]: Acquiring new postgres connection 'master'
[0m17:50:23.676321 [debug] [MainThread]: Using postgres connection "master"
[0m17:50:23.682063 [debug] [MainThread]: On master: BEGIN
[0m17:50:23.687719 [debug] [MainThread]: Opening a new connection, currently in state closed
[0m17:50:23.712199 [debug] [MainThread]: SQL status: BEGIN in 0 seconds
[0m17:50:23.714883 [debug] [MainThread]: On master: COMMIT
[0m17:50:23.718051 [debug] [MainThread]: Using postgres connection "master"
[0m17:50:23.721964 [debug] [MainThread]: On master: COMMIT
[0m17:50:23.726588 [debug] [MainThread]: SQL status: COMMIT in 0 seconds
[0m17:50:23.730456 [debug] [MainThread]: On master: Close
[0m17:50:23.734935 [debug] [MainThread]: Connection 'master' was properly closed.
[0m17:50:23.738805 [debug] [MainThread]: Connection 'model.jaffle_shop_dbtvault.sat_order' was properly closed.
[0m17:50:23.740945 [info ] [MainThread]: 
[0m17:50:23.743012 [info ] [MainThread]: Finished running 6 incremental models in 0 hours 0 minutes and 2.19 seconds (2.19s).
[0m17:50:23.749598 [debug] [MainThread]: Command end result
[0m17:50:23.865868 [info ] [MainThread]: 
[0m17:50:23.873170 [info ] [MainThread]: [32mCompleted successfully[0m
[0m17:50:23.877897 [info ] [MainThread]: 
[0m17:50:23.882121 [info ] [MainThread]: Done. PASS=6 WARN=0 ERROR=0 SKIP=0 TOTAL=6
[0m17:50:23.889891 [debug] [MainThread]: Sending event: {'category': 'dbt', 'action': 'invocation', 'label': 'end', 'context': [<snowplow_tracker.self_describing_json.SelfDescribingJson object at 0x7f66a32f21c0>, <snowplow_tracker.self_describing_json.SelfDescribingJson object at 0x7f66a32fcf70>, <snowplow_tracker.self_describing_json.SelfDescribingJson object at 0x7f66a32fc1c0>]}
[0m17:50:23.892448 [debug] [MainThread]: Flushing usage events


============================== 2026-05-18 17:52:12.736875 | 3e616cd5-22a3-4000-b505-976141e96a54 ==============================
[0m17:52:12.736875 [info ] [MainThread]: Running with dbt=1.4.0
[0m17:52:12.742898 [debug] [MainThread]: running dbt with arguments {'write_json': True, 'use_colors': True, 'printer_width': 80, 'version_check': True, 'partial_parse': True, 'static_parser': True, 'profiles_dir': '/workspace', 'send_anonymous_usage_stats': True, 'quiet': False, 'no_print': False, 'cache_selected_only': False, 'select': ['models/business_vault'], 'which': 'run', 'rpc_method': 'run', 'indirect_selection': 'eager'}
[0m17:52:12.747263 [debug] [MainThread]: Tracking: tracking
[0m17:52:12.763524 [debug] [MainThread]: Sending event: {'category': 'dbt', 'action': 'invocation', 'label': 'start', 'context': [<snowplow_tracker.self_describing_json.SelfDescribingJson object at 0x7fa947f50250>, <snowplow_tracker.self_describing_json.SelfDescribingJson object at 0x7fa9457b4430>, <snowplow_tracker.self_describing_json.SelfDescribingJson object at 0x7fa9457b4190>]}
[0m17:52:13.461129 [debug] [MainThread]: Partial parsing enabled: 0 files deleted, 3 files added, 0 files changed.
[0m17:52:13.463595 [debug] [MainThread]: Partial parsing: added file: jaffle_shop_dbtvault://models/business_vault/our_customer_pit.sql
[0m17:52:13.465851 [debug] [MainThread]: Partial parsing: added file: jaffle_shop_dbtvault://models/business_vault/as_of_date.sql
[0m17:52:13.468613 [debug] [MainThread]: Partial parsing: added file: jaffle_shop_dbtvault://models/business_vault/customer_pit.sql
[0m17:52:13.513237 [debug] [MainThread]: 1699: static parser successfully parsed business_vault/our_customer_pit.sql
[0m17:52:13.552330 [debug] [MainThread]: 1603: static parser failed on business_vault/as_of_date.sql
[0m17:52:13.637335 [debug] [MainThread]: 1602: parser fallback to jinja rendering on business_vault/as_of_date.sql
[0m17:52:13.644165 [debug] [MainThread]: 1603: static parser failed on business_vault/customer_pit.sql
[0m17:52:13.984491 [debug] [MainThread]: 1602: parser fallback to jinja rendering on business_vault/customer_pit.sql
[0m17:52:13.988169 [debug] [MainThread]: Sending event: {'category': 'dbt', 'action': 'invocation', 'label': 'end', 'context': [<snowplow_tracker.self_describing_json.SelfDescribingJson object at 0x7fa945418430>, <snowplow_tracker.self_describing_json.SelfDescribingJson object at 0x7fa9454030a0>, <snowplow_tracker.self_describing_json.SelfDescribingJson object at 0x7fa94554ed60>]}
[0m17:52:13.991546 [debug] [MainThread]: Flushing usage events
[0m17:52:14.838441 [error] [MainThread]: Encountered an error:
Compilation Error
  Model 'model.jaffle_shop_dbtvault.customer_pit' (models/business_vault/customer_pit.sql) depends on a node named 'AS_OF_DATE' which was not found


============================== 2026-05-18 17:53:51.166969 | b425d843-82df-4a46-a857-2004054ab366 ==============================
[0m17:53:51.166969 [info ] [MainThread]: Running with dbt=1.4.0
[0m17:53:51.172342 [debug] [MainThread]: running dbt with arguments {'write_json': True, 'use_colors': True, 'printer_width': 80, 'version_check': True, 'partial_parse': True, 'static_parser': True, 'profiles_dir': '/workspace', 'send_anonymous_usage_stats': True, 'quiet': False, 'no_print': False, 'cache_selected_only': False, 'select': ['models/business_vault'], 'which': 'run', 'rpc_method': 'run', 'indirect_selection': 'eager'}
[0m17:53:51.177724 [debug] [MainThread]: Tracking: tracking
[0m17:53:51.195625 [debug] [MainThread]: Sending event: {'category': 'dbt', 'action': 'invocation', 'label': 'start', 'context': [<snowplow_tracker.self_describing_json.SelfDescribingJson object at 0x7f88ff39ea90>, <snowplow_tracker.self_describing_json.SelfDescribingJson object at 0x7f88ff39ed90>, <snowplow_tracker.self_describing_json.SelfDescribingJson object at 0x7f88ff39e910>]}
[0m17:53:52.053823 [debug] [MainThread]: Partial parsing enabled: 0 files deleted, 3 files added, 0 files changed.
[0m17:53:52.056815 [debug] [MainThread]: Partial parsing: added file: jaffle_shop_dbtvault://models/business_vault/customer_pit.sql
[0m17:53:52.062748 [debug] [MainThread]: Partial parsing: added file: jaffle_shop_dbtvault://models/business_vault/as_of_date.sql
[0m17:53:52.065567 [debug] [MainThread]: Partial parsing: added file: jaffle_shop_dbtvault://models/business_vault/our_customer_pit.sql
[0m17:53:52.119411 [debug] [MainThread]: 1603: static parser failed on business_vault/customer_pit.sql
[0m17:53:52.429150 [debug] [MainThread]: 1602: parser fallback to jinja rendering on business_vault/customer_pit.sql
[0m17:53:52.435259 [debug] [MainThread]: 1603: static parser failed on business_vault/as_of_date.sql
[0m17:53:52.523183 [debug] [MainThread]: 1602: parser fallback to jinja rendering on business_vault/as_of_date.sql
[0m17:53:52.530977 [debug] [MainThread]: 1699: static parser successfully parsed business_vault/our_customer_pit.sql
[0m17:53:52.538088 [debug] [MainThread]: Sending event: {'category': 'dbt', 'action': 'invocation', 'label': 'end', 'context': [<snowplow_tracker.self_describing_json.SelfDescribingJson object at 0x7f88ff2e8460>, <snowplow_tracker.self_describing_json.SelfDescribingJson object at 0x7f88feff00d0>, <snowplow_tracker.self_describing_json.SelfDescribingJson object at 0x7f88ff141d00>]}
[0m17:53:52.539868 [debug] [MainThread]: Flushing usage events
[0m17:53:53.381673 [error] [MainThread]: Encountered an error:
Compilation Error
  Model 'model.jaffle_shop_dbtvault.customer_pit' (models/business_vault/customer_pit.sql) depends on a node named 'AS_OF_DATE' which was not found


============================== 2026-05-18 17:57:17.362771 | 4e3a1912-0ced-4c77-b8ac-8ca8ae1c4e26 ==============================
[0m17:57:17.362771 [info ] [MainThread]: Running with dbt=1.4.0
[0m17:57:17.367834 [debug] [MainThread]: running dbt with arguments {'write_json': True, 'use_colors': True, 'printer_width': 80, 'version_check': True, 'partial_parse': True, 'static_parser': True, 'profiles_dir': '/workspace', 'send_anonymous_usage_stats': True, 'quiet': False, 'no_print': False, 'cache_selected_only': False, 'config_dir': False, 'which': 'debug', 'indirect_selection': 'eager'}
[0m17:57:17.371944 [debug] [MainThread]: Tracking: tracking
[0m17:57:17.401077 [debug] [MainThread]: Sending event: {'category': 'dbt', 'action': 'invocation', 'label': 'start', 'context': [<snowplow_tracker.self_describing_json.SelfDescribingJson object at 0x7f746bb8c430>, <snowplow_tracker.self_describing_json.SelfDescribingJson object at 0x7f746bba5310>, <snowplow_tracker.self_describing_json.SelfDescribingJson object at 0x7f746bba5580>]}
[0m17:57:17.762569 [debug] [MainThread]: Executing "git --help"
[0m17:57:17.779206 [debug] [MainThread]: STDOUT: "b"usage: git [--version] [--help] [-C <path>] [-c <name>=<value>]\n           [--exec-path[=<path>]] [--html-path] [--man-path] [--info-path]\n           [-p | --paginate | -P | --no-pager] [--no-replace-objects] [--bare]\n           [--git-dir=<path>] [--work-tree=<path>] [--namespace=<name>]\n           <command> [<args>]\n\nThese are common Git commands used in various situations:\n\nstart a working area (see also: git help tutorial)\n   clone             Clone a repository into a new directory\n   init              Create an empty Git repository or reinitialize an existing one\n\nwork on the current change (see also: git help everyday)\n   add               Add file contents to the index\n   mv                Move or rename a file, a directory, or a symlink\n   restore           Restore working tree files\n   rm                Remove files from the working tree and from the index\n   sparse-checkout   Initialize and modify the sparse-checkout\n\nexamine the history and state (see also: git help revisions)\n   bisect            Use binary search to find the commit that introduced a bug\n   diff              Show changes between commits, commit and working tree, etc\n   grep              Print lines matching a pattern\n   log               Show commit logs\n   show              Show various types of objects\n   status            Show the working tree status\n\ngrow, mark and tweak your common history\n   branch            List, create, or delete branches\n   commit            Record changes to the repository\n   merge             Join two or more development histories together\n   rebase            Reapply commits on top of another base tip\n   reset             Reset current HEAD to the specified state\n   switch            Switch branches\n   tag               Create, list, delete or verify a tag object signed with GPG\n\ncollaborate (see also: git help workflows)\n   fetch             Download objects and refs from another repository\n   pull              Fetch from and integrate with another repository or a local branch\n   push              Update remote refs along with associated objects\n\n'git help -a' and 'git help -g' list available subcommands and some\nconcept guides. See 'git help <command>' or 'git help <concept>'\nto read about a specific subcommand or concept.\nSee 'git help git' for an overview of the system.\n""
[0m17:57:17.785299 [debug] [MainThread]: STDERR: "b''"
[0m17:57:17.806330 [debug] [MainThread]: Acquiring new postgres connection 'debug'
[0m17:57:17.813827 [debug] [MainThread]: Using postgres connection "debug"
[0m17:57:17.816659 [debug] [MainThread]: On debug: select 1 as id
[0m17:57:17.821260 [debug] [MainThread]: Opening a new connection, currently in state init
[0m17:57:17.855347 [debug] [MainThread]: SQL status: SELECT 1 in 0 seconds
[0m17:57:17.863361 [debug] [MainThread]: On debug: Close
[0m17:57:17.872205 [debug] [MainThread]: Sending event: {'category': 'dbt', 'action': 'invocation', 'label': 'end', 'context': [<snowplow_tracker.self_describing_json.SelfDescribingJson object at 0x7f746a33cb20>, <snowplow_tracker.self_describing_json.SelfDescribingJson object at 0x7f746a33c8e0>, <snowplow_tracker.self_describing_json.SelfDescribingJson object at 0x7f746a33c670>]}
[0m17:57:17.874232 [debug] [MainThread]: Flushing usage events
[0m17:57:18.751764 [debug] [MainThread]: Connection 'debug' was properly closed.


============================== 2026-05-18 17:59:59.296625 | dc6ac46b-519c-4cc6-9099-fb183ca593cf ==============================
[0m17:59:59.296625 [info ] [MainThread]: Running with dbt=1.4.0
[0m17:59:59.301701 [debug] [MainThread]: running dbt with arguments {'write_json': True, 'use_colors': True, 'printer_width': 80, 'version_check': True, 'partial_parse': True, 'static_parser': True, 'profiles_dir': '/workspace', 'send_anonymous_usage_stats': True, 'quiet': False, 'no_print': False, 'cache_selected_only': False, 'select': ['as_of_date'], 'which': 'run', 'rpc_method': 'run', 'indirect_selection': 'eager'}
[0m17:59:59.304708 [debug] [MainThread]: Tracking: tracking
[0m17:59:59.327596 [debug] [MainThread]: Sending event: {'category': 'dbt', 'action': 'invocation', 'label': 'start', 'context': [<snowplow_tracker.self_describing_json.SelfDescribingJson object at 0x7f87cdc93700>, <snowplow_tracker.self_describing_json.SelfDescribingJson object at 0x7f87cdc93430>, <snowplow_tracker.self_describing_json.SelfDescribingJson object at 0x7f87cdc93880>]}
[0m18:00:00.176144 [debug] [MainThread]: Partial parsing enabled: 0 files deleted, 3 files added, 0 files changed.
[0m18:00:00.179681 [debug] [MainThread]: Partial parsing: added file: jaffle_shop_dbtvault://models/business_vault/our_customer_pit.sql
[0m18:00:00.184189 [debug] [MainThread]: Partial parsing: added file: jaffle_shop_dbtvault://models/business_vault/customer_pit.sql
[0m18:00:00.187230 [debug] [MainThread]: Partial parsing: added file: jaffle_shop_dbtvault://models/business_vault/as_of_date.sql
[0m18:00:00.231015 [debug] [MainThread]: 1699: static parser successfully parsed business_vault/our_customer_pit.sql
[0m18:00:00.264322 [debug] [MainThread]: 1603: static parser failed on business_vault/customer_pit.sql
[0m18:00:00.553104 [debug] [MainThread]: 1602: parser fallback to jinja rendering on business_vault/customer_pit.sql
[0m18:00:00.561315 [debug] [MainThread]: 1603: static parser failed on business_vault/as_of_date.sql
[0m18:00:00.642650 [debug] [MainThread]: 1602: parser fallback to jinja rendering on business_vault/as_of_date.sql
[0m18:00:00.645838 [debug] [MainThread]: Sending event: {'category': 'dbt', 'action': 'invocation', 'label': 'end', 'context': [<snowplow_tracker.self_describing_json.SelfDescribingJson object at 0x7f87cd908430>, <snowplow_tracker.self_describing_json.SelfDescribingJson object at 0x7f87cd8e30a0>, <snowplow_tracker.self_describing_json.SelfDescribingJson object at 0x7f87cda35cd0>]}
[0m18:00:00.648327 [debug] [MainThread]: Flushing usage events
[0m18:00:01.569723 [error] [MainThread]: Encountered an error:
Compilation Error
  Model 'model.jaffle_shop_dbtvault.customer_pit' (models/business_vault/customer_pit.sql) depends on a node named 'AS_OF_DATE' which was not found


============================== 2026-05-18 18:02:23.242352 | 2633ca96-0281-428d-a001-773f21c45c16 ==============================
[0m18:02:23.242352 [info ] [MainThread]: Running with dbt=1.4.0
[0m18:02:23.249667 [debug] [MainThread]: running dbt with arguments {'write_json': True, 'use_colors': True, 'printer_width': 80, 'version_check': True, 'partial_parse': True, 'static_parser': True, 'profiles_dir': '/workspace', 'send_anonymous_usage_stats': True, 'quiet': False, 'no_print': False, 'cache_selected_only': False, 'select': ['as_of_date'], 'which': 'run', 'rpc_method': 'run', 'indirect_selection': 'eager'}
[0m18:02:23.255934 [debug] [MainThread]: Tracking: tracking
[0m18:02:23.276378 [debug] [MainThread]: Sending event: {'category': 'dbt', 'action': 'invocation', 'label': 'start', 'context': [<snowplow_tracker.self_describing_json.SelfDescribingJson object at 0x7fdaa36bda90>, <snowplow_tracker.self_describing_json.SelfDescribingJson object at 0x7fdaa36bdd90>, <snowplow_tracker.self_describing_json.SelfDescribingJson object at 0x7fdaa36bd910>]}
[0m18:02:24.025825 [debug] [MainThread]: Partial parsing enabled: 0 files deleted, 3 files added, 0 files changed.
[0m18:02:24.028503 [debug] [MainThread]: Partial parsing: added file: jaffle_shop_dbtvault://models/business_vault/our_customer_pit.sql
[0m18:02:24.031715 [debug] [MainThread]: Partial parsing: added file: jaffle_shop_dbtvault://models/as_of_date.sql
[0m18:02:24.033852 [debug] [MainThread]: Partial parsing: added file: jaffle_shop_dbtvault://models/business_vault/customer_pit.sql
[0m18:02:24.079406 [debug] [MainThread]: 1699: static parser successfully parsed business_vault/our_customer_pit.sql
[0m18:02:24.114742 [debug] [MainThread]: 1603: static parser failed on as_of_date.sql
[0m18:02:24.197174 [debug] [MainThread]: 1602: parser fallback to jinja rendering on as_of_date.sql
[0m18:02:24.203923 [debug] [MainThread]: 1603: static parser failed on business_vault/customer_pit.sql
[0m18:02:24.485045 [debug] [MainThread]: 1602: parser fallback to jinja rendering on business_vault/customer_pit.sql
[0m18:02:24.487711 [debug] [MainThread]: Sending event: {'category': 'dbt', 'action': 'invocation', 'label': 'end', 'context': [<snowplow_tracker.self_describing_json.SelfDescribingJson object at 0x7fdaa3607460>, <snowplow_tracker.self_describing_json.SelfDescribingJson object at 0x7fdaa330f0d0>, <snowplow_tracker.self_describing_json.SelfDescribingJson object at 0x7fdaa3460d00>]}
[0m18:02:24.490700 [debug] [MainThread]: Flushing usage events
[0m18:02:25.340650 [error] [MainThread]: Encountered an error:
Compilation Error
  Model 'model.jaffle_shop_dbtvault.customer_pit' (models/business_vault/customer_pit.sql) depends on a node named 'AS_OF_DATE' which was not found


============================== 2026-05-18 18:03:59.888057 | bf109b63-ea31-4616-9cf0-829f783d5204 ==============================
[0m18:03:59.888057 [info ] [MainThread]: Running with dbt=1.4.0
[0m18:03:59.892615 [debug] [MainThread]: running dbt with arguments {'write_json': True, 'use_colors': True, 'printer_width': 80, 'version_check': True, 'partial_parse': True, 'static_parser': True, 'profiles_dir': '/workspace', 'send_anonymous_usage_stats': True, 'quiet': False, 'no_print': False, 'cache_selected_only': False, 'which': 'deps', 'rpc_method': 'deps', 'indirect_selection': 'eager'}
[0m18:03:59.897354 [debug] [MainThread]: Tracking: tracking
[0m18:03:59.918643 [debug] [MainThread]: Sending event: {'category': 'dbt', 'action': 'invocation', 'label': 'start', 'context': [<snowplow_tracker.self_describing_json.SelfDescribingJson object at 0x7f6430062dc0>, <snowplow_tracker.self_describing_json.SelfDescribingJson object at 0x7f6430070160>, <snowplow_tracker.self_describing_json.SelfDescribingJson object at 0x7f6430070100>]}
[0m18:03:59.925414 [debug] [MainThread]: Set downloads directory='/tmp/dbt-downloads-bgxyzwds'
[0m18:03:59.938202 [debug] [MainThread]: Executing "git clone --depth 1 https://github.com/DWH-course-examples/automate-dv 762b94e9556ea6498f16273383b29357"
[0m18:04:01.299241 [debug] [MainThread]: STDOUT: "b''"
[0m18:04:01.301652 [debug] [MainThread]: STDERR: "b"Cloning into '762b94e9556ea6498f16273383b29357'...\n""
[0m18:04:01.305457 [debug] [MainThread]: Pulling new dependency 762b94e9556ea6498f16273383b29357.
[0m18:04:01.308082 [debug] [MainThread]: Executing "git rev-parse HEAD"
[0m18:04:01.321842 [debug] [MainThread]: STDOUT: "b'4d34ff1e4d728aba959a880018d32856c7eaff4b\n'"
[0m18:04:01.324394 [debug] [MainThread]: STDERR: "b''"
[0m18:04:01.326449 [debug] [MainThread]:   Checking out revision master.
[0m18:04:01.329520 [debug] [MainThread]: Executing "git remote set-branches origin master"
[0m18:04:01.350264 [debug] [MainThread]: STDOUT: "b''"
[0m18:04:01.354546 [debug] [MainThread]: STDERR: "b''"
[0m18:04:01.356631 [debug] [MainThread]: Executing "git fetch origin --depth 1 --tags master"
[0m18:04:03.157050 [debug] [MainThread]: STDOUT: "b''"
[0m18:04:03.160017 [debug] [MainThread]: STDERR: "b'From https://github.com/DWH-course-examples/automate-dv\n * branch            master     -> FETCH_HEAD\n * [new tag]         v0.1-pre   -> v0.1-pre\n * [new tag]         v0.10.0    -> v0.10.0\n * [new tag]         v0.10.1    -> v0.10.1\n * [new tag]         v0.2-pre   -> v0.2-pre\n * [new tag]         v0.2.1-pre -> v0.2.1-pre\n * [new tag]         v0.2.2-pre -> v0.2.2-pre\n * [new tag]         v0.2.3-pre -> v0.2.3-pre\n * [new tag]         v0.2.4-pre -> v0.2.4-pre\n * [new tag]         v0.3-pre   -> v0.3-pre\n * [new tag]         v0.3.1-pre -> v0.3.1-pre\n * [new tag]         v0.3.2-pre -> v0.3.2-pre\n * [new tag]         v0.3.3-pre -> v0.3.3-pre\n * [new tag]         v0.4       -> v0.4\n * [new tag]         v0.4.1     -> v0.4.1\n * [new tag]         v0.5       -> v0.5\n * [new tag]         v0.6       -> v0.6\n * [new tag]         v0.6-b1    -> v0.6-b1\n * [new tag]         v0.6-b2    -> v0.6-b2\n * [new tag]         v0.6.1     -> v0.6.1\n * [new tag]         v0.6.2     -> v0.6.2\n * [new tag]         v0.7.0     -> v0.7.0\n * [new tag]         v0.7.1     -> v0.7.1\n * [new tag]         v0.7.2     -> v0.7.2\n * [new tag]         v0.7.3     -> v0.7.3\n * [new tag]         v0.7.4     -> v0.7.4\n * [new tag]         v0.7.5     -> v0.7.5\n * [new tag]         v0.7.6     -> v0.7.6\n * [new tag]         v0.7.6-b1  -> v0.7.6-b1\n * [new tag]         v0.7.6.1   -> v0.7.6.1\n * [new tag]         v0.7.7     -> v0.7.7\n * [new tag]         v0.7.8     -> v0.7.8\n * [new tag]         v0.7.9     -> v0.7.9\n * [new tag]         v0.8.0     -> v0.8.0\n * [new tag]         v0.8.1     -> v0.8.1\n * [new tag]         v0.8.2     -> v0.8.2\n * [new tag]         v0.8.3     -> v0.8.3\n * [new tag]         v0.9.0     -> v0.9.0\n * [new tag]         v0.9.1     -> v0.9.1\n * [new tag]         v0.9.2     -> v0.9.2\n * [new tag]         v0.9.3     -> v0.9.3\n * [new tag]         v0.9.4     -> v0.9.4\n * [new tag]         v0.9.5     -> v0.9.5\n * [new tag]         v0.9.6     -> v0.9.6\n * [new tag]         v0.9.7     -> v0.9.7\n'"
[0m18:04:03.163189 [debug] [MainThread]: Executing "git tag --list"
[0m18:04:03.179041 [debug] [MainThread]: STDOUT: "b'v0.1-pre\nv0.10.0\nv0.10.1\nv0.2-pre\nv0.2.1-pre\nv0.2.2-pre\nv0.2.3-pre\nv0.2.4-pre\nv0.3-pre\nv0.3.1-pre\nv0.3.2-pre\nv0.3.3-pre\nv0.4\nv0.4.1\nv0.5\nv0.6\nv0.6-b1\nv0.6-b2\nv0.6.1\nv0.6.2\nv0.7.0\nv0.7.1\nv0.7.2\nv0.7.3\nv0.7.4\nv0.7.5\nv0.7.6\nv0.7.6-b1\nv0.7.6.1\nv0.7.7\nv0.7.8\nv0.7.9\nv0.8.0\nv0.8.1\nv0.8.2\nv0.8.3\nv0.9.0\nv0.9.1\nv0.9.2\nv0.9.3\nv0.9.4\nv0.9.5\nv0.9.6\nv0.9.7\n'"
[0m18:04:03.182094 [debug] [MainThread]: STDERR: "b''"
[0m18:04:03.185219 [debug] [MainThread]: Executing "git reset --hard origin/master"
[0m18:04:03.220101 [debug] [MainThread]: STDOUT: "b'HEAD is now at 4d34ff1 Update as_constant.sql\n'"
[0m18:04:03.222855 [debug] [MainThread]: STDERR: "b''"
[0m18:04:03.225400 [debug] [MainThread]: Executing "git rev-parse HEAD"
[0m18:04:03.241384 [debug] [MainThread]: STDOUT: "b'4d34ff1e4d728aba959a880018d32856c7eaff4b\n'"
[0m18:04:03.245034 [debug] [MainThread]: STDERR: "b''"
[0m18:04:03.249658 [debug] [MainThread]:   Checked out at 4d34ff1.
[0m18:04:03.255172 [warn ] [MainThread]: [33mWARNING: The git package "https://github.com/DWH-course-examples/automate-dv" 
	is None.
	This can introduce breaking changes into your project without warning!

See https://docs.getdbt.com/docs/package-management#section-specifying-package-versions[0m
[0m18:04:03.309394 [debug] [MainThread]: Making package index registry request: GET https://hub.getdbt.com/api/v1/index.json
[0m18:04:03.939453 [debug] [MainThread]: Response from registry index: GET https://hub.getdbt.com/api/v1/index.json 200
[0m18:04:03.950426 [debug] [MainThread]: Making package registry request: GET https://hub.getdbt.com/api/v1/dbt-labs/dbt_utils.json
[0m18:04:04.199044 [debug] [MainThread]: Response from registry: GET https://hub.getdbt.com/api/v1/dbt-labs/dbt_utils.json 200
[0m18:04:04.511325 [debug] [MainThread]: Executing "git clone --depth 1 https://github.com/DWH-course-examples/automate-dv 762b94e9556ea6498f16273383b29357"
[0m18:04:04.525364 [debug] [MainThread]: STDOUT: "b''"
[0m18:04:04.529123 [debug] [MainThread]: STDERR: "b"fatal: destination path '762b94e9556ea6498f16273383b29357' already exists and is not an empty directory.\n""
[0m18:04:04.533398 [debug] [MainThread]: command return code=128
[0m18:04:04.537726 [debug] [MainThread]: Updating existing dependency 762b94e9556ea6498f16273383b29357.
[0m18:04:04.540105 [debug] [MainThread]: Executing "git rev-parse HEAD"
[0m18:04:04.553135 [debug] [MainThread]: STDOUT: "b'4d34ff1e4d728aba959a880018d32856c7eaff4b\n'"
[0m18:04:04.555561 [debug] [MainThread]: STDERR: "b''"
[0m18:04:04.557428 [debug] [MainThread]:   Checking out revision master.
[0m18:04:04.560081 [debug] [MainThread]: Executing "git remote set-branches origin master"
[0m18:04:04.574206 [debug] [MainThread]: STDOUT: "b''"
[0m18:04:04.576889 [debug] [MainThread]: STDERR: "b''"
[0m18:04:04.580301 [debug] [MainThread]: Executing "git fetch origin --depth 1 --tags master"
[0m18:04:05.543755 [debug] [MainThread]: STDOUT: "b''"
[0m18:04:05.547101 [debug] [MainThread]: STDERR: "b'From https://github.com/DWH-course-examples/automate-dv\n * branch            master     -> FETCH_HEAD\n'"
[0m18:04:05.548366 [debug] [MainThread]: Executing "git tag --list"
[0m18:04:05.565877 [debug] [MainThread]: STDOUT: "b'v0.1-pre\nv0.10.0\nv0.10.1\nv0.2-pre\nv0.2.1-pre\nv0.2.2-pre\nv0.2.3-pre\nv0.2.4-pre\nv0.3-pre\nv0.3.1-pre\nv0.3.2-pre\nv0.3.3-pre\nv0.4\nv0.4.1\nv0.5\nv0.6\nv0.6-b1\nv0.6-b2\nv0.6.1\nv0.6.2\nv0.7.0\nv0.7.1\nv0.7.2\nv0.7.3\nv0.7.4\nv0.7.5\nv0.7.6\nv0.7.6-b1\nv0.7.6.1\nv0.7.7\nv0.7.8\nv0.7.9\nv0.8.0\nv0.8.1\nv0.8.2\nv0.8.3\nv0.9.0\nv0.9.1\nv0.9.2\nv0.9.3\nv0.9.4\nv0.9.5\nv0.9.6\nv0.9.7\n'"
[0m18:04:05.568936 [debug] [MainThread]: STDERR: "b''"
[0m18:04:05.572954 [debug] [MainThread]: Executing "git reset --hard origin/master"
[0m18:04:05.591805 [debug] [MainThread]: STDOUT: "b'HEAD is now at 4d34ff1 Update as_constant.sql\n'"
[0m18:04:05.595330 [debug] [MainThread]: STDERR: "b''"
[0m18:04:05.598772 [debug] [MainThread]: Executing "git rev-parse HEAD"
[0m18:04:05.615043 [debug] [MainThread]: STDOUT: "b'4d34ff1e4d728aba959a880018d32856c7eaff4b\n'"
[0m18:04:05.617693 [debug] [MainThread]: STDERR: "b''"
[0m18:04:05.619927 [debug] [MainThread]: Already at 4d34ff1, nothing to do.
[0m18:04:05.624170 [warn ] [MainThread]: [33mWARNING: The git package "https://github.com/DWH-course-examples/automate-dv" 
	is None.
	This can introduce breaking changes into your project without warning!

See https://docs.getdbt.com/docs/package-management#section-specifying-package-versions[0m
[0m18:04:05.681799 [info ] [MainThread]: Installing https://github.com/DWH-course-examples/automate-dv
[0m18:04:06.246229 [debug] [MainThread]: Executing "git clone --depth 1 https://github.com/DWH-course-examples/automate-dv 762b94e9556ea6498f16273383b29357"
[0m18:04:06.270236 [debug] [MainThread]: STDOUT: "b''"
[0m18:04:06.273917 [debug] [MainThread]: STDERR: "b"fatal: destination path '762b94e9556ea6498f16273383b29357' already exists and is not an empty directory.\n""
[0m18:04:06.277914 [debug] [MainThread]: command return code=128
[0m18:04:06.282345 [debug] [MainThread]: Updating existing dependency 762b94e9556ea6498f16273383b29357.
[0m18:04:06.287003 [debug] [MainThread]: Executing "git rev-parse HEAD"
[0m18:04:06.303577 [debug] [MainThread]: STDOUT: "b'4d34ff1e4d728aba959a880018d32856c7eaff4b\n'"
[0m18:04:06.306619 [debug] [MainThread]: STDERR: "b''"
[0m18:04:06.312409 [debug] [MainThread]:   Checking out revision master.
[0m18:04:06.315230 [debug] [MainThread]: Executing "git remote set-branches origin master"
[0m18:04:06.336382 [debug] [MainThread]: STDOUT: "b''"
[0m18:04:06.342254 [debug] [MainThread]: STDERR: "b''"
[0m18:04:06.353292 [debug] [MainThread]: Executing "git fetch origin --depth 1 --tags master"
[0m18:04:07.437849 [debug] [MainThread]: STDOUT: "b''"
[0m18:04:07.440725 [debug] [MainThread]: STDERR: "b'From https://github.com/DWH-course-examples/automate-dv\n * branch            master     -> FETCH_HEAD\n'"
[0m18:04:07.442531 [debug] [MainThread]: Executing "git tag --list"
[0m18:04:07.458759 [debug] [MainThread]: STDOUT: "b'v0.1-pre\nv0.10.0\nv0.10.1\nv0.2-pre\nv0.2.1-pre\nv0.2.2-pre\nv0.2.3-pre\nv0.2.4-pre\nv0.3-pre\nv0.3.1-pre\nv0.3.2-pre\nv0.3.3-pre\nv0.4\nv0.4.1\nv0.5\nv0.6\nv0.6-b1\nv0.6-b2\nv0.6.1\nv0.6.2\nv0.7.0\nv0.7.1\nv0.7.2\nv0.7.3\nv0.7.4\nv0.7.5\nv0.7.6\nv0.7.6-b1\nv0.7.6.1\nv0.7.7\nv0.7.8\nv0.7.9\nv0.8.0\nv0.8.1\nv0.8.2\nv0.8.3\nv0.9.0\nv0.9.1\nv0.9.2\nv0.9.3\nv0.9.4\nv0.9.5\nv0.9.6\nv0.9.7\n'"
[0m18:04:07.461338 [debug] [MainThread]: STDERR: "b''"
[0m18:04:07.462971 [debug] [MainThread]: Executing "git reset --hard origin/master"
[0m18:04:07.481723 [debug] [MainThread]: STDOUT: "b'HEAD is now at 4d34ff1 Update as_constant.sql\n'"
[0m18:04:07.484428 [debug] [MainThread]: STDERR: "b''"
[0m18:04:07.487761 [debug] [MainThread]: Executing "git rev-parse HEAD"
[0m18:04:07.504475 [debug] [MainThread]: STDOUT: "b'4d34ff1e4d728aba959a880018d32856c7eaff4b\n'"
[0m18:04:07.507332 [debug] [MainThread]: STDERR: "b''"
[0m18:04:07.510254 [debug] [MainThread]: Already at 4d34ff1, nothing to do.
[0m18:04:09.362570 [info ] [MainThread]:   Installed from revision master
[0m18:04:09.366089 [debug] [MainThread]: Sending event: {'category': 'dbt', 'action': 'package', 'label': 'bf109b63-ea31-4616-9cf0-829f783d5204', 'property_': 'install', 'context': [<snowplow_tracker.self_describing_json.SelfDescribingJson object at 0x7f64300f6dc0>, <snowplow_tracker.self_describing_json.SelfDescribingJson object at 0x7f64300f6250>]}
[0m18:04:09.369277 [info ] [MainThread]: Installing dbt-labs/dbt_utils
[0m18:04:12.701725 [info ] [MainThread]:   Installed from version 1.3.3
[0m18:04:12.705683 [info ] [MainThread]:   Up to date!
[0m18:04:12.711202 [debug] [MainThread]: Sending event: {'category': 'dbt', 'action': 'package', 'label': 'bf109b63-ea31-4616-9cf0-829f783d5204', 'property_': 'install', 'context': [<snowplow_tracker.self_describing_json.SelfDescribingJson object at 0x7f643283b670>, <snowplow_tracker.self_describing_json.SelfDescribingJson object at 0x7f643075ecd0>]}
[0m18:04:12.715422 [debug] [MainThread]: Sending event: {'category': 'dbt', 'action': 'invocation', 'label': 'end', 'context': [<snowplow_tracker.self_describing_json.SelfDescribingJson object at 0x7f643018f970>, <snowplow_tracker.self_describing_json.SelfDescribingJson object at 0x7f64310ff430>, <snowplow_tracker.self_describing_json.SelfDescribingJson object at 0x7f64307bc8b0>]}
[0m18:04:12.717177 [debug] [MainThread]: Flushing usage events


============================== 2026-05-18 18:04:28.169693 | 804342e2-681b-49f7-976e-dadd5e80ba61 ==============================
[0m18:04:28.169693 [info ] [MainThread]: Running with dbt=1.4.0
[0m18:04:28.175065 [debug] [MainThread]: running dbt with arguments {'write_json': True, 'use_colors': True, 'printer_width': 80, 'version_check': True, 'partial_parse': True, 'static_parser': True, 'profiles_dir': '/workspace', 'send_anonymous_usage_stats': True, 'quiet': False, 'no_print': False, 'cache_selected_only': False, 'select': ['as_of_date'], 'which': 'run', 'rpc_method': 'run', 'indirect_selection': 'eager'}
[0m18:04:28.177285 [debug] [MainThread]: Tracking: tracking
[0m18:04:28.195995 [debug] [MainThread]: Sending event: {'category': 'dbt', 'action': 'invocation', 'label': 'start', 'context': [<snowplow_tracker.self_describing_json.SelfDescribingJson object at 0x7f60a767caf0>, <snowplow_tracker.self_describing_json.SelfDescribingJson object at 0x7f60a4ec5a60>, <snowplow_tracker.self_describing_json.SelfDescribingJson object at 0x7f60a4ec5730>]}
[0m18:04:28.927919 [debug] [MainThread]: Partial parsing enabled: 0 files deleted, 3 files added, 0 files changed.
[0m18:04:28.932002 [debug] [MainThread]: Partial parsing: added file: jaffle_shop_dbtvault://models/business_vault/customer_pit.sql
[0m18:04:28.935118 [debug] [MainThread]: Partial parsing: added file: jaffle_shop_dbtvault://models/business_vault/as_of_date.sql
[0m18:04:28.938538 [debug] [MainThread]: Partial parsing: added file: jaffle_shop_dbtvault://models/business_vault/our_customer_pit.sql
[0m18:04:28.984223 [debug] [MainThread]: 1603: static parser failed on business_vault/customer_pit.sql
[0m18:04:29.253147 [debug] [MainThread]: 1602: parser fallback to jinja rendering on business_vault/customer_pit.sql
[0m18:04:29.260272 [debug] [MainThread]: 1603: static parser failed on business_vault/as_of_date.sql
[0m18:04:29.351925 [debug] [MainThread]: 1602: parser fallback to jinja rendering on business_vault/as_of_date.sql
[0m18:04:29.359823 [debug] [MainThread]: 1699: static parser successfully parsed business_vault/our_customer_pit.sql
[0m18:04:29.369238 [debug] [MainThread]: Sending event: {'category': 'dbt', 'action': 'invocation', 'label': 'end', 'context': [<snowplow_tracker.self_describing_json.SelfDescribingJson object at 0x7f60a4b39490>, <snowplow_tracker.self_describing_json.SelfDescribingJson object at 0x7f60a4b13100>, <snowplow_tracker.self_describing_json.SelfDescribingJson object at 0x7f60a4c61d30>]}
[0m18:04:29.373136 [debug] [MainThread]: Flushing usage events
[0m18:04:30.173014 [error] [MainThread]: Encountered an error:
Compilation Error
  Model 'model.jaffle_shop_dbtvault.customer_pit' (models/business_vault/customer_pit.sql) depends on a node named 'AS_OF_DATE' which was not found


============================== 2026-05-18 18:05:28.165801 | 160fd7ab-f445-4b00-ad7f-4f144cbd5014 ==============================
[0m18:05:28.165801 [info ] [MainThread]: Running with dbt=1.4.0
[0m18:05:28.175287 [debug] [MainThread]: running dbt with arguments {'write_json': True, 'use_colors': True, 'printer_width': 80, 'version_check': True, 'partial_parse': True, 'static_parser': True, 'profiles_dir': '/workspace', 'send_anonymous_usage_stats': True, 'quiet': False, 'no_print': False, 'cache_selected_only': False, 'select': ['models/stage'], 'which': 'run', 'rpc_method': 'run', 'indirect_selection': 'eager'}
[0m18:05:28.181821 [debug] [MainThread]: Tracking: tracking
[0m18:05:28.214864 [debug] [MainThread]: Sending event: {'category': 'dbt', 'action': 'invocation', 'label': 'start', 'context': [<snowplow_tracker.self_describing_json.SelfDescribingJson object at 0x7f9470621790>, <snowplow_tracker.self_describing_json.SelfDescribingJson object at 0x7f9470621760>, <snowplow_tracker.self_describing_json.SelfDescribingJson object at 0x7f94706214f0>]}
[0m18:05:28.912834 [debug] [MainThread]: Partial parsing enabled: 0 files deleted, 3 files added, 0 files changed.
[0m18:05:28.915788 [debug] [MainThread]: Partial parsing: added file: jaffle_shop_dbtvault://models/stage/as_of_date.sql
[0m18:05:28.920131 [debug] [MainThread]: Partial parsing: added file: jaffle_shop_dbtvault://models/business_vault/our_customer_pit.sql
[0m18:05:28.923643 [debug] [MainThread]: Partial parsing: added file: jaffle_shop_dbtvault://models/business_vault/customer_pit.sql
[0m18:05:28.978081 [debug] [MainThread]: 1603: static parser failed on stage/as_of_date.sql
[0m18:05:29.113598 [debug] [MainThread]: 1602: parser fallback to jinja rendering on stage/as_of_date.sql
[0m18:05:29.122260 [debug] [MainThread]: 1699: static parser successfully parsed business_vault/our_customer_pit.sql
[0m18:05:29.136250 [debug] [MainThread]: 1603: static parser failed on business_vault/customer_pit.sql
[0m18:05:29.468588 [debug] [MainThread]: 1602: parser fallback to jinja rendering on business_vault/customer_pit.sql
[0m18:05:29.472451 [debug] [MainThread]: Sending event: {'category': 'dbt', 'action': 'invocation', 'label': 'end', 'context': [<snowplow_tracker.self_describing_json.SelfDescribingJson object at 0x7f947026fd30>, <snowplow_tracker.self_describing_json.SelfDescribingJson object at 0x7f94703c0d30>, <snowplow_tracker.self_describing_json.SelfDescribingJson object at 0x7f9470544c40>]}
[0m18:05:29.476597 [debug] [MainThread]: Flushing usage events
[0m18:05:30.286056 [error] [MainThread]: Encountered an error:
Compilation Error
  Model 'model.jaffle_shop_dbtvault.customer_pit' (models/business_vault/customer_pit.sql) depends on a node named 'AS_OF_DATE' which was not found


============================== 2026-05-18 18:05:56.865768 | db7fcebf-4df8-421c-ae59-cfce50606147 ==============================
[0m18:05:56.865768 [info ] [MainThread]: Running with dbt=1.4.0
[0m18:05:56.870533 [debug] [MainThread]: running dbt with arguments {'write_json': True, 'use_colors': True, 'printer_width': 80, 'version_check': True, 'partial_parse': True, 'static_parser': True, 'profiles_dir': '/workspace', 'send_anonymous_usage_stats': True, 'quiet': False, 'no_print': False, 'cache_selected_only': False, 'which': 'clean', 'indirect_selection': 'eager'}
[0m18:05:56.872334 [debug] [MainThread]: Tracking: tracking
[0m18:05:56.891097 [debug] [MainThread]: Sending event: {'category': 'dbt', 'action': 'invocation', 'label': 'start', 'context': [<snowplow_tracker.self_describing_json.SelfDescribingJson object at 0x7f626800b220>, <snowplow_tracker.self_describing_json.SelfDescribingJson object at 0x7f626800bfa0>, <snowplow_tracker.self_describing_json.SelfDescribingJson object at 0x7f626800bca0>]}
[0m18:05:57.131331 [debug] [MainThread]: Sending event: {'category': 'dbt', 'action': 'invocation', 'label': 'end', 'context': [<snowplow_tracker.self_describing_json.SelfDescribingJson object at 0x7f626800bee0>, <snowplow_tracker.self_describing_json.SelfDescribingJson object at 0x7f626800bca0>, <snowplow_tracker.self_describing_json.SelfDescribingJson object at 0x7f626800bf10>]}
[0m18:05:57.137743 [debug] [MainThread]: Flushing usage events


============================== 2026-05-18 18:06:06.918510 | 26d48b3e-a524-4302-b1ba-95ae686316a1 ==============================
[0m18:06:06.918510 [info ] [MainThread]: Running with dbt=1.4.0
[0m18:06:06.924506 [debug] [MainThread]: running dbt with arguments {'write_json': True, 'use_colors': True, 'printer_width': 80, 'version_check': True, 'partial_parse': True, 'static_parser': True, 'profiles_dir': '/workspace', 'send_anonymous_usage_stats': True, 'quiet': False, 'no_print': False, 'cache_selected_only': False, 'select': ['models/stage'], 'which': 'run', 'rpc_method': 'run', 'indirect_selection': 'eager'}
[0m18:06:06.926654 [debug] [MainThread]: Tracking: tracking
[0m18:06:06.948438 [debug] [MainThread]: Sending event: {'category': 'dbt', 'action': 'invocation', 'label': 'start', 'context': [<snowplow_tracker.self_describing_json.SelfDescribingJson object at 0x7ff698d3bd00>, <snowplow_tracker.self_describing_json.SelfDescribingJson object at 0x7ff698d3b460>, <snowplow_tracker.self_describing_json.SelfDescribingJson object at 0x7ff698d3b8e0>]}
[0m18:06:07.097173 [info ] [MainThread]: Unable to do partial parsing because saved manifest not found. Starting full parse.
[0m18:06:07.102944 [debug] [MainThread]: Sending event: {'category': 'dbt', 'action': 'partial_parser', 'label': '26d48b3e-a524-4302-b1ba-95ae686316a1', 'context': [<snowplow_tracker.self_describing_json.SelfDescribingJson object at 0x7ff69a53c2e0>]}
[0m18:06:13.523156 [debug] [MainThread]: 1699: static parser successfully parsed stage/stg_customer_order.sql
[0m18:06:13.560888 [debug] [MainThread]: 1603: static parser failed on stage/stg_orders.sql
[0m18:06:14.090797 [debug] [MainThread]: 1602: parser fallback to jinja rendering on stage/stg_orders.sql
[0m18:06:14.099345 [debug] [MainThread]: 1603: static parser failed on stage/stg_customers.sql
[0m18:06:14.151541 [debug] [MainThread]: 1602: parser fallback to jinja rendering on stage/stg_customers.sql
[0m18:06:14.157777 [debug] [MainThread]: 1603: static parser failed on stage/stg_link_customer_order.sql
[0m18:06:14.201869 [debug] [MainThread]: 1602: parser fallback to jinja rendering on stage/stg_link_customer_order.sql
[0m18:06:14.207737 [debug] [MainThread]: 1603: static parser failed on stage/stg_customers_crm.sql
[0m18:06:14.257958 [debug] [MainThread]: 1602: parser fallback to jinja rendering on stage/stg_customers_crm.sql
[0m18:06:14.265166 [debug] [MainThread]: 1603: static parser failed on stage/as_of_date.sql
[0m18:06:14.355089 [debug] [MainThread]: 1602: parser fallback to jinja rendering on stage/as_of_date.sql
[0m18:06:14.361203 [debug] [MainThread]: 1603: static parser failed on raw_vault/hubs/hub_customer.sql
[0m18:06:14.573556 [debug] [MainThread]: 1602: parser fallback to jinja rendering on raw_vault/hubs/hub_customer.sql
[0m18:06:14.580057 [debug] [MainThread]: 1603: static parser failed on raw_vault/hubs/hub_order.sql
[0m18:06:14.605594 [debug] [MainThread]: 1602: parser fallback to jinja rendering on raw_vault/hubs/hub_order.sql
[0m18:06:14.612292 [debug] [MainThread]: 1603: static parser failed on raw_vault/sats/sat_customer_crm.sql
[0m18:06:14.859752 [debug] [MainThread]: 1602: parser fallback to jinja rendering on raw_vault/sats/sat_customer_crm.sql
[0m18:06:14.866147 [debug] [MainThread]: 1603: static parser failed on raw_vault/sats/sat_customer.sql
[0m18:06:14.921909 [debug] [MainThread]: 1602: parser fallback to jinja rendering on raw_vault/sats/sat_customer.sql
[0m18:06:14.928433 [debug] [MainThread]: 1603: static parser failed on raw_vault/sats/sat_order.sql
[0m18:06:14.984112 [debug] [MainThread]: 1602: parser fallback to jinja rendering on raw_vault/sats/sat_order.sql
[0m18:06:14.990134 [debug] [MainThread]: 1603: static parser failed on raw_vault/links/link_customer_order.sql
[0m18:06:15.076392 [debug] [MainThread]: 1602: parser fallback to jinja rendering on raw_vault/links/link_customer_order.sql
[0m18:06:15.082933 [debug] [MainThread]: 1699: static parser successfully parsed business_vault/our_customer_pit.sql
[0m18:06:15.093390 [debug] [MainThread]: 1603: static parser failed on business_vault/customer_pit.sql
[0m18:06:15.267790 [debug] [MainThread]: 1602: parser fallback to jinja rendering on business_vault/customer_pit.sql
[0m18:06:15.477797 [debug] [MainThread]: Sending event: {'category': 'dbt', 'action': 'invocation', 'label': 'end', 'context': [<snowplow_tracker.self_describing_json.SelfDescribingJson object at 0x7ff6981391f0>, <snowplow_tracker.self_describing_json.SelfDescribingJson object at 0x7ff698033490>, <snowplow_tracker.self_describing_json.SelfDescribingJson object at 0x7ff698033fa0>]}
[0m18:06:15.480502 [debug] [MainThread]: Flushing usage events
[0m18:06:16.285741 [error] [MainThread]: Encountered an error:
Compilation Error
  Model 'model.jaffle_shop_dbtvault.customer_pit' (models/business_vault/customer_pit.sql) depends on a node named 'AS_OF_DATE' which was not found


============================== 2026-05-18 18:07:09.875892 | cff5f8ef-86a8-405b-abde-fb86b7b5ae29 ==============================
[0m18:07:09.875892 [info ] [MainThread]: Running with dbt=1.4.0
[0m18:07:09.882848 [debug] [MainThread]: running dbt with arguments {'write_json': True, 'use_colors': True, 'printer_width': 80, 'version_check': True, 'partial_parse': True, 'static_parser': True, 'profiles_dir': '/workspace', 'send_anonymous_usage_stats': True, 'quiet': False, 'no_print': False, 'cache_selected_only': False, 'select': ['as_of_date'], 'which': 'run', 'rpc_method': 'run', 'indirect_selection': 'eager'}
[0m18:07:09.885675 [debug] [MainThread]: Tracking: tracking
[0m18:07:09.919414 [debug] [MainThread]: Sending event: {'category': 'dbt', 'action': 'invocation', 'label': 'start', 'context': [<snowplow_tracker.self_describing_json.SelfDescribingJson object at 0x7f6668d8d130>, <snowplow_tracker.self_describing_json.SelfDescribingJson object at 0x7f6668d8dd90>, <snowplow_tracker.self_describing_json.SelfDescribingJson object at 0x7f6668d8d910>]}
[0m18:07:10.077391 [info ] [MainThread]: Unable to do partial parsing because saved manifest not found. Starting full parse.
[0m18:07:10.080153 [debug] [MainThread]: Sending event: {'category': 'dbt', 'action': 'partial_parser', 'label': 'cff5f8ef-86a8-405b-abde-fb86b7b5ae29', 'context': [<snowplow_tracker.self_describing_json.SelfDescribingJson object at 0x7f666a58b1c0>]}
[0m18:07:16.401776 [debug] [MainThread]: 1603: static parser failed on as_of_date.sql
[0m18:07:16.530295 [debug] [MainThread]: 1602: parser fallback to jinja rendering on as_of_date.sql
[0m18:07:16.540803 [debug] [MainThread]: 1699: static parser successfully parsed stage/stg_customer_order.sql
[0m18:07:16.553135 [debug] [MainThread]: 1603: static parser failed on stage/stg_orders.sql
[0m18:07:16.993332 [debug] [MainThread]: 1602: parser fallback to jinja rendering on stage/stg_orders.sql
[0m18:07:16.999972 [debug] [MainThread]: 1603: static parser failed on stage/stg_customers.sql
[0m18:07:17.055249 [debug] [MainThread]: 1602: parser fallback to jinja rendering on stage/stg_customers.sql
[0m18:07:17.063081 [debug] [MainThread]: 1603: static parser failed on stage/stg_link_customer_order.sql
[0m18:07:17.112155 [debug] [MainThread]: 1602: parser fallback to jinja rendering on stage/stg_link_customer_order.sql
[0m18:07:17.119160 [debug] [MainThread]: 1603: static parser failed on stage/stg_customers_crm.sql
[0m18:07:17.174472 [debug] [MainThread]: 1602: parser fallback to jinja rendering on stage/stg_customers_crm.sql
[0m18:07:17.181216 [debug] [MainThread]: 1603: static parser failed on raw_vault/hubs/hub_customer.sql
[0m18:07:17.514526 [debug] [MainThread]: 1602: parser fallback to jinja rendering on raw_vault/hubs/hub_customer.sql
[0m18:07:17.520844 [debug] [MainThread]: 1603: static parser failed on raw_vault/hubs/hub_order.sql
[0m18:07:17.556257 [debug] [MainThread]: 1602: parser fallback to jinja rendering on raw_vault/hubs/hub_order.sql
[0m18:07:17.562338 [debug] [MainThread]: 1603: static parser failed on raw_vault/sats/sat_customer_crm.sql
[0m18:07:17.864057 [debug] [MainThread]: 1602: parser fallback to jinja rendering on raw_vault/sats/sat_customer_crm.sql
[0m18:07:17.873529 [debug] [MainThread]: 1603: static parser failed on raw_vault/sats/sat_customer.sql
[0m18:07:17.928113 [debug] [MainThread]: 1602: parser fallback to jinja rendering on raw_vault/sats/sat_customer.sql
[0m18:07:17.934024 [debug] [MainThread]: 1603: static parser failed on raw_vault/sats/sat_order.sql
[0m18:07:17.981636 [debug] [MainThread]: 1602: parser fallback to jinja rendering on raw_vault/sats/sat_order.sql
[0m18:07:17.987881 [debug] [MainThread]: 1603: static parser failed on raw_vault/links/link_customer_order.sql
[0m18:07:18.073420 [debug] [MainThread]: 1602: parser fallback to jinja rendering on raw_vault/links/link_customer_order.sql
[0m18:07:18.080249 [debug] [MainThread]: 1699: static parser successfully parsed business_vault/our_customer_pit.sql
[0m18:07:18.092317 [debug] [MainThread]: 1603: static parser failed on business_vault/customer_pit.sql
[0m18:07:18.265318 [debug] [MainThread]: 1602: parser fallback to jinja rendering on business_vault/customer_pit.sql
[0m18:07:18.468189 [debug] [MainThread]: Sending event: {'category': 'dbt', 'action': 'invocation', 'label': 'end', 'context': [<snowplow_tracker.self_describing_json.SelfDescribingJson object at 0x7f66680cca90>, <snowplow_tracker.self_describing_json.SelfDescribingJson object at 0x7f66681332e0>, <snowplow_tracker.self_describing_json.SelfDescribingJson object at 0x7f6668133760>]}
[0m18:07:18.470921 [debug] [MainThread]: Flushing usage events
[0m18:07:19.392145 [error] [MainThread]: Encountered an error:
Compilation Error
  Model 'model.jaffle_shop_dbtvault.customer_pit' (models/business_vault/customer_pit.sql) depends on a node named 'AS_OF_DATE' which was not found


============================== 2026-05-18 18:08:12.784133 | d9d28f39-0786-47b0-8d5f-677392fdfbd4 ==============================
[0m18:08:12.784133 [info ] [MainThread]: Running with dbt=1.4.0
[0m18:08:12.789176 [debug] [MainThread]: running dbt with arguments {'write_json': True, 'use_colors': True, 'printer_width': 80, 'version_check': True, 'partial_parse': True, 'static_parser': True, 'profiles_dir': '/workspace', 'send_anonymous_usage_stats': True, 'quiet': False, 'no_print': False, 'cache_selected_only': False, 'select': ['as_of_date'], 'which': 'run', 'rpc_method': 'run', 'indirect_selection': 'eager'}
[0m18:08:12.791810 [debug] [MainThread]: Tracking: tracking
[0m18:08:12.808257 [debug] [MainThread]: Sending event: {'category': 'dbt', 'action': 'invocation', 'label': 'start', 'context': [<snowplow_tracker.self_describing_json.SelfDescribingJson object at 0x7f0328772d30>, <snowplow_tracker.self_describing_json.SelfDescribingJson object at 0x7f032876d460>, <snowplow_tracker.self_describing_json.SelfDescribingJson object at 0x7f032876daf0>]}
[0m18:08:12.944853 [info ] [MainThread]: Unable to do partial parsing because saved manifest not found. Starting full parse.
[0m18:08:12.947942 [debug] [MainThread]: Sending event: {'category': 'dbt', 'action': 'partial_parser', 'label': 'd9d28f39-0786-47b0-8d5f-677392fdfbd4', 'context': [<snowplow_tracker.self_describing_json.SelfDescribingJson object at 0x7f03287701c0>]}
[0m18:08:19.114478 [debug] [MainThread]: 1603: static parser failed on as_of_date.sql
[0m18:08:19.234840 [debug] [MainThread]: 1602: parser fallback to jinja rendering on as_of_date.sql
[0m18:08:19.245266 [debug] [MainThread]: 1699: static parser successfully parsed stage/stg_customer_order.sql
[0m18:08:19.262860 [debug] [MainThread]: 1603: static parser failed on stage/stg_orders.sql
[0m18:08:19.791339 [debug] [MainThread]: 1602: parser fallback to jinja rendering on stage/stg_orders.sql
[0m18:08:19.798162 [debug] [MainThread]: 1603: static parser failed on stage/stg_customers.sql
[0m18:08:19.857244 [debug] [MainThread]: 1602: parser fallback to jinja rendering on stage/stg_customers.sql
[0m18:08:19.864674 [debug] [MainThread]: 1603: static parser failed on stage/stg_link_customer_order.sql
[0m18:08:19.911042 [debug] [MainThread]: 1602: parser fallback to jinja rendering on stage/stg_link_customer_order.sql
[0m18:08:19.917457 [debug] [MainThread]: 1603: static parser failed on stage/stg_customers_crm.sql
[0m18:08:19.970510 [debug] [MainThread]: 1602: parser fallback to jinja rendering on stage/stg_customers_crm.sql
[0m18:08:19.978596 [debug] [MainThread]: 1603: static parser failed on raw_vault/hubs/hub_customer.sql
[0m18:08:20.299297 [debug] [MainThread]: 1602: parser fallback to jinja rendering on raw_vault/hubs/hub_customer.sql
[0m18:08:20.310305 [debug] [MainThread]: 1603: static parser failed on raw_vault/hubs/hub_order.sql
[0m18:08:20.342149 [debug] [MainThread]: 1602: parser fallback to jinja rendering on raw_vault/hubs/hub_order.sql
[0m18:08:20.349563 [debug] [MainThread]: 1603: static parser failed on raw_vault/sats/sat_customer_crm.sql
[0m18:08:20.542432 [debug] [MainThread]: 1602: parser fallback to jinja rendering on raw_vault/sats/sat_customer_crm.sql
[0m18:08:20.549214 [debug] [MainThread]: 1603: static parser failed on raw_vault/sats/sat_customer.sql
[0m18:08:20.606501 [debug] [MainThread]: 1602: parser fallback to jinja rendering on raw_vault/sats/sat_customer.sql
[0m18:08:20.614424 [debug] [MainThread]: 1603: static parser failed on raw_vault/sats/sat_order.sql
[0m18:08:20.677090 [debug] [MainThread]: 1602: parser fallback to jinja rendering on raw_vault/sats/sat_order.sql
[0m18:08:20.685158 [debug] [MainThread]: 1603: static parser failed on raw_vault/links/link_customer_order.sql
[0m18:08:20.784782 [debug] [MainThread]: 1602: parser fallback to jinja rendering on raw_vault/links/link_customer_order.sql
[0m18:08:20.792235 [debug] [MainThread]: 1699: static parser successfully parsed business_vault/our_customer_pit.sql
[0m18:08:20.804448 [debug] [MainThread]: 1699: static parser successfully parsed business_vault/customer_pit.sql
[0m18:08:21.114726 [debug] [MainThread]: Sending event: {'category': 'dbt', 'action': 'load_project', 'label': 'd9d28f39-0786-47b0-8d5f-677392fdfbd4', 'context': [<snowplow_tracker.self_describing_json.SelfDescribingJson object at 0x7f0327d4ae50>]}
[0m18:08:21.163013 [debug] [MainThread]: Sending event: {'category': 'dbt', 'action': 'resource_counts', 'label': 'd9d28f39-0786-47b0-8d5f-677392fdfbd4', 'context': [<snowplow_tracker.self_describing_json.SelfDescribingJson object at 0x7f0327e52f40>]}
[0m18:08:21.168034 [info ] [MainThread]: Found 14 models, 0 tests, 0 snapshots, 0 analyses, 658 macros, 0 operations, 3 seed files, 7 sources, 0 exposures, 0 metrics
[0m18:08:21.172343 [debug] [MainThread]: Sending event: {'category': 'dbt', 'action': 'runnable_timing', 'label': 'd9d28f39-0786-47b0-8d5f-677392fdfbd4', 'context': [<snowplow_tracker.self_describing_json.SelfDescribingJson object at 0x7f0329fb9ac0>]}
[0m18:08:21.185972 [info ] [MainThread]: 
[0m18:08:21.199063 [debug] [MainThread]: Acquiring new postgres connection 'master'
[0m18:08:21.209978 [debug] [ThreadPool]: Acquiring new postgres connection 'list_postgres'
[0m18:08:21.243035 [debug] [ThreadPool]: Using postgres connection "list_postgres"
[0m18:08:21.247046 [debug] [ThreadPool]: On list_postgres: /* {"app": "dbt", "dbt_version": "1.4.0", "profile_name": "jaffle_shop", "target_name": "dev", "connection_name": "list_postgres"} */

    select distinct nspname from pg_namespace
  
[0m18:08:21.248642 [debug] [ThreadPool]: Opening a new connection, currently in state init
[0m18:08:21.285573 [debug] [ThreadPool]: SQL status: SELECT 5 in 0 seconds
[0m18:08:21.291172 [debug] [ThreadPool]: On list_postgres: Close
[0m18:08:21.316668 [debug] [ThreadPool]: Acquiring new postgres connection 'list_postgres_dbt'
[0m18:08:21.345802 [debug] [ThreadPool]: Using postgres connection "list_postgres_dbt"
[0m18:08:21.351679 [debug] [ThreadPool]: On list_postgres_dbt: BEGIN
[0m18:08:21.356626 [debug] [ThreadPool]: Opening a new connection, currently in state closed
[0m18:08:21.387472 [debug] [ThreadPool]: SQL status: BEGIN in 0 seconds
[0m18:08:21.391251 [debug] [ThreadPool]: Using postgres connection "list_postgres_dbt"
[0m18:08:21.396404 [debug] [ThreadPool]: On list_postgres_dbt: /* {"app": "dbt", "dbt_version": "1.4.0", "profile_name": "jaffle_shop", "target_name": "dev", "connection_name": "list_postgres_dbt"} */
select
      'postgres' as database,
      tablename as name,
      schemaname as schema,
      'table' as type
    from pg_tables
    where schemaname ilike 'dbt'
    union all
    select
      'postgres' as database,
      viewname as name,
      schemaname as schema,
      'view' as type
    from pg_views
    where schemaname ilike 'dbt'
  
[0m18:08:21.413023 [debug] [ThreadPool]: SQL status: SELECT 14 in 0 seconds
[0m18:08:21.418486 [debug] [ThreadPool]: On list_postgres_dbt: ROLLBACK
[0m18:08:21.420913 [debug] [ThreadPool]: On list_postgres_dbt: Close
[0m18:08:21.444846 [debug] [MainThread]: Using postgres connection "master"
[0m18:08:21.447371 [debug] [MainThread]: On master: BEGIN
[0m18:08:21.450341 [debug] [MainThread]: Opening a new connection, currently in state init
[0m18:08:21.466019 [debug] [MainThread]: SQL status: BEGIN in 0 seconds
[0m18:08:21.468163 [debug] [MainThread]: Using postgres connection "master"
[0m18:08:21.471266 [debug] [MainThread]: On master: /* {"app": "dbt", "dbt_version": "1.4.0", "profile_name": "jaffle_shop", "target_name": "dev", "connection_name": "master"} */
with relation as (
        select
            pg_rewrite.ev_class as class,
            pg_rewrite.oid as id
        from pg_rewrite
    ),
    class as (
        select
            oid as id,
            relname as name,
            relnamespace as schema,
            relkind as kind
        from pg_class
    ),
    dependency as (
        select distinct
            pg_depend.objid as id,
            pg_depend.refobjid as ref
        from pg_depend
    ),
    schema as (
        select
            pg_namespace.oid as id,
            pg_namespace.nspname as name
        from pg_namespace
        where nspname != 'information_schema' and nspname not like 'pg\_%'
    ),
    referenced as (
        select
            relation.id AS id,
            referenced_class.name ,
            referenced_class.schema ,
            referenced_class.kind
        from relation
        join class as referenced_class on relation.class=referenced_class.id
        where referenced_class.kind in ('r', 'v')
    ),
    relationships as (
        select
            referenced.name as referenced_name,
            referenced.schema as referenced_schema_id,
            dependent_class.name as dependent_name,
            dependent_class.schema as dependent_schema_id,
            referenced.kind as kind
        from referenced
        join dependency on referenced.id=dependency.id
        join class as dependent_class on dependency.ref=dependent_class.id
        where
            (referenced.name != dependent_class.name or
             referenced.schema != dependent_class.schema)
    )

    select
        referenced_schema.name as referenced_schema,
        relationships.referenced_name as referenced_name,
        dependent_schema.name as dependent_schema,
        relationships.dependent_name as dependent_name
    from relationships
    join schema as dependent_schema on relationships.dependent_schema_id=dependent_schema.id
    join schema as referenced_schema on relationships.referenced_schema_id=referenced_schema.id
    group by referenced_schema, referenced_name, dependent_schema, dependent_name
    order by referenced_schema, referenced_name, dependent_schema, dependent_name;
[0m18:08:21.482456 [debug] [MainThread]: SQL status: SELECT 6 in 0 seconds
[0m18:08:21.488626 [debug] [MainThread]: Sending event: {'category': 'dbt', 'action': 'runnable_timing', 'label': 'd9d28f39-0786-47b0-8d5f-677392fdfbd4', 'context': [<snowplow_tracker.self_describing_json.SelfDescribingJson object at 0x7f0327c38730>]}
[0m18:08:21.491172 [debug] [MainThread]: On master: ROLLBACK
[0m18:08:21.495178 [debug] [MainThread]: Using postgres connection "master"
[0m18:08:21.497758 [debug] [MainThread]: On master: BEGIN
[0m18:08:21.504124 [debug] [MainThread]: SQL status: BEGIN in 0 seconds
[0m18:08:21.506585 [debug] [MainThread]: On master: COMMIT
[0m18:08:21.509759 [debug] [MainThread]: Using postgres connection "master"
[0m18:08:21.513427 [debug] [MainThread]: On master: COMMIT
[0m18:08:21.516017 [debug] [MainThread]: SQL status: COMMIT in 0 seconds
[0m18:08:21.518496 [debug] [MainThread]: On master: Close
[0m18:08:21.523198 [info ] [MainThread]: Concurrency: 1 threads (target='dev')
[0m18:08:21.526233 [info ] [MainThread]: 
[0m18:08:21.541366 [debug] [Thread-1  ]: Began running node model.jaffle_shop_dbtvault.as_of_date
[0m18:08:21.544195 [info ] [Thread-1  ]: 1 of 1 START sql table model dbt.as_of_date .................................... [RUN]
[0m18:08:21.551689 [debug] [Thread-1  ]: Acquiring new postgres connection 'model.jaffle_shop_dbtvault.as_of_date'
[0m18:08:21.557230 [debug] [Thread-1  ]: Began compiling node model.jaffle_shop_dbtvault.as_of_date
[0m18:08:21.624229 [debug] [Thread-1  ]: Using postgres connection "model.jaffle_shop_dbtvault.as_of_date"
[0m18:08:21.630010 [debug] [Thread-1  ]: On model.jaffle_shop_dbtvault.as_of_date: BEGIN
[0m18:08:21.635353 [debug] [Thread-1  ]: Opening a new connection, currently in state closed
[0m18:08:21.669302 [debug] [Thread-1  ]: SQL status: BEGIN in 0 seconds
[0m18:08:21.675564 [debug] [Thread-1  ]: Using postgres connection "model.jaffle_shop_dbtvault.as_of_date"
[0m18:08:21.681418 [debug] [Thread-1  ]: On model.jaffle_shop_dbtvault.as_of_date: /* {"app": "dbt", "dbt_version": "1.4.0", "profile_name": "jaffle_shop", "target_name": "dev", "node_id": "model.jaffle_shop_dbtvault.as_of_date"} */


        select 
        ((TO_DATE('2021/04/01', 'yyyy/mm/dd'))::date - (TO_DATE('2021/01/01', 'yyyy/mm/dd'))::date)
    
[0m18:08:21.693254 [debug] [Thread-1  ]: SQL status: SELECT 1 in 0 seconds
[0m18:08:21.708342 [debug] [Thread-1  ]: Writing injected SQL for node "model.jaffle_shop_dbtvault.as_of_date"
[0m18:08:21.724022 [debug] [Thread-1  ]: Timing info for model.jaffle_shop_dbtvault.as_of_date (compile): 2026-05-18 18:08:21.562167 => 2026-05-18 18:08:21.723766
[0m18:08:21.726865 [debug] [Thread-1  ]: Began executing node model.jaffle_shop_dbtvault.as_of_date
[0m18:08:21.899431 [debug] [Thread-1  ]: Writing runtime sql for node "model.jaffle_shop_dbtvault.as_of_date"
[0m18:08:21.946114 [debug] [Thread-1  ]: Using postgres connection "model.jaffle_shop_dbtvault.as_of_date"
[0m18:08:21.956642 [debug] [Thread-1  ]: On model.jaffle_shop_dbtvault.as_of_date: /* {"app": "dbt", "dbt_version": "1.4.0", "profile_name": "jaffle_shop", "target_name": "dev", "node_id": "model.jaffle_shop_dbtvault.as_of_date"} */

  
    

  create  table "postgres"."dbt"."as_of_date__dbt_tmp"
  as (
    WITH as_of_date AS (
    





with rawdata as (

    

    

    with p as (
        select 0 as generated_number union all select 1
    ), unioned as (

    select

    
    p0.generated_number * power(2, 0)
     + 
    
    p1.generated_number * power(2, 1)
     + 
    
    p2.generated_number * power(2, 2)
     + 
    
    p3.generated_number * power(2, 3)
     + 
    
    p4.generated_number * power(2, 4)
     + 
    
    p5.generated_number * power(2, 5)
     + 
    
    p6.generated_number * power(2, 6)
    
    
    + 1
    as generated_number

    from

    
    p as p0
     cross join 
    
    p as p1
     cross join 
    
    p as p2
     cross join 
    
    p as p3
     cross join 
    
    p as p4
     cross join 
    
    p as p5
     cross join 
    
    p as p6
    
    

    )

    select *
    from unioned
    where generated_number <= 90
    order by generated_number



),

all_periods as (

    select (
        

    TO_DATE('2021/01/01', 'yyyy/mm/dd') + ((interval '1 day') * (row_number() over (order by generated_number) - 1))


    ) as date_day
    from rawdata

),

filtered as (

    select *
    from all_periods
    where date_day <= TO_DATE('2021/04/01', 'yyyy/mm/dd')

)

select * from filtered


)

SELECT DATE_day as AS_OF_DATE FROM as_of_date
  );
  
[0m18:08:21.993490 [debug] [Thread-1  ]: SQL status: SELECT 90 in 0 seconds
[0m18:08:22.046875 [debug] [Thread-1  ]: Using postgres connection "model.jaffle_shop_dbtvault.as_of_date"
[0m18:08:22.049134 [debug] [Thread-1  ]: On model.jaffle_shop_dbtvault.as_of_date: /* {"app": "dbt", "dbt_version": "1.4.0", "profile_name": "jaffle_shop", "target_name": "dev", "node_id": "model.jaffle_shop_dbtvault.as_of_date"} */
alter table "postgres"."dbt"."as_of_date__dbt_tmp" rename to "as_of_date"
[0m18:08:22.054457 [debug] [Thread-1  ]: SQL status: ALTER TABLE in 0 seconds
[0m18:08:22.116682 [debug] [Thread-1  ]: On model.jaffle_shop_dbtvault.as_of_date: COMMIT
[0m18:08:22.119237 [debug] [Thread-1  ]: Using postgres connection "model.jaffle_shop_dbtvault.as_of_date"
[0m18:08:22.121049 [debug] [Thread-1  ]: On model.jaffle_shop_dbtvault.as_of_date: COMMIT
[0m18:08:22.133317 [debug] [Thread-1  ]: SQL status: COMMIT in 0 seconds
[0m18:08:22.157379 [debug] [Thread-1  ]: Using postgres connection "model.jaffle_shop_dbtvault.as_of_date"
[0m18:08:22.160192 [debug] [Thread-1  ]: On model.jaffle_shop_dbtvault.as_of_date: /* {"app": "dbt", "dbt_version": "1.4.0", "profile_name": "jaffle_shop", "target_name": "dev", "node_id": "model.jaffle_shop_dbtvault.as_of_date"} */
drop table if exists "postgres"."dbt"."as_of_date__dbt_backup" cascade
[0m18:08:22.162543 [debug] [Thread-1  ]: SQL status: DROP TABLE in 0 seconds
[0m18:08:22.168743 [debug] [Thread-1  ]: Timing info for model.jaffle_shop_dbtvault.as_of_date (execute): 2026-05-18 18:08:21.729233 => 2026-05-18 18:08:22.168595
[0m18:08:22.179356 [debug] [Thread-1  ]: On model.jaffle_shop_dbtvault.as_of_date: Close
[0m18:08:22.183917 [debug] [Thread-1  ]: Sending event: {'category': 'dbt', 'action': 'run_model', 'label': 'd9d28f39-0786-47b0-8d5f-677392fdfbd4', 'context': [<snowplow_tracker.self_describing_json.SelfDescribingJson object at 0x7f0327c299d0>]}
[0m18:08:22.193812 [info ] [Thread-1  ]: 1 of 1 OK created sql table model dbt.as_of_date ............................... [[32mSELECT 90[0m in 0.63s]
[0m18:08:22.203828 [debug] [Thread-1  ]: Finished running node model.jaffle_shop_dbtvault.as_of_date
[0m18:08:22.240294 [debug] [MainThread]: Acquiring new postgres connection 'master'
[0m18:08:22.246395 [debug] [MainThread]: Using postgres connection "master"
[0m18:08:22.256325 [debug] [MainThread]: On master: BEGIN
[0m18:08:22.265969 [debug] [MainThread]: Opening a new connection, currently in state closed
[0m18:08:22.320490 [debug] [MainThread]: SQL status: BEGIN in 0 seconds
[0m18:08:22.324269 [debug] [MainThread]: On master: COMMIT
[0m18:08:22.331863 [debug] [MainThread]: Using postgres connection "master"
[0m18:08:22.337798 [debug] [MainThread]: On master: COMMIT
[0m18:08:22.344570 [debug] [MainThread]: SQL status: COMMIT in 0 seconds
[0m18:08:22.353264 [debug] [MainThread]: On master: Close
[0m18:08:22.357793 [debug] [MainThread]: Connection 'master' was properly closed.
[0m18:08:22.361773 [debug] [MainThread]: Connection 'model.jaffle_shop_dbtvault.as_of_date' was properly closed.
[0m18:08:22.366108 [info ] [MainThread]: 
[0m18:08:22.370338 [info ] [MainThread]: Finished running 1 table model in 0 hours 0 minutes and 1.17 seconds (1.17s).
[0m18:08:22.375250 [debug] [MainThread]: Command end result
[0m18:08:22.515965 [info ] [MainThread]: 
[0m18:08:22.518124 [info ] [MainThread]: [32mCompleted successfully[0m
[0m18:08:22.519761 [info ] [MainThread]: 
[0m18:08:22.523022 [info ] [MainThread]: Done. PASS=1 WARN=0 ERROR=0 SKIP=0 TOTAL=1
[0m18:08:22.526987 [debug] [MainThread]: Sending event: {'category': 'dbt', 'action': 'invocation', 'label': 'end', 'context': [<snowplow_tracker.self_describing_json.SelfDescribingJson object at 0x7f0327c9f550>, <snowplow_tracker.self_describing_json.SelfDescribingJson object at 0x7f0327c9fc40>, <snowplow_tracker.self_describing_json.SelfDescribingJson object at 0x7f0327c9f250>]}
[0m18:08:22.532535 [debug] [MainThread]: Flushing usage events


============================== 2026-05-18 18:08:49.914195 | 0aa69a36-b2c1-4533-a129-54ef1ef4552b ==============================
[0m18:08:49.914195 [info ] [MainThread]: Running with dbt=1.4.0
[0m18:08:49.920736 [debug] [MainThread]: running dbt with arguments {'write_json': True, 'use_colors': True, 'printer_width': 80, 'version_check': True, 'partial_parse': True, 'static_parser': True, 'profiles_dir': '/workspace', 'send_anonymous_usage_stats': True, 'quiet': False, 'no_print': False, 'cache_selected_only': False, 'which': 'run', 'rpc_method': 'run', 'indirect_selection': 'eager'}
[0m18:08:49.923706 [debug] [MainThread]: Tracking: tracking
[0m18:08:49.957430 [debug] [MainThread]: Sending event: {'category': 'dbt', 'action': 'invocation', 'label': 'start', 'context': [<snowplow_tracker.self_describing_json.SelfDescribingJson object at 0x7ff736db60a0>, <snowplow_tracker.self_describing_json.SelfDescribingJson object at 0x7ff736db6460>, <snowplow_tracker.self_describing_json.SelfDescribingJson object at 0x7ff736db68e0>]}
[0m18:08:50.598747 [debug] [MainThread]: Partial parsing enabled: 0 files deleted, 0 files added, 1 files changed.
[0m18:08:50.602154 [debug] [MainThread]: Partial parsing: updated file: jaffle_shop_dbtvault://models/business_vault/customer_pit.sql
[0m18:08:50.645329 [debug] [MainThread]: 1603: static parser failed on business_vault/customer_pit.sql
[0m18:08:50.929487 [debug] [MainThread]: 1602: parser fallback to jinja rendering on business_vault/customer_pit.sql
[0m18:08:50.935607 [debug] [MainThread]: Sending event: {'category': 'dbt', 'action': 'invocation', 'label': 'end', 'context': [<snowplow_tracker.self_describing_json.SelfDescribingJson object at 0x7ff736a20ac0>, <snowplow_tracker.self_describing_json.SelfDescribingJson object at 0x7ff736a0a310>, <snowplow_tracker.self_describing_json.SelfDescribingJson object at 0x7ff736b4a3a0>]}
[0m18:08:50.939181 [debug] [MainThread]: Flushing usage events
[0m18:08:51.744247 [error] [MainThread]: Encountered an error:
Compilation Error
  Model 'model.jaffle_shop_dbtvault.customer_pit' (models/business_vault/customer_pit.sql) depends on a node named 'AS_OF_DATE' which was not found


============================== 2026-05-18 18:10:28.752066 | 031f1369-d847-43b3-894b-02be5ff02759 ==============================
[0m18:10:28.752066 [info ] [MainThread]: Running with dbt=1.4.0
[0m18:10:28.758084 [debug] [MainThread]: running dbt with arguments {'write_json': True, 'use_colors': True, 'printer_width': 80, 'version_check': True, 'partial_parse': True, 'static_parser': True, 'profiles_dir': '/workspace', 'send_anonymous_usage_stats': True, 'quiet': False, 'no_print': False, 'cache_selected_only': False, 'resource_types': ['model'], 'output': 'selector', 'indirect_selection': 'eager', 'which': 'list'}
[0m18:10:28.763997 [debug] [MainThread]: Tracking: tracking
[0m18:10:28.781022 [debug] [MainThread]: Sending event: {'category': 'dbt', 'action': 'invocation', 'label': 'start', 'context': [<snowplow_tracker.self_describing_json.SelfDescribingJson object at 0x7f072cf68c40>, <snowplow_tracker.self_describing_json.SelfDescribingJson object at 0x7f072cf68d90>, <snowplow_tracker.self_describing_json.SelfDescribingJson object at 0x7f072cf68910>]}
[0m18:10:29.652495 [debug] [MainThread]: Partial parsing enabled: 0 files deleted, 0 files added, 1 files changed.
[0m18:10:29.655660 [debug] [MainThread]: Partial parsing: updated file: jaffle_shop_dbtvault://models/business_vault/customer_pit.sql
[0m18:10:29.725771 [debug] [MainThread]: 1603: static parser failed on business_vault/customer_pit.sql
[0m18:10:30.088684 [debug] [MainThread]: 1602: parser fallback to jinja rendering on business_vault/customer_pit.sql
[0m18:10:30.092258 [debug] [MainThread]: Sending event: {'category': 'dbt', 'action': 'invocation', 'label': 'end', 'context': [<snowplow_tracker.self_describing_json.SelfDescribingJson object at 0x7f072cbd5a90>, <snowplow_tracker.self_describing_json.SelfDescribingJson object at 0x7f072cbbe2e0>, <snowplow_tracker.self_describing_json.SelfDescribingJson object at 0x7f072ccfe370>]}
[0m18:10:30.097513 [debug] [MainThread]: Flushing usage events
[0m18:10:30.943227 [error] [MainThread]: Encountered an error:
Compilation Error
  Model 'model.jaffle_shop_dbtvault.customer_pit' (models/business_vault/customer_pit.sql) depends on a node named 'AS_OF_DATE' which was not found


============================== 2026-05-18 18:10:45.692008 | 2df7db50-27af-4481-9e69-d400ef6701ba ==============================
[0m18:10:45.692008 [info ] [MainThread]: Running with dbt=1.4.0
[0m18:10:45.697580 [debug] [MainThread]: running dbt with arguments {'write_json': True, 'use_colors': True, 'printer_width': 80, 'version_check': True, 'partial_parse': True, 'static_parser': True, 'profiles_dir': '/workspace', 'send_anonymous_usage_stats': True, 'quiet': False, 'no_print': False, 'cache_selected_only': False, 'which': 'run', 'rpc_method': 'run', 'indirect_selection': 'eager'}
[0m18:10:45.700942 [debug] [MainThread]: Tracking: tracking
[0m18:10:45.718016 [debug] [MainThread]: Sending event: {'category': 'dbt', 'action': 'invocation', 'label': 'start', 'context': [<snowplow_tracker.self_describing_json.SelfDescribingJson object at 0x7fdbe9d0cf40>, <snowplow_tracker.self_describing_json.SelfDescribingJson object at 0x7fdbe9d0c460>, <snowplow_tracker.self_describing_json.SelfDescribingJson object at 0x7fdbe9d0c8e0>]}
[0m18:10:46.360734 [debug] [MainThread]: Partial parsing enabled: 1 files deleted, 1 files added, 1 files changed.
[0m18:10:46.364504 [debug] [MainThread]: Partial parsing: added file: jaffle_shop_dbtvault://models/business_vault/as_of_date.sql
[0m18:10:46.367005 [debug] [MainThread]: Partial parsing: deleted file: jaffle_shop_dbtvault://models/as_of_date.sql
[0m18:10:46.370755 [debug] [MainThread]: Partial parsing: updated file: jaffle_shop_dbtvault://models/business_vault/customer_pit.sql
[0m18:10:46.428656 [debug] [MainThread]: 1603: static parser failed on business_vault/as_of_date.sql
[0m18:10:46.551044 [debug] [MainThread]: 1602: parser fallback to jinja rendering on business_vault/as_of_date.sql
[0m18:10:46.559964 [debug] [MainThread]: 1603: static parser failed on business_vault/customer_pit.sql
[0m18:10:46.823949 [debug] [MainThread]: 1602: parser fallback to jinja rendering on business_vault/customer_pit.sql
[0m18:10:46.826840 [debug] [MainThread]: Sending event: {'category': 'dbt', 'action': 'invocation', 'label': 'end', 'context': [<snowplow_tracker.self_describing_json.SelfDescribingJson object at 0x7fdbe9979c40>, <snowplow_tracker.self_describing_json.SelfDescribingJson object at 0x7fdbe9aab3a0>, <snowplow_tracker.self_describing_json.SelfDescribingJson object at 0x7fdbe9aab3d0>]}
[0m18:10:46.830330 [debug] [MainThread]: Flushing usage events
[0m18:10:47.626773 [error] [MainThread]: Encountered an error:
Compilation Error
  Model 'model.jaffle_shop_dbtvault.customer_pit' (models/business_vault/customer_pit.sql) depends on a node named 'AS_OF_DATE' which was not found


============================== 2026-05-18 18:11:44.906784 | a294b7ee-6196-4e05-a79a-9dd364e11b71 ==============================
[0m18:11:44.906784 [info ] [MainThread]: Running with dbt=1.4.0
[0m18:11:44.911087 [debug] [MainThread]: running dbt with arguments {'write_json': True, 'use_colors': True, 'printer_width': 80, 'version_check': True, 'partial_parse': True, 'static_parser': True, 'profiles_dir': '/workspace', 'send_anonymous_usage_stats': True, 'quiet': False, 'no_print': False, 'cache_selected_only': False, 'which': 'clean', 'indirect_selection': 'eager'}
[0m18:11:44.913326 [debug] [MainThread]: Tracking: tracking
[0m18:11:44.928846 [debug] [MainThread]: Sending event: {'category': 'dbt', 'action': 'invocation', 'label': 'start', 'context': [<snowplow_tracker.self_describing_json.SelfDescribingJson object at 0x7fa9a285eeb0>, <snowplow_tracker.self_describing_json.SelfDescribingJson object at 0x7fa9a28692b0>, <snowplow_tracker.self_describing_json.SelfDescribingJson object at 0x7fa9a2869160>]}
[0m18:11:45.007776 [debug] [MainThread]: Sending event: {'category': 'dbt', 'action': 'invocation', 'label': 'end', 'context': [<snowplow_tracker.self_describing_json.SelfDescribingJson object at 0x7fa9a285eeb0>, <snowplow_tracker.self_describing_json.SelfDescribingJson object at 0x7fa9a2869a60>, <snowplow_tracker.self_describing_json.SelfDescribingJson object at 0x7fa9a2869a30>]}
[0m18:11:45.012403 [debug] [MainThread]: Flushing usage events


============================== 2026-05-18 18:11:51.394346 | ed799d64-44fc-4cef-9155-fb782c573ad8 ==============================
[0m18:11:51.394346 [info ] [MainThread]: Running with dbt=1.4.0
[0m18:11:51.399044 [debug] [MainThread]: running dbt with arguments {'write_json': True, 'use_colors': True, 'printer_width': 80, 'version_check': True, 'partial_parse': True, 'static_parser': True, 'profiles_dir': '/workspace', 'send_anonymous_usage_stats': True, 'quiet': False, 'no_print': False, 'cache_selected_only': False, 'which': 'deps', 'rpc_method': 'deps', 'indirect_selection': 'eager'}
[0m18:11:51.406562 [debug] [MainThread]: Tracking: tracking
[0m18:11:51.430658 [debug] [MainThread]: Sending event: {'category': 'dbt', 'action': 'invocation', 'label': 'start', 'context': [<snowplow_tracker.self_describing_json.SelfDescribingJson object at 0x7f4b7e899e20>, <snowplow_tracker.self_describing_json.SelfDescribingJson object at 0x7f4b7e8a5160>, <snowplow_tracker.self_describing_json.SelfDescribingJson object at 0x7f4b7e8a5100>]}
[0m18:11:51.436848 [debug] [MainThread]: Set downloads directory='/tmp/dbt-downloads-wp6z8hs8'
[0m18:11:51.440643 [debug] [MainThread]: Executing "git clone --depth 1 https://github.com/DWH-course-examples/automate-dv 762b94e9556ea6498f16273383b29357"
[0m18:11:52.961838 [debug] [MainThread]: STDOUT: "b''"
[0m18:11:52.976560 [debug] [MainThread]: STDERR: "b"Cloning into '762b94e9556ea6498f16273383b29357'...\n""
[0m18:11:52.984531 [debug] [MainThread]: Pulling new dependency 762b94e9556ea6498f16273383b29357.
[0m18:11:52.996848 [debug] [MainThread]: Executing "git rev-parse HEAD"
[0m18:11:53.021854 [debug] [MainThread]: STDOUT: "b'4d34ff1e4d728aba959a880018d32856c7eaff4b\n'"
[0m18:11:53.024792 [debug] [MainThread]: STDERR: "b''"
[0m18:11:53.027834 [debug] [MainThread]:   Checking out revision master.
[0m18:11:53.032523 [debug] [MainThread]: Executing "git remote set-branches origin master"
[0m18:11:53.051394 [debug] [MainThread]: STDOUT: "b''"
[0m18:11:53.055557 [debug] [MainThread]: STDERR: "b''"
[0m18:11:53.058452 [debug] [MainThread]: Executing "git fetch origin --depth 1 --tags master"
[0m18:11:54.788074 [debug] [MainThread]: STDOUT: "b''"
[0m18:11:54.790818 [debug] [MainThread]: STDERR: "b'From https://github.com/DWH-course-examples/automate-dv\n * branch            master     -> FETCH_HEAD\n * [new tag]         v0.1-pre   -> v0.1-pre\n * [new tag]         v0.10.0    -> v0.10.0\n * [new tag]         v0.10.1    -> v0.10.1\n * [new tag]         v0.2-pre   -> v0.2-pre\n * [new tag]         v0.2.1-pre -> v0.2.1-pre\n * [new tag]         v0.2.2-pre -> v0.2.2-pre\n * [new tag]         v0.2.3-pre -> v0.2.3-pre\n * [new tag]         v0.2.4-pre -> v0.2.4-pre\n * [new tag]         v0.3-pre   -> v0.3-pre\n * [new tag]         v0.3.1-pre -> v0.3.1-pre\n * [new tag]         v0.3.2-pre -> v0.3.2-pre\n * [new tag]         v0.3.3-pre -> v0.3.3-pre\n * [new tag]         v0.4       -> v0.4\n * [new tag]         v0.4.1     -> v0.4.1\n * [new tag]         v0.5       -> v0.5\n * [new tag]         v0.6       -> v0.6\n * [new tag]         v0.6-b1    -> v0.6-b1\n * [new tag]         v0.6-b2    -> v0.6-b2\n * [new tag]         v0.6.1     -> v0.6.1\n * [new tag]         v0.6.2     -> v0.6.2\n * [new tag]         v0.7.0     -> v0.7.0\n * [new tag]         v0.7.1     -> v0.7.1\n * [new tag]         v0.7.2     -> v0.7.2\n * [new tag]         v0.7.3     -> v0.7.3\n * [new tag]         v0.7.4     -> v0.7.4\n * [new tag]         v0.7.5     -> v0.7.5\n * [new tag]         v0.7.6     -> v0.7.6\n * [new tag]         v0.7.6-b1  -> v0.7.6-b1\n * [new tag]         v0.7.6.1   -> v0.7.6.1\n * [new tag]         v0.7.7     -> v0.7.7\n * [new tag]         v0.7.8     -> v0.7.8\n * [new tag]         v0.7.9     -> v0.7.9\n * [new tag]         v0.8.0     -> v0.8.0\n * [new tag]         v0.8.1     -> v0.8.1\n * [new tag]         v0.8.2     -> v0.8.2\n * [new tag]         v0.8.3     -> v0.8.3\n * [new tag]         v0.9.0     -> v0.9.0\n * [new tag]         v0.9.1     -> v0.9.1\n * [new tag]         v0.9.2     -> v0.9.2\n * [new tag]         v0.9.3     -> v0.9.3\n * [new tag]         v0.9.4     -> v0.9.4\n * [new tag]         v0.9.5     -> v0.9.5\n * [new tag]         v0.9.6     -> v0.9.6\n * [new tag]         v0.9.7     -> v0.9.7\n'"
[0m18:11:54.794889 [debug] [MainThread]: Executing "git tag --list"
[0m18:11:54.812895 [debug] [MainThread]: STDOUT: "b'v0.1-pre\nv0.10.0\nv0.10.1\nv0.2-pre\nv0.2.1-pre\nv0.2.2-pre\nv0.2.3-pre\nv0.2.4-pre\nv0.3-pre\nv0.3.1-pre\nv0.3.2-pre\nv0.3.3-pre\nv0.4\nv0.4.1\nv0.5\nv0.6\nv0.6-b1\nv0.6-b2\nv0.6.1\nv0.6.2\nv0.7.0\nv0.7.1\nv0.7.2\nv0.7.3\nv0.7.4\nv0.7.5\nv0.7.6\nv0.7.6-b1\nv0.7.6.1\nv0.7.7\nv0.7.8\nv0.7.9\nv0.8.0\nv0.8.1\nv0.8.2\nv0.8.3\nv0.9.0\nv0.9.1\nv0.9.2\nv0.9.3\nv0.9.4\nv0.9.5\nv0.9.6\nv0.9.7\n'"
[0m18:11:54.815796 [debug] [MainThread]: STDERR: "b''"
[0m18:11:54.821665 [debug] [MainThread]: Executing "git reset --hard origin/master"
[0m18:11:54.855410 [debug] [MainThread]: STDOUT: "b'HEAD is now at 4d34ff1 Update as_constant.sql\n'"
[0m18:11:54.858325 [debug] [MainThread]: STDERR: "b''"
[0m18:11:54.861464 [debug] [MainThread]: Executing "git rev-parse HEAD"
[0m18:11:54.876175 [debug] [MainThread]: STDOUT: "b'4d34ff1e4d728aba959a880018d32856c7eaff4b\n'"
[0m18:11:54.879494 [debug] [MainThread]: STDERR: "b''"
[0m18:11:54.883114 [debug] [MainThread]:   Checked out at 4d34ff1.
[0m18:11:54.887693 [warn ] [MainThread]: [33mWARNING: The git package "https://github.com/DWH-course-examples/automate-dv" 
	is None.
	This can introduce breaking changes into your project without warning!

See https://docs.getdbt.com/docs/package-management#section-specifying-package-versions[0m
[0m18:11:54.929433 [debug] [MainThread]: Making package index registry request: GET https://hub.getdbt.com/api/v1/index.json
[0m18:11:55.322217 [debug] [MainThread]: Response from registry index: GET https://hub.getdbt.com/api/v1/index.json 200
[0m18:11:55.325706 [debug] [MainThread]: Making package registry request: GET https://hub.getdbt.com/api/v1/dbt-labs/dbt_utils.json
[0m18:11:55.577917 [debug] [MainThread]: Response from registry: GET https://hub.getdbt.com/api/v1/dbt-labs/dbt_utils.json 200
[0m18:11:55.891650 [debug] [MainThread]: Executing "git clone --depth 1 https://github.com/DWH-course-examples/automate-dv 762b94e9556ea6498f16273383b29357"
[0m18:11:55.909706 [debug] [MainThread]: STDOUT: "b''"
[0m18:11:55.913101 [debug] [MainThread]: STDERR: "b"fatal: destination path '762b94e9556ea6498f16273383b29357' already exists and is not an empty directory.\n""
[0m18:11:55.916800 [debug] [MainThread]: command return code=128
[0m18:11:55.922310 [debug] [MainThread]: Updating existing dependency 762b94e9556ea6498f16273383b29357.
[0m18:11:55.924721 [debug] [MainThread]: Executing "git rev-parse HEAD"
[0m18:11:55.942194 [debug] [MainThread]: STDOUT: "b'4d34ff1e4d728aba959a880018d32856c7eaff4b\n'"
[0m18:11:55.947690 [debug] [MainThread]: STDERR: "b''"
[0m18:11:55.951184 [debug] [MainThread]:   Checking out revision master.
[0m18:11:55.954873 [debug] [MainThread]: Executing "git remote set-branches origin master"
[0m18:11:55.972146 [debug] [MainThread]: STDOUT: "b''"
[0m18:11:55.975001 [debug] [MainThread]: STDERR: "b''"
[0m18:11:55.977952 [debug] [MainThread]: Executing "git fetch origin --depth 1 --tags master"
[0m18:11:56.926002 [debug] [MainThread]: STDOUT: "b''"
[0m18:11:56.929181 [debug] [MainThread]: STDERR: "b'From https://github.com/DWH-course-examples/automate-dv\n * branch            master     -> FETCH_HEAD\n'"
[0m18:11:56.931286 [debug] [MainThread]: Executing "git tag --list"
[0m18:11:56.947219 [debug] [MainThread]: STDOUT: "b'v0.1-pre\nv0.10.0\nv0.10.1\nv0.2-pre\nv0.2.1-pre\nv0.2.2-pre\nv0.2.3-pre\nv0.2.4-pre\nv0.3-pre\nv0.3.1-pre\nv0.3.2-pre\nv0.3.3-pre\nv0.4\nv0.4.1\nv0.5\nv0.6\nv0.6-b1\nv0.6-b2\nv0.6.1\nv0.6.2\nv0.7.0\nv0.7.1\nv0.7.2\nv0.7.3\nv0.7.4\nv0.7.5\nv0.7.6\nv0.7.6-b1\nv0.7.6.1\nv0.7.7\nv0.7.8\nv0.7.9\nv0.8.0\nv0.8.1\nv0.8.2\nv0.8.3\nv0.9.0\nv0.9.1\nv0.9.2\nv0.9.3\nv0.9.4\nv0.9.5\nv0.9.6\nv0.9.7\n'"
[0m18:11:56.950106 [debug] [MainThread]: STDERR: "b''"
[0m18:11:56.953247 [debug] [MainThread]: Executing "git reset --hard origin/master"
[0m18:11:56.972298 [debug] [MainThread]: STDOUT: "b'HEAD is now at 4d34ff1 Update as_constant.sql\n'"
[0m18:11:56.975698 [debug] [MainThread]: STDERR: "b''"
[0m18:11:56.978011 [debug] [MainThread]: Executing "git rev-parse HEAD"
[0m18:11:56.996288 [debug] [MainThread]: STDOUT: "b'4d34ff1e4d728aba959a880018d32856c7eaff4b\n'"
[0m18:11:56.999469 [debug] [MainThread]: STDERR: "b''"
[0m18:11:57.002005 [debug] [MainThread]: Already at 4d34ff1, nothing to do.
[0m18:11:57.008113 [warn ] [MainThread]: [33mWARNING: The git package "https://github.com/DWH-course-examples/automate-dv" 
	is None.
	This can introduce breaking changes into your project without warning!

See https://docs.getdbt.com/docs/package-management#section-specifying-package-versions[0m
[0m18:11:57.048583 [info ] [MainThread]: Installing https://github.com/DWH-course-examples/automate-dv
[0m18:11:57.691143 [debug] [MainThread]: Executing "git clone --depth 1 https://github.com/DWH-course-examples/automate-dv 762b94e9556ea6498f16273383b29357"
[0m18:11:57.706223 [debug] [MainThread]: STDOUT: "b''"
[0m18:11:57.708849 [debug] [MainThread]: STDERR: "b"fatal: destination path '762b94e9556ea6498f16273383b29357' already exists and is not an empty directory.\n""
[0m18:11:57.711349 [debug] [MainThread]: command return code=128
[0m18:11:57.713803 [debug] [MainThread]: Updating existing dependency 762b94e9556ea6498f16273383b29357.
[0m18:11:57.716271 [debug] [MainThread]: Executing "git rev-parse HEAD"
[0m18:11:57.732192 [debug] [MainThread]: STDOUT: "b'4d34ff1e4d728aba959a880018d32856c7eaff4b\n'"
[0m18:11:57.734853 [debug] [MainThread]: STDERR: "b''"
[0m18:11:57.737902 [debug] [MainThread]:   Checking out revision master.
[0m18:11:57.742021 [debug] [MainThread]: Executing "git remote set-branches origin master"
[0m18:11:57.758886 [debug] [MainThread]: STDOUT: "b''"
[0m18:11:57.762043 [debug] [MainThread]: STDERR: "b''"
[0m18:11:57.764934 [debug] [MainThread]: Executing "git fetch origin --depth 1 --tags master"
[0m18:11:58.803590 [debug] [MainThread]: STDOUT: "b''"
[0m18:11:58.806522 [debug] [MainThread]: STDERR: "b'From https://github.com/DWH-course-examples/automate-dv\n * branch            master     -> FETCH_HEAD\n'"
[0m18:11:58.810601 [debug] [MainThread]: Executing "git tag --list"
[0m18:11:58.826751 [debug] [MainThread]: STDOUT: "b'v0.1-pre\nv0.10.0\nv0.10.1\nv0.2-pre\nv0.2.1-pre\nv0.2.2-pre\nv0.2.3-pre\nv0.2.4-pre\nv0.3-pre\nv0.3.1-pre\nv0.3.2-pre\nv0.3.3-pre\nv0.4\nv0.4.1\nv0.5\nv0.6\nv0.6-b1\nv0.6-b2\nv0.6.1\nv0.6.2\nv0.7.0\nv0.7.1\nv0.7.2\nv0.7.3\nv0.7.4\nv0.7.5\nv0.7.6\nv0.7.6-b1\nv0.7.6.1\nv0.7.7\nv0.7.8\nv0.7.9\nv0.8.0\nv0.8.1\nv0.8.2\nv0.8.3\nv0.9.0\nv0.9.1\nv0.9.2\nv0.9.3\nv0.9.4\nv0.9.5\nv0.9.6\nv0.9.7\n'"
[0m18:11:58.829721 [debug] [MainThread]: STDERR: "b''"
[0m18:11:58.831608 [debug] [MainThread]: Executing "git reset --hard origin/master"
[0m18:11:58.851930 [debug] [MainThread]: STDOUT: "b'HEAD is now at 4d34ff1 Update as_constant.sql\n'"
[0m18:11:58.854857 [debug] [MainThread]: STDERR: "b''"
[0m18:11:58.858039 [debug] [MainThread]: Executing "git rev-parse HEAD"
[0m18:11:58.871792 [debug] [MainThread]: STDOUT: "b'4d34ff1e4d728aba959a880018d32856c7eaff4b\n'"
[0m18:11:58.874501 [debug] [MainThread]: STDERR: "b''"
[0m18:11:58.878363 [debug] [MainThread]: Already at 4d34ff1, nothing to do.
[0m18:12:00.827082 [info ] [MainThread]:   Installed from revision master
[0m18:12:00.831394 [debug] [MainThread]: Sending event: {'category': 'dbt', 'action': 'package', 'label': 'ed799d64-44fc-4cef-9155-fb782c573ad8', 'property_': 'install', 'context': [<snowplow_tracker.self_describing_json.SelfDescribingJson object at 0x7f4b7e8039d0>, <snowplow_tracker.self_describing_json.SelfDescribingJson object at 0x7f4b7e8039a0>]}
[0m18:12:00.833719 [info ] [MainThread]: Installing dbt-labs/dbt_utils
[0m18:12:04.739447 [info ] [MainThread]:   Installed from version 1.3.3
[0m18:12:04.748594 [info ] [MainThread]:   Up to date!
[0m18:12:04.752780 [debug] [MainThread]: Sending event: {'category': 'dbt', 'action': 'package', 'label': 'ed799d64-44fc-4cef-9155-fb782c573ad8', 'property_': 'install', 'context': [<snowplow_tracker.self_describing_json.SelfDescribingJson object at 0x7f4b7eff6760>, <snowplow_tracker.self_describing_json.SelfDescribingJson object at 0x7f4b7e803a00>]}
[0m18:12:04.760712 [debug] [MainThread]: Sending event: {'category': 'dbt', 'action': 'invocation', 'label': 'end', 'context': [<snowplow_tracker.self_describing_json.SelfDescribingJson object at 0x7f4b7e802f70>, <snowplow_tracker.self_describing_json.SelfDescribingJson object at 0x7f4b7f620370>, <snowplow_tracker.self_describing_json.SelfDescribingJson object at 0x7f4b7eff68e0>]}
[0m18:12:04.764750 [debug] [MainThread]: Flushing usage events


============================== 2026-05-18 18:12:11.539912 | cf293d0e-42bb-4a80-8870-f5226bcfeea8 ==============================
[0m18:12:11.539912 [info ] [MainThread]: Running with dbt=1.4.0
[0m18:12:11.551305 [debug] [MainThread]: running dbt with arguments {'write_json': True, 'use_colors': True, 'printer_width': 80, 'version_check': True, 'partial_parse': True, 'static_parser': True, 'profiles_dir': '/workspace', 'send_anonymous_usage_stats': True, 'quiet': False, 'no_print': False, 'cache_selected_only': False, 'write_manifest': False, 'compile': False, 'which': 'parse', 'rpc_method': 'parse', 'indirect_selection': 'eager'}
[0m18:12:11.556255 [debug] [MainThread]: Tracking: tracking
[0m18:12:11.578850 [debug] [MainThread]: Sending event: {'category': 'dbt', 'action': 'invocation', 'label': 'start', 'context': [<snowplow_tracker.self_describing_json.SelfDescribingJson object at 0x7f9cbbd180d0>, <snowplow_tracker.self_describing_json.SelfDescribingJson object at 0x7f9cbbd189a0>, <snowplow_tracker.self_describing_json.SelfDescribingJson object at 0x7f9cbbd18730>]}
[0m18:12:11.581882 [info ] [MainThread]: Start parsing.
[0m18:12:11.763958 [info ] [MainThread]: Dependencies loaded
[0m18:12:11.784831 [info ] [MainThread]: Unable to do partial parsing because saved manifest not found. Starting full parse.
[0m18:12:11.788741 [debug] [MainThread]: Sending event: {'category': 'dbt', 'action': 'partial_parser', 'label': 'cf293d0e-42bb-4a80-8870-f5226bcfeea8', 'context': [<snowplow_tracker.self_describing_json.SelfDescribingJson object at 0x7f9cbd5374c0>]}
[0m18:12:11.791421 [info ] [MainThread]: ManifestLoader created
[0m18:12:18.707061 [debug] [MainThread]: 1699: static parser successfully parsed stage/stg_customer_order.sql
[0m18:12:18.747129 [debug] [MainThread]: 1603: static parser failed on stage/stg_orders.sql
[0m18:12:19.177543 [debug] [MainThread]: 1602: parser fallback to jinja rendering on stage/stg_orders.sql
[0m18:12:19.184305 [debug] [MainThread]: 1603: static parser failed on stage/stg_customers.sql
[0m18:12:19.240656 [debug] [MainThread]: 1602: parser fallback to jinja rendering on stage/stg_customers.sql
[0m18:12:19.247425 [debug] [MainThread]: 1603: static parser failed on stage/stg_link_customer_order.sql
[0m18:12:19.300851 [debug] [MainThread]: 1602: parser fallback to jinja rendering on stage/stg_link_customer_order.sql
[0m18:12:19.306869 [debug] [MainThread]: 1603: static parser failed on stage/stg_customers_crm.sql
[0m18:12:19.364167 [debug] [MainThread]: 1602: parser fallback to jinja rendering on stage/stg_customers_crm.sql
[0m18:12:19.377020 [debug] [MainThread]: 1603: static parser failed on raw_vault/hubs/hub_customer.sql
[0m18:12:19.851540 [debug] [MainThread]: 1602: parser fallback to jinja rendering on raw_vault/hubs/hub_customer.sql
[0m18:12:19.859924 [debug] [MainThread]: 1603: static parser failed on raw_vault/hubs/hub_order.sql
[0m18:12:19.886601 [debug] [MainThread]: 1602: parser fallback to jinja rendering on raw_vault/hubs/hub_order.sql
[0m18:12:19.892884 [debug] [MainThread]: 1603: static parser failed on raw_vault/sats/sat_customer_crm.sql
[0m18:12:20.088167 [debug] [MainThread]: 1602: parser fallback to jinja rendering on raw_vault/sats/sat_customer_crm.sql
[0m18:12:20.095621 [debug] [MainThread]: 1603: static parser failed on raw_vault/sats/sat_customer.sql
[0m18:12:20.150097 [debug] [MainThread]: 1602: parser fallback to jinja rendering on raw_vault/sats/sat_customer.sql
[0m18:12:20.157331 [debug] [MainThread]: 1603: static parser failed on raw_vault/sats/sat_order.sql
[0m18:12:20.208812 [debug] [MainThread]: 1602: parser fallback to jinja rendering on raw_vault/sats/sat_order.sql
[0m18:12:20.217852 [debug] [MainThread]: 1603: static parser failed on raw_vault/links/link_customer_order.sql
[0m18:12:20.325579 [debug] [MainThread]: 1602: parser fallback to jinja rendering on raw_vault/links/link_customer_order.sql
[0m18:12:20.331386 [debug] [MainThread]: 1603: static parser failed on business_vault/as_of_date.sql
[0m18:12:20.427116 [debug] [MainThread]: 1602: parser fallback to jinja rendering on business_vault/as_of_date.sql
[0m18:12:20.434529 [debug] [MainThread]: 1699: static parser successfully parsed business_vault/our_customer_pit.sql
[0m18:12:20.444693 [debug] [MainThread]: 1603: static parser failed on business_vault/customer_pit.sql
[0m18:12:20.647268 [debug] [MainThread]: 1602: parser fallback to jinja rendering on business_vault/customer_pit.sql
[0m18:12:20.904610 [debug] [MainThread]: Sending event: {'category': 'dbt', 'action': 'invocation', 'label': 'end', 'context': [<snowplow_tracker.self_describing_json.SelfDescribingJson object at 0x7f9cbb2791c0>, <snowplow_tracker.self_describing_json.SelfDescribingJson object at 0x7f9cbb235a90>, <snowplow_tracker.self_describing_json.SelfDescribingJson object at 0x7f9cbb235e50>]}
[0m18:12:20.906674 [debug] [MainThread]: Flushing usage events
[0m18:12:21.744046 [error] [MainThread]: Encountered an error:
Compilation Error
  Model 'model.jaffle_shop_dbtvault.customer_pit' (models/business_vault/customer_pit.sql) depends on a node named 'AS_OF_DATE' which was not found


============================== 2026-05-18 18:12:39.333131 | 1cf4f7c9-a7a2-474c-8726-3cb846cd2a2c ==============================
[0m18:12:39.333131 [info ] [MainThread]: Running with dbt=1.4.0
[0m18:12:39.338875 [debug] [MainThread]: running dbt with arguments {'write_json': True, 'use_colors': True, 'printer_width': 80, 'version_check': True, 'partial_parse': True, 'static_parser': True, 'profiles_dir': '/workspace', 'send_anonymous_usage_stats': True, 'quiet': False, 'no_print': False, 'cache_selected_only': False, 'which': 'run', 'rpc_method': 'run', 'indirect_selection': 'eager'}
[0m18:12:39.342844 [debug] [MainThread]: Tracking: tracking
[0m18:12:39.356095 [debug] [MainThread]: Sending event: {'category': 'dbt', 'action': 'invocation', 'label': 'start', 'context': [<snowplow_tracker.self_describing_json.SelfDescribingJson object at 0x7f78e65f9f40>, <snowplow_tracker.self_describing_json.SelfDescribingJson object at 0x7f78e65f9460>, <snowplow_tracker.self_describing_json.SelfDescribingJson object at 0x7f78e65f98e0>]}
[0m18:12:39.504120 [info ] [MainThread]: Unable to do partial parsing because saved manifest not found. Starting full parse.
[0m18:12:39.507301 [debug] [MainThread]: Sending event: {'category': 'dbt', 'action': 'partial_parser', 'label': '1cf4f7c9-a7a2-474c-8726-3cb846cd2a2c', 'context': [<snowplow_tracker.self_describing_json.SelfDescribingJson object at 0x7f78e7dfa490>]}
[0m18:12:45.606813 [debug] [MainThread]: 1699: static parser successfully parsed stage/stg_customer_order.sql
[0m18:12:45.642501 [debug] [MainThread]: 1603: static parser failed on stage/stg_orders.sql
[0m18:12:46.139018 [debug] [MainThread]: 1602: parser fallback to jinja rendering on stage/stg_orders.sql
[0m18:12:46.145640 [debug] [MainThread]: 1603: static parser failed on stage/stg_customers.sql
[0m18:12:46.198325 [debug] [MainThread]: 1602: parser fallback to jinja rendering on stage/stg_customers.sql
[0m18:12:46.205042 [debug] [MainThread]: 1603: static parser failed on stage/stg_link_customer_order.sql
[0m18:12:46.249784 [debug] [MainThread]: 1602: parser fallback to jinja rendering on stage/stg_link_customer_order.sql
[0m18:12:46.255624 [debug] [MainThread]: 1603: static parser failed on stage/stg_customers_crm.sql
[0m18:12:46.304854 [debug] [MainThread]: 1602: parser fallback to jinja rendering on stage/stg_customers_crm.sql
[0m18:12:46.311222 [debug] [MainThread]: 1603: static parser failed on raw_vault/hubs/hub_customer.sql
[0m18:12:46.610659 [debug] [MainThread]: 1602: parser fallback to jinja rendering on raw_vault/hubs/hub_customer.sql
[0m18:12:46.616914 [debug] [MainThread]: 1603: static parser failed on raw_vault/hubs/hub_order.sql
[0m18:12:46.644579 [debug] [MainThread]: 1602: parser fallback to jinja rendering on raw_vault/hubs/hub_order.sql
[0m18:12:46.651471 [debug] [MainThread]: 1603: static parser failed on raw_vault/sats/sat_customer_crm.sql
[0m18:12:46.888205 [debug] [MainThread]: 1602: parser fallback to jinja rendering on raw_vault/sats/sat_customer_crm.sql
[0m18:12:46.893965 [debug] [MainThread]: 1603: static parser failed on raw_vault/sats/sat_customer.sql
[0m18:12:46.943075 [debug] [MainThread]: 1602: parser fallback to jinja rendering on raw_vault/sats/sat_customer.sql
[0m18:12:46.950259 [debug] [MainThread]: 1603: static parser failed on raw_vault/sats/sat_order.sql
[0m18:12:47.001197 [debug] [MainThread]: 1602: parser fallback to jinja rendering on raw_vault/sats/sat_order.sql
[0m18:12:47.007610 [debug] [MainThread]: 1603: static parser failed on raw_vault/links/link_customer_order.sql
[0m18:12:47.089824 [debug] [MainThread]: 1602: parser fallback to jinja rendering on raw_vault/links/link_customer_order.sql
[0m18:12:47.095052 [debug] [MainThread]: 1603: static parser failed on business_vault/as_of_date.sql
[0m18:12:47.177260 [debug] [MainThread]: 1602: parser fallback to jinja rendering on business_vault/as_of_date.sql
[0m18:12:47.183606 [debug] [MainThread]: 1699: static parser successfully parsed business_vault/our_customer_pit.sql
[0m18:12:47.193616 [debug] [MainThread]: 1603: static parser failed on business_vault/customer_pit.sql
[0m18:12:47.372094 [debug] [MainThread]: 1602: parser fallback to jinja rendering on business_vault/customer_pit.sql
[0m18:12:47.557040 [debug] [MainThread]: Sending event: {'category': 'dbt', 'action': 'invocation', 'label': 'end', 'context': [<snowplow_tracker.self_describing_json.SelfDescribingJson object at 0x7f78e58e2dc0>, <snowplow_tracker.self_describing_json.SelfDescribingJson object at 0x7f78e58fda30>, <snowplow_tracker.self_describing_json.SelfDescribingJson object at 0x7f78e5899880>]}
[0m18:12:47.560304 [debug] [MainThread]: Flushing usage events
[0m18:12:48.379761 [error] [MainThread]: Encountered an error:
Compilation Error
  Model 'model.jaffle_shop_dbtvault.customer_pit' (models/business_vault/customer_pit.sql) depends on a node named 'SAT_CUSTOMER' which was not found


============================== 2026-05-18 18:13:43.580091 | a84331ba-095e-456d-88d3-244329be8418 ==============================
[0m18:13:43.580091 [info ] [MainThread]: Running with dbt=1.4.0
[0m18:13:43.585220 [debug] [MainThread]: running dbt with arguments {'write_json': True, 'use_colors': True, 'printer_width': 80, 'version_check': True, 'partial_parse': True, 'static_parser': True, 'profiles_dir': '/workspace', 'send_anonymous_usage_stats': True, 'quiet': False, 'no_print': False, 'cache_selected_only': False, 'which': 'run', 'rpc_method': 'run', 'indirect_selection': 'eager'}
[0m18:13:43.589521 [debug] [MainThread]: Tracking: tracking
[0m18:13:43.604582 [debug] [MainThread]: Sending event: {'category': 'dbt', 'action': 'invocation', 'label': 'start', 'context': [<snowplow_tracker.self_describing_json.SelfDescribingJson object at 0x7f3240e4a880>, <snowplow_tracker.self_describing_json.SelfDescribingJson object at 0x7f3240e4ac70>, <snowplow_tracker.self_describing_json.SelfDescribingJson object at 0x7f3240e4afa0>]}
[0m18:13:43.722013 [info ] [MainThread]: Unable to do partial parsing because saved manifest not found. Starting full parse.
[0m18:13:43.725039 [debug] [MainThread]: Sending event: {'category': 'dbt', 'action': 'partial_parser', 'label': 'a84331ba-095e-456d-88d3-244329be8418', 'context': [<snowplow_tracker.self_describing_json.SelfDescribingJson object at 0x7f3242631c70>]}
[0m18:13:49.874038 [debug] [MainThread]: 1699: static parser successfully parsed stage/stg_customer_order.sql
[0m18:13:49.917145 [debug] [MainThread]: 1603: static parser failed on stage/stg_orders.sql
[0m18:13:50.484523 [debug] [MainThread]: 1602: parser fallback to jinja rendering on stage/stg_orders.sql
[0m18:13:50.491000 [debug] [MainThread]: 1603: static parser failed on stage/stg_customers.sql
[0m18:13:50.542195 [debug] [MainThread]: 1602: parser fallback to jinja rendering on stage/stg_customers.sql
[0m18:13:50.548495 [debug] [MainThread]: 1603: static parser failed on stage/stg_link_customer_order.sql
[0m18:13:50.593227 [debug] [MainThread]: 1602: parser fallback to jinja rendering on stage/stg_link_customer_order.sql
[0m18:13:50.604201 [debug] [MainThread]: 1603: static parser failed on stage/stg_customers_crm.sql
[0m18:13:50.652834 [debug] [MainThread]: 1602: parser fallback to jinja rendering on stage/stg_customers_crm.sql
[0m18:13:50.658985 [debug] [MainThread]: 1603: static parser failed on raw_vault/hubs/hub_customer.sql
[0m18:13:50.944949 [debug] [MainThread]: 1602: parser fallback to jinja rendering on raw_vault/hubs/hub_customer.sql
[0m18:13:50.951316 [debug] [MainThread]: 1603: static parser failed on raw_vault/hubs/hub_order.sql
[0m18:13:50.977416 [debug] [MainThread]: 1602: parser fallback to jinja rendering on raw_vault/hubs/hub_order.sql
[0m18:13:50.983155 [debug] [MainThread]: 1603: static parser failed on raw_vault/sats/sat_customer_crm.sql
[0m18:13:51.180437 [debug] [MainThread]: 1602: parser fallback to jinja rendering on raw_vault/sats/sat_customer_crm.sql
[0m18:13:51.186977 [debug] [MainThread]: 1603: static parser failed on raw_vault/sats/sat_customer.sql
[0m18:13:51.243009 [debug] [MainThread]: 1602: parser fallback to jinja rendering on raw_vault/sats/sat_customer.sql
[0m18:13:51.249647 [debug] [MainThread]: 1603: static parser failed on raw_vault/sats/sat_order.sql
[0m18:13:51.300019 [debug] [MainThread]: 1602: parser fallback to jinja rendering on raw_vault/sats/sat_order.sql
[0m18:13:51.307312 [debug] [MainThread]: 1603: static parser failed on raw_vault/links/link_customer_order.sql
[0m18:13:51.398089 [debug] [MainThread]: 1602: parser fallback to jinja rendering on raw_vault/links/link_customer_order.sql
[0m18:13:51.405950 [debug] [MainThread]: 1603: static parser failed on business_vault/as_of_date.sql
[0m18:13:51.498595 [debug] [MainThread]: 1602: parser fallback to jinja rendering on business_vault/as_of_date.sql
[0m18:13:51.506286 [debug] [MainThread]: 1699: static parser successfully parsed business_vault/our_customer_pit.sql
[0m18:13:51.517773 [debug] [MainThread]: 1603: static parser failed on business_vault/customer_pit.sql
[0m18:13:51.704582 [debug] [MainThread]: 1602: parser fallback to jinja rendering on business_vault/customer_pit.sql
[0m18:13:51.899616 [debug] [MainThread]: Sending event: {'category': 'dbt', 'action': 'invocation', 'label': 'end', 'context': [<snowplow_tracker.self_describing_json.SelfDescribingJson object at 0x7f3240132d60>, <snowplow_tracker.self_describing_json.SelfDescribingJson object at 0x7f324014d9d0>, <snowplow_tracker.self_describing_json.SelfDescribingJson object at 0x7f32400e9910>]}
[0m18:13:51.903711 [debug] [MainThread]: Flushing usage events
[0m18:13:52.774792 [error] [MainThread]: Encountered an error:
Compilation Error
  Model 'model.jaffle_shop_dbtvault.customer_pit' (models/business_vault/customer_pit.sql) depends on a node named 'SAT_CUSTOMER' which was not found


============================== 2026-05-18 18:15:29.415154 | e132ba1d-a1f9-435b-a0fe-5ba35ad035b3 ==============================
[0m18:15:29.415154 [info ] [MainThread]: Running with dbt=1.4.0
[0m18:15:29.423952 [debug] [MainThread]: running dbt with arguments {'write_json': True, 'use_colors': True, 'printer_width': 80, 'version_check': True, 'partial_parse': True, 'static_parser': True, 'profiles_dir': '/workspace', 'send_anonymous_usage_stats': True, 'quiet': False, 'no_print': False, 'cache_selected_only': False, 'which': 'run', 'rpc_method': 'run', 'indirect_selection': 'eager'}
[0m18:15:29.427839 [debug] [MainThread]: Tracking: tracking
[0m18:15:29.456982 [debug] [MainThread]: Sending event: {'category': 'dbt', 'action': 'invocation', 'label': 'start', 'context': [<snowplow_tracker.self_describing_json.SelfDescribingJson object at 0x7fcec5cb20d0>, <snowplow_tracker.self_describing_json.SelfDescribingJson object at 0x7fcec5cb29a0>, <snowplow_tracker.self_describing_json.SelfDescribingJson object at 0x7fcec5cb2730>]}
[0m18:15:29.599168 [info ] [MainThread]: Unable to do partial parsing because saved manifest not found. Starting full parse.
[0m18:15:29.602424 [debug] [MainThread]: Sending event: {'category': 'dbt', 'action': 'partial_parser', 'label': 'e132ba1d-a1f9-435b-a0fe-5ba35ad035b3', 'context': [<snowplow_tracker.self_describing_json.SelfDescribingJson object at 0x7fcec5cce4f0>]}
[0m18:15:36.223307 [debug] [MainThread]: 1699: static parser successfully parsed stage/stg_customer_order.sql
[0m18:15:36.260509 [debug] [MainThread]: 1603: static parser failed on stage/stg_orders.sql
[0m18:15:36.670518 [debug] [MainThread]: 1602: parser fallback to jinja rendering on stage/stg_orders.sql
[0m18:15:36.677169 [debug] [MainThread]: 1603: static parser failed on stage/stg_customers.sql
[0m18:15:36.736579 [debug] [MainThread]: 1602: parser fallback to jinja rendering on stage/stg_customers.sql
[0m18:15:36.744021 [debug] [MainThread]: 1603: static parser failed on stage/stg_link_customer_order.sql
[0m18:15:36.797082 [debug] [MainThread]: 1602: parser fallback to jinja rendering on stage/stg_link_customer_order.sql
[0m18:15:36.805330 [debug] [MainThread]: 1603: static parser failed on stage/stg_customers_crm.sql
[0m18:15:36.853774 [debug] [MainThread]: 1602: parser fallback to jinja rendering on stage/stg_customers_crm.sql
[0m18:15:36.861190 [debug] [MainThread]: 1603: static parser failed on raw_vault/hubs/hub_customer.sql
[0m18:15:37.170367 [debug] [MainThread]: 1602: parser fallback to jinja rendering on raw_vault/hubs/hub_customer.sql
[0m18:15:37.176225 [debug] [MainThread]: 1603: static parser failed on raw_vault/hubs/hub_order.sql
[0m18:15:37.204735 [debug] [MainThread]: 1602: parser fallback to jinja rendering on raw_vault/hubs/hub_order.sql
[0m18:15:37.210911 [debug] [MainThread]: 1603: static parser failed on raw_vault/sats/sat_customer_crm.sql
[0m18:15:37.381352 [debug] [MainThread]: 1602: parser fallback to jinja rendering on raw_vault/sats/sat_customer_crm.sql
[0m18:15:37.389522 [debug] [MainThread]: 1603: static parser failed on raw_vault/sats/sat_customer.sql
[0m18:15:37.438696 [debug] [MainThread]: 1602: parser fallback to jinja rendering on raw_vault/sats/sat_customer.sql
[0m18:15:37.444650 [debug] [MainThread]: 1603: static parser failed on raw_vault/sats/sat_order.sql
[0m18:15:37.492061 [debug] [MainThread]: 1602: parser fallback to jinja rendering on raw_vault/sats/sat_order.sql
[0m18:15:37.497998 [debug] [MainThread]: 1603: static parser failed on raw_vault/links/link_customer_order.sql
[0m18:15:37.582641 [debug] [MainThread]: 1602: parser fallback to jinja rendering on raw_vault/links/link_customer_order.sql
[0m18:15:37.588273 [debug] [MainThread]: 1603: static parser failed on business_vault/as_of_date.sql
[0m18:15:37.671813 [debug] [MainThread]: 1602: parser fallback to jinja rendering on business_vault/as_of_date.sql
[0m18:15:37.679388 [debug] [MainThread]: 1699: static parser successfully parsed business_vault/our_customer_pit.sql
[0m18:15:37.691728 [debug] [MainThread]: 1603: static parser failed on business_vault/customer_pit.sql
[0m18:15:37.842300 [debug] [MainThread]: Sending event: {'category': 'dbt', 'action': 'invocation', 'label': 'end', 'context': [<snowplow_tracker.self_describing_json.SelfDescribingJson object at 0x7fcec5c44a00>, <snowplow_tracker.self_describing_json.SelfDescribingJson object at 0x7fcec5144f40>, <snowplow_tracker.self_describing_json.SelfDescribingJson object at 0x7fcec51d10a0>]}
[0m18:15:37.844962 [debug] [MainThread]: Flushing usage events
[0m18:15:38.656700 [error] [MainThread]: Encountered an error:
Compilation Error in model customer_pit (models/business_vault/customer_pit.sql)
  The name argument to ref() must be a string, got <class 'dbt.clients.jinja.create_undefined.<locals>.Undefined'>
  
  > in macro postgres__pit (macros/tables/postgres/pit.sql)
  > called by macro pit (macros/tables/snowflake/pit.sql)
  > called by model customer_pit (models/business_vault/customer_pit.sql)


============================== 2026-05-18 18:16:08.020121 | 033ea3e5-5e3b-4dff-bedb-53674b8fed71 ==============================
[0m18:16:08.020121 [info ] [MainThread]: Running with dbt=1.4.0
[0m18:16:08.025236 [debug] [MainThread]: running dbt with arguments {'write_json': True, 'use_colors': True, 'printer_width': 80, 'version_check': True, 'partial_parse': True, 'static_parser': True, 'profiles_dir': '/workspace', 'send_anonymous_usage_stats': True, 'quiet': False, 'no_print': False, 'cache_selected_only': False, 'config_dir': False, 'which': 'debug', 'indirect_selection': 'eager'}
[0m18:16:08.029647 [debug] [MainThread]: Tracking: tracking
[0m18:16:08.054432 [debug] [MainThread]: Sending event: {'category': 'dbt', 'action': 'invocation', 'label': 'start', 'context': [<snowplow_tracker.self_describing_json.SelfDescribingJson object at 0x7fdaa2acd4c0>, <snowplow_tracker.self_describing_json.SelfDescribingJson object at 0x7fdaa2ae6220>, <snowplow_tracker.self_describing_json.SelfDescribingJson object at 0x7fdaa2ae65e0>]}
[0m18:16:08.503481 [debug] [MainThread]: Executing "git --help"
[0m18:16:08.519043 [debug] [MainThread]: STDOUT: "b"usage: git [--version] [--help] [-C <path>] [-c <name>=<value>]\n           [--exec-path[=<path>]] [--html-path] [--man-path] [--info-path]\n           [-p | --paginate | -P | --no-pager] [--no-replace-objects] [--bare]\n           [--git-dir=<path>] [--work-tree=<path>] [--namespace=<name>]\n           <command> [<args>]\n\nThese are common Git commands used in various situations:\n\nstart a working area (see also: git help tutorial)\n   clone             Clone a repository into a new directory\n   init              Create an empty Git repository or reinitialize an existing one\n\nwork on the current change (see also: git help everyday)\n   add               Add file contents to the index\n   mv                Move or rename a file, a directory, or a symlink\n   restore           Restore working tree files\n   rm                Remove files from the working tree and from the index\n   sparse-checkout   Initialize and modify the sparse-checkout\n\nexamine the history and state (see also: git help revisions)\n   bisect            Use binary search to find the commit that introduced a bug\n   diff              Show changes between commits, commit and working tree, etc\n   grep              Print lines matching a pattern\n   log               Show commit logs\n   show              Show various types of objects\n   status            Show the working tree status\n\ngrow, mark and tweak your common history\n   branch            List, create, or delete branches\n   commit            Record changes to the repository\n   merge             Join two or more development histories together\n   rebase            Reapply commits on top of another base tip\n   reset             Reset current HEAD to the specified state\n   switch            Switch branches\n   tag               Create, list, delete or verify a tag object signed with GPG\n\ncollaborate (see also: git help workflows)\n   fetch             Download objects and refs from another repository\n   pull              Fetch from and integrate with another repository or a local branch\n   push              Update remote refs along with associated objects\n\n'git help -a' and 'git help -g' list available subcommands and some\nconcept guides. See 'git help <command>' or 'git help <concept>'\nto read about a specific subcommand or concept.\nSee 'git help git' for an overview of the system.\n""
[0m18:16:08.524378 [debug] [MainThread]: STDERR: "b''"
[0m18:16:08.544652 [debug] [MainThread]: Acquiring new postgres connection 'debug'
[0m18:16:08.553278 [debug] [MainThread]: Using postgres connection "debug"
[0m18:16:08.559945 [debug] [MainThread]: On debug: select 1 as id
[0m18:16:08.563748 [debug] [MainThread]: Opening a new connection, currently in state init
[0m18:16:08.609773 [debug] [MainThread]: SQL status: SELECT 1 in 0 seconds
[0m18:16:08.620791 [debug] [MainThread]: On debug: Close
[0m18:16:08.627778 [debug] [MainThread]: Sending event: {'category': 'dbt', 'action': 'invocation', 'label': 'end', 'context': [<snowplow_tracker.self_describing_json.SelfDescribingJson object at 0x7fdaa127dac0>, <snowplow_tracker.self_describing_json.SelfDescribingJson object at 0x7fdaa127d910>, <snowplow_tracker.self_describing_json.SelfDescribingJson object at 0x7fdaa127d6a0>]}
[0m18:16:08.636593 [debug] [MainThread]: Flushing usage events
[0m18:16:09.453431 [debug] [MainThread]: Connection 'debug' was properly closed.


============================== 2026-05-18 18:17:02.485661 | 44073120-b2cf-4c30-8470-547e6035e706 ==============================
[0m18:17:02.485661 [info ] [MainThread]: Running with dbt=1.4.0
[0m18:17:02.502377 [debug] [MainThread]: running dbt with arguments {'write_json': True, 'use_colors': True, 'printer_width': 80, 'version_check': True, 'partial_parse': True, 'static_parser': True, 'profiles_dir': '/workspace', 'send_anonymous_usage_stats': True, 'quiet': False, 'no_print': False, 'cache_selected_only': False, 'which': 'run', 'rpc_method': 'run', 'indirect_selection': 'eager'}
[0m18:17:02.504346 [debug] [MainThread]: Tracking: tracking
[0m18:17:02.521018 [debug] [MainThread]: Sending event: {'category': 'dbt', 'action': 'invocation', 'label': 'start', 'context': [<snowplow_tracker.self_describing_json.SelfDescribingJson object at 0x7f4147900b50>, <snowplow_tracker.self_describing_json.SelfDescribingJson object at 0x7f4147900eb0>, <snowplow_tracker.self_describing_json.SelfDescribingJson object at 0x7f4147900a90>]}
[0m18:17:02.651238 [info ] [MainThread]: Unable to do partial parsing because saved manifest not found. Starting full parse.
[0m18:17:02.654200 [debug] [MainThread]: Sending event: {'category': 'dbt', 'action': 'partial_parser', 'label': '44073120-b2cf-4c30-8470-547e6035e706', 'context': [<snowplow_tracker.self_describing_json.SelfDescribingJson object at 0x7f4149102100>]}
[0m18:17:09.297628 [debug] [MainThread]: 1699: static parser successfully parsed stage/stg_customer_order.sql
[0m18:17:09.338609 [debug] [MainThread]: 1603: static parser failed on stage/stg_orders.sql
[0m18:17:09.831567 [debug] [MainThread]: 1602: parser fallback to jinja rendering on stage/stg_orders.sql
[0m18:17:09.840338 [debug] [MainThread]: 1603: static parser failed on stage/stg_customers.sql
[0m18:17:09.910013 [debug] [MainThread]: 1602: parser fallback to jinja rendering on stage/stg_customers.sql
[0m18:17:09.917532 [debug] [MainThread]: 1603: static parser failed on stage/stg_link_customer_order.sql
[0m18:17:09.978084 [debug] [MainThread]: 1602: parser fallback to jinja rendering on stage/stg_link_customer_order.sql
[0m18:17:09.986714 [debug] [MainThread]: 1603: static parser failed on stage/stg_customers_crm.sql
[0m18:17:10.060934 [debug] [MainThread]: 1602: parser fallback to jinja rendering on stage/stg_customers_crm.sql
[0m18:17:10.069025 [debug] [MainThread]: 1603: static parser failed on raw_vault/hubs/hub_customer.sql
[0m18:17:10.458328 [debug] [MainThread]: 1602: parser fallback to jinja rendering on raw_vault/hubs/hub_customer.sql
[0m18:17:10.466609 [debug] [MainThread]: 1603: static parser failed on raw_vault/hubs/hub_order.sql
[0m18:17:10.494593 [debug] [MainThread]: 1602: parser fallback to jinja rendering on raw_vault/hubs/hub_order.sql
[0m18:17:10.501352 [debug] [MainThread]: 1603: static parser failed on raw_vault/sats/sat_customer_crm.sql
[0m18:17:10.710133 [debug] [MainThread]: 1602: parser fallback to jinja rendering on raw_vault/sats/sat_customer_crm.sql
[0m18:17:10.719885 [debug] [MainThread]: 1603: static parser failed on raw_vault/sats/sat_customer.sql
[0m18:17:10.788140 [debug] [MainThread]: 1602: parser fallback to jinja rendering on raw_vault/sats/sat_customer.sql
[0m18:17:10.800203 [debug] [MainThread]: 1603: static parser failed on raw_vault/sats/sat_order.sql
[0m18:17:10.861294 [debug] [MainThread]: 1602: parser fallback to jinja rendering on raw_vault/sats/sat_order.sql
[0m18:17:10.870403 [debug] [MainThread]: 1603: static parser failed on raw_vault/links/link_customer_order.sql
[0m18:17:10.966082 [debug] [MainThread]: 1602: parser fallback to jinja rendering on raw_vault/links/link_customer_order.sql
[0m18:17:10.972848 [debug] [MainThread]: 1603: static parser failed on business_vault/as_of_date.sql
[0m18:17:11.067058 [debug] [MainThread]: 1602: parser fallback to jinja rendering on business_vault/as_of_date.sql
[0m18:17:11.073381 [debug] [MainThread]: 1699: static parser successfully parsed business_vault/our_customer_pit.sql
[0m18:17:11.084666 [debug] [MainThread]: 1603: static parser failed on business_vault/customer_pit.sql
[0m18:17:11.241977 [debug] [MainThread]: Sending event: {'category': 'dbt', 'action': 'invocation', 'label': 'end', 'context': [<snowplow_tracker.self_describing_json.SelfDescribingJson object at 0x7f4147875730>, <snowplow_tracker.self_describing_json.SelfDescribingJson object at 0x7f4146d74f10>, <snowplow_tracker.self_describing_json.SelfDescribingJson object at 0x7f4146d94070>]}
[0m18:17:11.245594 [debug] [MainThread]: Flushing usage events
[0m18:17:12.099991 [error] [MainThread]: Encountered an error:
Compilation Error in model customer_pit (models/business_vault/customer_pit.sql)
  The name argument to ref() must be a string, got <class 'dbt.clients.jinja.create_undefined.<locals>.Undefined'>
  
  > in macro postgres__pit (macros/tables/postgres/pit.sql)
  > called by macro pit (macros/tables/snowflake/pit.sql)
  > called by model customer_pit (models/business_vault/customer_pit.sql)


============================== 2026-05-18 18:18:18.844658 | 7221cf75-cda8-4a71-90cd-08a7f1023514 ==============================
[0m18:18:18.844658 [info ] [MainThread]: Running with dbt=1.4.0
[0m18:18:18.852188 [debug] [MainThread]: running dbt with arguments {'write_json': True, 'use_colors': True, 'printer_width': 80, 'version_check': True, 'partial_parse': True, 'static_parser': True, 'profiles_dir': '/workspace', 'send_anonymous_usage_stats': True, 'quiet': False, 'no_print': False, 'cache_selected_only': False, 'which': 'run', 'rpc_method': 'run', 'indirect_selection': 'eager'}
[0m18:18:18.855605 [debug] [MainThread]: Tracking: tracking
[0m18:18:18.882120 [debug] [MainThread]: Sending event: {'category': 'dbt', 'action': 'invocation', 'label': 'start', 'context': [<snowplow_tracker.self_describing_json.SelfDescribingJson object at 0x7fb4d80f25b0>, <snowplow_tracker.self_describing_json.SelfDescribingJson object at 0x7fb4d80f2c10>, <snowplow_tracker.self_describing_json.SelfDescribingJson object at 0x7fb4d80f22e0>]}
[0m18:18:19.062235 [info ] [MainThread]: Unable to do partial parsing because saved manifest not found. Starting full parse.
[0m18:18:19.065563 [debug] [MainThread]: Sending event: {'category': 'dbt', 'action': 'partial_parser', 'label': '7221cf75-cda8-4a71-90cd-08a7f1023514', 'context': [<snowplow_tracker.self_describing_json.SelfDescribingJson object at 0x7fb4d808d280>]}
[0m18:18:25.542880 [debug] [MainThread]: 1699: static parser successfully parsed stage/stg_customer_order.sql
[0m18:18:25.581938 [debug] [MainThread]: 1603: static parser failed on stage/stg_orders.sql
[0m18:18:26.059307 [debug] [MainThread]: 1602: parser fallback to jinja rendering on stage/stg_orders.sql
[0m18:18:26.076007 [debug] [MainThread]: 1603: static parser failed on stage/stg_customers.sql
[0m18:18:26.158355 [debug] [MainThread]: 1602: parser fallback to jinja rendering on stage/stg_customers.sql
[0m18:18:26.166497 [debug] [MainThread]: 1603: static parser failed on stage/stg_link_customer_order.sql
[0m18:18:26.235620 [debug] [MainThread]: 1602: parser fallback to jinja rendering on stage/stg_link_customer_order.sql
[0m18:18:26.242594 [debug] [MainThread]: 1603: static parser failed on stage/stg_customers_crm.sql
[0m18:18:26.305293 [debug] [MainThread]: 1602: parser fallback to jinja rendering on stage/stg_customers_crm.sql
[0m18:18:26.315205 [debug] [MainThread]: 1603: static parser failed on raw_vault/hubs/hub_customer.sql
[0m18:18:26.616917 [debug] [MainThread]: 1602: parser fallback to jinja rendering on raw_vault/hubs/hub_customer.sql
[0m18:18:26.624158 [debug] [MainThread]: 1603: static parser failed on raw_vault/hubs/hub_order.sql
[0m18:18:26.649578 [debug] [MainThread]: 1602: parser fallback to jinja rendering on raw_vault/hubs/hub_order.sql
[0m18:18:26.656367 [debug] [MainThread]: 1603: static parser failed on raw_vault/sats/sat_customer_crm.sql
[0m18:18:26.854463 [debug] [MainThread]: 1602: parser fallback to jinja rendering on raw_vault/sats/sat_customer_crm.sql
[0m18:18:26.861436 [debug] [MainThread]: 1603: static parser failed on raw_vault/sats/sat_customer.sql
[0m18:18:26.915608 [debug] [MainThread]: 1602: parser fallback to jinja rendering on raw_vault/sats/sat_customer.sql
[0m18:18:26.922988 [debug] [MainThread]: 1603: static parser failed on raw_vault/sats/sat_order.sql
[0m18:18:26.984731 [debug] [MainThread]: 1602: parser fallback to jinja rendering on raw_vault/sats/sat_order.sql
[0m18:18:26.993172 [debug] [MainThread]: 1603: static parser failed on raw_vault/links/link_customer_order.sql
[0m18:18:27.088779 [debug] [MainThread]: 1602: parser fallback to jinja rendering on raw_vault/links/link_customer_order.sql
[0m18:18:27.094746 [debug] [MainThread]: 1603: static parser failed on business_vault/as_of_date.sql
[0m18:18:27.180447 [debug] [MainThread]: 1602: parser fallback to jinja rendering on business_vault/as_of_date.sql
[0m18:18:27.188064 [debug] [MainThread]: 1699: static parser successfully parsed business_vault/our_customer_pit.sql
[0m18:18:27.202267 [debug] [MainThread]: 1603: static parser failed on business_vault/customer_pit.sql
[0m18:18:27.414626 [debug] [MainThread]: 1602: parser fallback to jinja rendering on business_vault/customer_pit.sql
[0m18:18:27.722683 [debug] [MainThread]: Sending event: {'category': 'dbt', 'action': 'load_project', 'label': '7221cf75-cda8-4a71-90cd-08a7f1023514', 'context': [<snowplow_tracker.self_describing_json.SelfDescribingJson object at 0x7fb4d730b0d0>]}
[0m18:18:27.777955 [debug] [MainThread]: Sending event: {'category': 'dbt', 'action': 'resource_counts', 'label': '7221cf75-cda8-4a71-90cd-08a7f1023514', 'context': [<snowplow_tracker.self_describing_json.SelfDescribingJson object at 0x7fb4d98d97c0>]}
[0m18:18:27.781459 [info ] [MainThread]: Found 14 models, 0 tests, 0 snapshots, 0 analyses, 658 macros, 0 operations, 3 seed files, 7 sources, 0 exposures, 0 metrics
[0m18:18:27.785811 [debug] [MainThread]: Sending event: {'category': 'dbt', 'action': 'runnable_timing', 'label': '7221cf75-cda8-4a71-90cd-08a7f1023514', 'context': [<snowplow_tracker.self_describing_json.SelfDescribingJson object at 0x7fb4d743b370>]}
[0m18:18:27.793971 [info ] [MainThread]: 
[0m18:18:27.801244 [debug] [MainThread]: Acquiring new postgres connection 'master'
[0m18:18:27.816472 [debug] [ThreadPool]: Acquiring new postgres connection 'list_postgres'
[0m18:18:27.856499 [debug] [ThreadPool]: Using postgres connection "list_postgres"
[0m18:18:27.859598 [debug] [ThreadPool]: On list_postgres: /* {"app": "dbt", "dbt_version": "1.4.0", "profile_name": "jaffle_shop", "target_name": "dev", "connection_name": "list_postgres"} */

    select distinct nspname from pg_namespace
  
[0m18:18:27.868326 [debug] [ThreadPool]: Opening a new connection, currently in state init
[0m18:18:27.926375 [debug] [ThreadPool]: SQL status: SELECT 5 in 0 seconds
[0m18:18:27.934649 [debug] [ThreadPool]: On list_postgres: Close
[0m18:18:27.964541 [debug] [ThreadPool]: Acquiring new postgres connection 'list_postgres_dbt'
[0m18:18:27.993293 [debug] [ThreadPool]: Using postgres connection "list_postgres_dbt"
[0m18:18:27.995945 [debug] [ThreadPool]: On list_postgres_dbt: BEGIN
[0m18:18:28.000114 [debug] [ThreadPool]: Opening a new connection, currently in state closed
[0m18:18:28.020866 [debug] [ThreadPool]: SQL status: BEGIN in 0 seconds
[0m18:18:28.023755 [debug] [ThreadPool]: Using postgres connection "list_postgres_dbt"
[0m18:18:28.027128 [debug] [ThreadPool]: On list_postgres_dbt: /* {"app": "dbt", "dbt_version": "1.4.0", "profile_name": "jaffle_shop", "target_name": "dev", "connection_name": "list_postgres_dbt"} */
select
      'postgres' as database,
      tablename as name,
      schemaname as schema,
      'table' as type
    from pg_tables
    where schemaname ilike 'dbt'
    union all
    select
      'postgres' as database,
      viewname as name,
      schemaname as schema,
      'view' as type
    from pg_views
    where schemaname ilike 'dbt'
  
[0m18:18:28.036578 [debug] [ThreadPool]: SQL status: SELECT 15 in 0 seconds
[0m18:18:28.042659 [debug] [ThreadPool]: On list_postgres_dbt: ROLLBACK
[0m18:18:28.045567 [debug] [ThreadPool]: On list_postgres_dbt: Close
[0m18:18:28.071736 [debug] [MainThread]: Using postgres connection "master"
[0m18:18:28.073991 [debug] [MainThread]: On master: BEGIN
[0m18:18:28.077777 [debug] [MainThread]: Opening a new connection, currently in state init
[0m18:18:28.094193 [debug] [MainThread]: SQL status: BEGIN in 0 seconds
[0m18:18:28.096726 [debug] [MainThread]: Using postgres connection "master"
[0m18:18:28.099690 [debug] [MainThread]: On master: /* {"app": "dbt", "dbt_version": "1.4.0", "profile_name": "jaffle_shop", "target_name": "dev", "connection_name": "master"} */
with relation as (
        select
            pg_rewrite.ev_class as class,
            pg_rewrite.oid as id
        from pg_rewrite
    ),
    class as (
        select
            oid as id,
            relname as name,
            relnamespace as schema,
            relkind as kind
        from pg_class
    ),
    dependency as (
        select distinct
            pg_depend.objid as id,
            pg_depend.refobjid as ref
        from pg_depend
    ),
    schema as (
        select
            pg_namespace.oid as id,
            pg_namespace.nspname as name
        from pg_namespace
        where nspname != 'information_schema' and nspname not like 'pg\_%'
    ),
    referenced as (
        select
            relation.id AS id,
            referenced_class.name ,
            referenced_class.schema ,
            referenced_class.kind
        from relation
        join class as referenced_class on relation.class=referenced_class.id
        where referenced_class.kind in ('r', 'v')
    ),
    relationships as (
        select
            referenced.name as referenced_name,
            referenced.schema as referenced_schema_id,
            dependent_class.name as dependent_name,
            dependent_class.schema as dependent_schema_id,
            referenced.kind as kind
        from referenced
        join dependency on referenced.id=dependency.id
        join class as dependent_class on dependency.ref=dependent_class.id
        where
            (referenced.name != dependent_class.name or
             referenced.schema != dependent_class.schema)
    )

    select
        referenced_schema.name as referenced_schema,
        relationships.referenced_name as referenced_name,
        dependent_schema.name as dependent_schema,
        relationships.dependent_name as dependent_name
    from relationships
    join schema as dependent_schema on relationships.dependent_schema_id=dependent_schema.id
    join schema as referenced_schema on relationships.referenced_schema_id=referenced_schema.id
    group by referenced_schema, referenced_name, dependent_schema, dependent_name
    order by referenced_schema, referenced_name, dependent_schema, dependent_name;
[0m18:18:28.113317 [debug] [MainThread]: SQL status: SELECT 6 in 0 seconds
[0m18:18:28.120091 [debug] [MainThread]: Sending event: {'category': 'dbt', 'action': 'runnable_timing', 'label': '7221cf75-cda8-4a71-90cd-08a7f1023514', 'context': [<snowplow_tracker.self_describing_json.SelfDescribingJson object at 0x7fb4d730a5b0>]}
[0m18:18:28.122156 [debug] [MainThread]: On master: ROLLBACK
[0m18:18:28.126032 [debug] [MainThread]: Using postgres connection "master"
[0m18:18:28.127854 [debug] [MainThread]: On master: BEGIN
[0m18:18:28.133275 [debug] [MainThread]: SQL status: BEGIN in 0 seconds
[0m18:18:28.135170 [debug] [MainThread]: On master: COMMIT
[0m18:18:28.137980 [debug] [MainThread]: Using postgres connection "master"
[0m18:18:28.141176 [debug] [MainThread]: On master: COMMIT
[0m18:18:28.145066 [debug] [MainThread]: SQL status: COMMIT in 0 seconds
[0m18:18:28.147752 [debug] [MainThread]: On master: Close
[0m18:18:28.151979 [info ] [MainThread]: Concurrency: 1 threads (target='dev')
[0m18:18:28.153906 [info ] [MainThread]: 
[0m18:18:28.167063 [debug] [Thread-1  ]: Began running node model.jaffle_shop_dbtvault.as_of_date
[0m18:18:28.173825 [info ] [Thread-1  ]: 1 of 14 START sql table model dbt.as_of_date ................................... [RUN]
[0m18:18:28.179149 [debug] [Thread-1  ]: Acquiring new postgres connection 'model.jaffle_shop_dbtvault.as_of_date'
[0m18:18:28.182329 [debug] [Thread-1  ]: Began compiling node model.jaffle_shop_dbtvault.as_of_date
[0m18:18:28.243181 [debug] [Thread-1  ]: Using postgres connection "model.jaffle_shop_dbtvault.as_of_date"
[0m18:18:28.245891 [debug] [Thread-1  ]: On model.jaffle_shop_dbtvault.as_of_date: BEGIN
[0m18:18:28.250919 [debug] [Thread-1  ]: Opening a new connection, currently in state closed
[0m18:18:28.292645 [debug] [Thread-1  ]: SQL status: BEGIN in 0 seconds
[0m18:18:28.296958 [debug] [Thread-1  ]: Using postgres connection "model.jaffle_shop_dbtvault.as_of_date"
[0m18:18:28.302476 [debug] [Thread-1  ]: On model.jaffle_shop_dbtvault.as_of_date: /* {"app": "dbt", "dbt_version": "1.4.0", "profile_name": "jaffle_shop", "target_name": "dev", "node_id": "model.jaffle_shop_dbtvault.as_of_date"} */


        select 
        ((TO_DATE('2021/04/01', 'yyyy/mm/dd'))::date - (TO_DATE('2021/01/01', 'yyyy/mm/dd'))::date)
    
[0m18:18:28.313867 [debug] [Thread-1  ]: SQL status: SELECT 1 in 0 seconds
[0m18:18:28.324451 [debug] [Thread-1  ]: Writing injected SQL for node "model.jaffle_shop_dbtvault.as_of_date"
[0m18:18:28.346195 [debug] [Thread-1  ]: Timing info for model.jaffle_shop_dbtvault.as_of_date (compile): 2026-05-18 18:18:28.190344 => 2026-05-18 18:18:28.345478
[0m18:18:28.350799 [debug] [Thread-1  ]: Began executing node model.jaffle_shop_dbtvault.as_of_date
[0m18:18:28.564012 [debug] [Thread-1  ]: Writing runtime sql for node "model.jaffle_shop_dbtvault.as_of_date"
[0m18:18:28.585967 [debug] [Thread-1  ]: Using postgres connection "model.jaffle_shop_dbtvault.as_of_date"
[0m18:18:28.590284 [debug] [Thread-1  ]: On model.jaffle_shop_dbtvault.as_of_date: /* {"app": "dbt", "dbt_version": "1.4.0", "profile_name": "jaffle_shop", "target_name": "dev", "node_id": "model.jaffle_shop_dbtvault.as_of_date"} */

  
    

  create  table "postgres"."dbt"."as_of_date__dbt_tmp"
  as (
    WITH as_of_date AS (
    





with rawdata as (

    

    

    with p as (
        select 0 as generated_number union all select 1
    ), unioned as (

    select

    
    p0.generated_number * power(2, 0)
     + 
    
    p1.generated_number * power(2, 1)
     + 
    
    p2.generated_number * power(2, 2)
     + 
    
    p3.generated_number * power(2, 3)
     + 
    
    p4.generated_number * power(2, 4)
     + 
    
    p5.generated_number * power(2, 5)
     + 
    
    p6.generated_number * power(2, 6)
    
    
    + 1
    as generated_number

    from

    
    p as p0
     cross join 
    
    p as p1
     cross join 
    
    p as p2
     cross join 
    
    p as p3
     cross join 
    
    p as p4
     cross join 
    
    p as p5
     cross join 
    
    p as p6
    
    

    )

    select *
    from unioned
    where generated_number <= 90
    order by generated_number



),

all_periods as (

    select (
        

    TO_DATE('2021/01/01', 'yyyy/mm/dd') + ((interval '1 day') * (row_number() over (order by generated_number) - 1))


    ) as date_day
    from rawdata

),

filtered as (

    select *
    from all_periods
    where date_day <= TO_DATE('2021/04/01', 'yyyy/mm/dd')

)

select * from filtered


)

SELECT DATE_day as AS_OF_DATE FROM as_of_date
  );
  
[0m18:18:28.609930 [debug] [Thread-1  ]: SQL status: SELECT 90 in 0 seconds
[0m18:18:28.634986 [debug] [Thread-1  ]: Using postgres connection "model.jaffle_shop_dbtvault.as_of_date"
[0m18:18:28.637306 [debug] [Thread-1  ]: On model.jaffle_shop_dbtvault.as_of_date: /* {"app": "dbt", "dbt_version": "1.4.0", "profile_name": "jaffle_shop", "target_name": "dev", "node_id": "model.jaffle_shop_dbtvault.as_of_date"} */
alter table "postgres"."dbt"."as_of_date" rename to "as_of_date__dbt_backup"
[0m18:18:28.642215 [debug] [Thread-1  ]: SQL status: ALTER TABLE in 0 seconds
[0m18:18:28.655622 [debug] [Thread-1  ]: Using postgres connection "model.jaffle_shop_dbtvault.as_of_date"
[0m18:18:28.658173 [debug] [Thread-1  ]: On model.jaffle_shop_dbtvault.as_of_date: /* {"app": "dbt", "dbt_version": "1.4.0", "profile_name": "jaffle_shop", "target_name": "dev", "node_id": "model.jaffle_shop_dbtvault.as_of_date"} */
alter table "postgres"."dbt"."as_of_date__dbt_tmp" rename to "as_of_date"
[0m18:18:28.662624 [debug] [Thread-1  ]: SQL status: ALTER TABLE in 0 seconds
[0m18:18:28.727084 [debug] [Thread-1  ]: On model.jaffle_shop_dbtvault.as_of_date: COMMIT
[0m18:18:28.729341 [debug] [Thread-1  ]: Using postgres connection "model.jaffle_shop_dbtvault.as_of_date"
[0m18:18:28.733150 [debug] [Thread-1  ]: On model.jaffle_shop_dbtvault.as_of_date: COMMIT
[0m18:18:28.739575 [debug] [Thread-1  ]: SQL status: COMMIT in 0 seconds
[0m18:18:28.762232 [debug] [Thread-1  ]: Using postgres connection "model.jaffle_shop_dbtvault.as_of_date"
[0m18:18:28.764162 [debug] [Thread-1  ]: On model.jaffle_shop_dbtvault.as_of_date: /* {"app": "dbt", "dbt_version": "1.4.0", "profile_name": "jaffle_shop", "target_name": "dev", "node_id": "model.jaffle_shop_dbtvault.as_of_date"} */
drop table if exists "postgres"."dbt"."as_of_date__dbt_backup" cascade
[0m18:18:28.770807 [debug] [Thread-1  ]: SQL status: DROP TABLE in 0 seconds
[0m18:18:28.776742 [debug] [Thread-1  ]: Timing info for model.jaffle_shop_dbtvault.as_of_date (execute): 2026-05-18 18:18:28.352847 => 2026-05-18 18:18:28.776430
[0m18:18:28.779265 [debug] [Thread-1  ]: On model.jaffle_shop_dbtvault.as_of_date: Close
[0m18:18:28.783670 [debug] [Thread-1  ]: Sending event: {'category': 'dbt', 'action': 'run_model', 'label': '7221cf75-cda8-4a71-90cd-08a7f1023514', 'context': [<snowplow_tracker.self_describing_json.SelfDescribingJson object at 0x7fb4d743b880>]}
[0m18:18:28.787166 [info ] [Thread-1  ]: 1 of 14 OK created sql table model dbt.as_of_date .............................. [[32mSELECT 90[0m in 0.61s]
[0m18:18:28.794235 [debug] [Thread-1  ]: Finished running node model.jaffle_shop_dbtvault.as_of_date
[0m18:18:28.798379 [debug] [Thread-1  ]: Began running node model.jaffle_shop_dbtvault.stg_customers
[0m18:18:28.801231 [info ] [Thread-1  ]: 2 of 14 START sql view model dbt.stg_customers ................................. [RUN]
[0m18:18:28.805451 [debug] [Thread-1  ]: Acquiring new postgres connection 'model.jaffle_shop_dbtvault.stg_customers'
[0m18:18:28.808897 [debug] [Thread-1  ]: Began compiling node model.jaffle_shop_dbtvault.stg_customers
[0m18:18:28.870142 [debug] [Thread-1  ]: Using postgres connection "model.jaffle_shop_dbtvault.stg_customers"
[0m18:18:28.872843 [debug] [Thread-1  ]: On model.jaffle_shop_dbtvault.stg_customers: BEGIN
[0m18:18:28.874445 [debug] [Thread-1  ]: Opening a new connection, currently in state closed
[0m18:18:28.902037 [debug] [Thread-1  ]: SQL status: BEGIN in 0 seconds
[0m18:18:28.905802 [debug] [Thread-1  ]: Using postgres connection "model.jaffle_shop_dbtvault.stg_customers"
[0m18:18:28.909900 [debug] [Thread-1  ]: On model.jaffle_shop_dbtvault.stg_customers: /* {"app": "dbt", "dbt_version": "1.4.0", "profile_name": "jaffle_shop", "target_name": "dev", "node_id": "model.jaffle_shop_dbtvault.stg_customers"} */

      select
          column_name,
          data_type,
          character_maximum_length,
          numeric_precision,
          numeric_scale

      from "postgres".INFORMATION_SCHEMA.columns
      where table_name = 'source_customers'
        
        and table_schema = 'dbt'
        
      order by ordinal_position

  
[0m18:18:28.971718 [debug] [Thread-1  ]: SQL status: SELECT 4 in 0 seconds
[0m18:18:29.001098 [debug] [Thread-1  ]: Using postgres connection "model.jaffle_shop_dbtvault.stg_customers"
[0m18:18:29.003486 [debug] [Thread-1  ]: On model.jaffle_shop_dbtvault.stg_customers: /* {"app": "dbt", "dbt_version": "1.4.0", "profile_name": "jaffle_shop", "target_name": "dev", "node_id": "model.jaffle_shop_dbtvault.stg_customers"} */

      select
          column_name,
          data_type,
          character_maximum_length,
          numeric_precision,
          numeric_scale

      from "postgres".INFORMATION_SCHEMA.columns
      where table_name = 'source_customers'
        
        and table_schema = 'dbt'
        
      order by ordinal_position

  
[0m18:18:29.015343 [debug] [Thread-1  ]: SQL status: SELECT 4 in 0 seconds
[0m18:18:29.047813 [debug] [Thread-1  ]: Writing injected SQL for node "model.jaffle_shop_dbtvault.stg_customers"
[0m18:18:29.058168 [debug] [Thread-1  ]: Timing info for model.jaffle_shop_dbtvault.stg_customers (compile): 2026-05-18 18:18:28.813353 => 2026-05-18 18:18:29.057869
[0m18:18:29.060433 [debug] [Thread-1  ]: Began executing node model.jaffle_shop_dbtvault.stg_customers
[0m18:18:29.110967 [debug] [Thread-1  ]: Writing runtime sql for node "model.jaffle_shop_dbtvault.stg_customers"
[0m18:18:29.120338 [debug] [Thread-1  ]: Using postgres connection "model.jaffle_shop_dbtvault.stg_customers"
[0m18:18:29.123184 [debug] [Thread-1  ]: On model.jaffle_shop_dbtvault.stg_customers: /* {"app": "dbt", "dbt_version": "1.4.0", "profile_name": "jaffle_shop", "target_name": "dev", "node_id": "model.jaffle_shop_dbtvault.stg_customers"} */

  create view "postgres"."dbt"."stg_customers__dbt_tmp" as (
    





with staging as (
    -- Generated by AutomateDV (formerly known as dbtvault)

    

WITH source_data AS (

    SELECT

    id,
    first_name,
    last_name,
    email

    FROM "postgres"."dbt"."source_customers"
),

derived_columns AS (

    SELECT

    id,
    first_name,
    last_name,
    email,
    email AS CUSTOMER_KEY,
    'CSV_CUSTOMERS'::TEXT AS RECORD_SOURCE

    FROM source_data
),

hashed_columns AS (

    SELECT

    id,
    first_name,
    last_name,
    email,
    CUSTOMER_KEY,
    RECORD_SOURCE,

    DECODE(MD5(NULLIF(UPPER(TRIM(CAST(email AS VARCHAR))), '')), 'hex') AS CUSTOMER_PK,

    DECODE(MD5(CONCAT(
        COALESCE(NULLIF(UPPER(TRIM(CAST(first_name AS VARCHAR))), ''), '^^'), '||',
        COALESCE(NULLIF(UPPER(TRIM(CAST(id AS VARCHAR))), ''), '^^'), '||',
        COALESCE(NULLIF(UPPER(TRIM(CAST(last_name AS VARCHAR))), ''), '^^')
    )), 'hex') AS CUSTOMER_HASHDIFF

    FROM derived_columns
),

columns_to_select AS (

    SELECT

    id,
    first_name,
    last_name,
    email,
    CUSTOMER_KEY,
    RECORD_SOURCE,
    CUSTOMER_PK,
    CUSTOMER_HASHDIFF

    FROM hashed_columns
)

SELECT * FROM columns_to_select
)

select *, current_timestamp as LOAD_DATE,
    current_timestamp AS EFFECTIVE_FROM from staging
  );
[0m18:18:29.130220 [debug] [Thread-1  ]: SQL status: CREATE VIEW in 0 seconds
[0m18:18:29.143713 [debug] [Thread-1  ]: Using postgres connection "model.jaffle_shop_dbtvault.stg_customers"
[0m18:18:29.145744 [debug] [Thread-1  ]: On model.jaffle_shop_dbtvault.stg_customers: /* {"app": "dbt", "dbt_version": "1.4.0", "profile_name": "jaffle_shop", "target_name": "dev", "node_id": "model.jaffle_shop_dbtvault.stg_customers"} */
alter table "postgres"."dbt"."stg_customers" rename to "stg_customers__dbt_backup"
[0m18:18:29.149121 [debug] [Thread-1  ]: SQL status: ALTER TABLE in 0 seconds
[0m18:18:29.159384 [debug] [Thread-1  ]: Using postgres connection "model.jaffle_shop_dbtvault.stg_customers"
[0m18:18:29.161184 [debug] [Thread-1  ]: On model.jaffle_shop_dbtvault.stg_customers: /* {"app": "dbt", "dbt_version": "1.4.0", "profile_name": "jaffle_shop", "target_name": "dev", "node_id": "model.jaffle_shop_dbtvault.stg_customers"} */
alter table "postgres"."dbt"."stg_customers__dbt_tmp" rename to "stg_customers"
[0m18:18:29.165258 [debug] [Thread-1  ]: SQL status: ALTER TABLE in 0 seconds
[0m18:18:29.171640 [debug] [Thread-1  ]: On model.jaffle_shop_dbtvault.stg_customers: COMMIT
[0m18:18:29.173968 [debug] [Thread-1  ]: Using postgres connection "model.jaffle_shop_dbtvault.stg_customers"
[0m18:18:29.176713 [debug] [Thread-1  ]: On model.jaffle_shop_dbtvault.stg_customers: COMMIT
[0m18:18:29.182045 [debug] [Thread-1  ]: SQL status: COMMIT in 0 seconds
[0m18:18:29.190079 [debug] [Thread-1  ]: Using postgres connection "model.jaffle_shop_dbtvault.stg_customers"
[0m18:18:29.191834 [debug] [Thread-1  ]: On model.jaffle_shop_dbtvault.stg_customers: /* {"app": "dbt", "dbt_version": "1.4.0", "profile_name": "jaffle_shop", "target_name": "dev", "node_id": "model.jaffle_shop_dbtvault.stg_customers"} */
drop view if exists "postgres"."dbt"."stg_customers__dbt_backup" cascade
[0m18:18:29.200165 [debug] [Thread-1  ]: SQL status: DROP VIEW in 0 seconds
[0m18:18:29.206122 [debug] [Thread-1  ]: Timing info for model.jaffle_shop_dbtvault.stg_customers (execute): 2026-05-18 18:18:29.063049 => 2026-05-18 18:18:29.205973
[0m18:18:29.208601 [debug] [Thread-1  ]: On model.jaffle_shop_dbtvault.stg_customers: Close
[0m18:18:29.213798 [debug] [Thread-1  ]: Sending event: {'category': 'dbt', 'action': 'run_model', 'label': '7221cf75-cda8-4a71-90cd-08a7f1023514', 'context': [<snowplow_tracker.self_describing_json.SelfDescribingJson object at 0x7fb4d757b2b0>]}
[0m18:18:29.217557 [info ] [Thread-1  ]: 2 of 14 OK created sql view model dbt.stg_customers ............................ [[32mCREATE VIEW[0m in 0.41s]
[0m18:18:29.220726 [debug] [Thread-1  ]: Finished running node model.jaffle_shop_dbtvault.stg_customers
[0m18:18:29.223762 [debug] [Thread-1  ]: Began running node model.jaffle_shop_dbtvault.stg_customers_crm
[0m18:18:29.227959 [info ] [Thread-1  ]: 3 of 14 START sql view model dbt.stg_customers_crm ............................. [RUN]
[0m18:18:29.237222 [debug] [Thread-1  ]: Acquiring new postgres connection 'model.jaffle_shop_dbtvault.stg_customers_crm'
[0m18:18:29.246160 [debug] [Thread-1  ]: Began compiling node model.jaffle_shop_dbtvault.stg_customers_crm
[0m18:18:29.288266 [debug] [Thread-1  ]: Using postgres connection "model.jaffle_shop_dbtvault.stg_customers_crm"
[0m18:18:29.295202 [debug] [Thread-1  ]: On model.jaffle_shop_dbtvault.stg_customers_crm: BEGIN
[0m18:18:29.297717 [debug] [Thread-1  ]: Opening a new connection, currently in state closed
[0m18:18:29.342402 [debug] [Thread-1  ]: SQL status: BEGIN in 0 seconds
[0m18:18:29.344888 [debug] [Thread-1  ]: Using postgres connection "model.jaffle_shop_dbtvault.stg_customers_crm"
[0m18:18:29.349334 [debug] [Thread-1  ]: On model.jaffle_shop_dbtvault.stg_customers_crm: /* {"app": "dbt", "dbt_version": "1.4.0", "profile_name": "jaffle_shop", "target_name": "dev", "node_id": "model.jaffle_shop_dbtvault.stg_customers_crm"} */

      select
          column_name,
          data_type,
          character_maximum_length,
          numeric_precision,
          numeric_scale

      from "postgres".INFORMATION_SCHEMA.columns
      where table_name = 'source_customers_crm'
        
        and table_schema = 'dbt'
        
      order by ordinal_position

  
[0m18:18:29.394192 [debug] [Thread-1  ]: SQL status: SELECT 3 in 0 seconds
[0m18:18:29.426787 [debug] [Thread-1  ]: Using postgres connection "model.jaffle_shop_dbtvault.stg_customers_crm"
[0m18:18:29.430807 [debug] [Thread-1  ]: On model.jaffle_shop_dbtvault.stg_customers_crm: /* {"app": "dbt", "dbt_version": "1.4.0", "profile_name": "jaffle_shop", "target_name": "dev", "node_id": "model.jaffle_shop_dbtvault.stg_customers_crm"} */

      select
          column_name,
          data_type,
          character_maximum_length,
          numeric_precision,
          numeric_scale

      from "postgres".INFORMATION_SCHEMA.columns
      where table_name = 'source_customers_crm'
        
        and table_schema = 'dbt'
        
      order by ordinal_position

  
[0m18:18:29.444213 [debug] [Thread-1  ]: SQL status: SELECT 3 in 0 seconds
[0m18:18:29.473919 [debug] [Thread-1  ]: Writing injected SQL for node "model.jaffle_shop_dbtvault.stg_customers_crm"
[0m18:18:29.488414 [debug] [Thread-1  ]: Timing info for model.jaffle_shop_dbtvault.stg_customers_crm (compile): 2026-05-18 18:18:29.251344 => 2026-05-18 18:18:29.488167
[0m18:18:29.491282 [debug] [Thread-1  ]: Began executing node model.jaffle_shop_dbtvault.stg_customers_crm
[0m18:18:29.507021 [debug] [Thread-1  ]: Writing runtime sql for node "model.jaffle_shop_dbtvault.stg_customers_crm"
[0m18:18:29.516040 [debug] [Thread-1  ]: Using postgres connection "model.jaffle_shop_dbtvault.stg_customers_crm"
[0m18:18:29.518810 [debug] [Thread-1  ]: On model.jaffle_shop_dbtvault.stg_customers_crm: /* {"app": "dbt", "dbt_version": "1.4.0", "profile_name": "jaffle_shop", "target_name": "dev", "node_id": "model.jaffle_shop_dbtvault.stg_customers_crm"} */

  create view "postgres"."dbt"."stg_customers_crm__dbt_tmp" as (
    





with staging as (
    -- Generated by AutomateDV (formerly known as dbtvault)

    

WITH source_data AS (

    SELECT

    email,
    country,
    age

    FROM "postgres"."dbt"."source_customers_crm"
),

derived_columns AS (

    SELECT

    email,
    country,
    age,
    email AS CUSTOMER_KEY,
    'CSV_CUSTOMERS'::TEXT AS RECORD_SOURCE

    FROM source_data
),

hashed_columns AS (

    SELECT

    email,
    country,
    age,
    CUSTOMER_KEY,
    RECORD_SOURCE,

    DECODE(MD5(NULLIF(UPPER(TRIM(CAST(email AS VARCHAR))), '')), 'hex') AS CUSTOMER_PK,

    DECODE(MD5(CONCAT(
        COALESCE(NULLIF(UPPER(TRIM(CAST(age AS VARCHAR))), ''), '^^'), '||',
        COALESCE(NULLIF(UPPER(TRIM(CAST(country AS VARCHAR))), ''), '^^')
    )), 'hex') AS CUSTOMER_HASHDIFF

    FROM derived_columns
),

columns_to_select AS (

    SELECT

    email,
    country,
    age,
    CUSTOMER_KEY,
    RECORD_SOURCE,
    CUSTOMER_PK,
    CUSTOMER_HASHDIFF

    FROM hashed_columns
)

SELECT * FROM columns_to_select
)

select *, current_timestamp as LOAD_DATE,
    current_timestamp AS EFFECTIVE_FROM from staging
  );
[0m18:18:29.528546 [debug] [Thread-1  ]: SQL status: CREATE VIEW in 0 seconds
[0m18:18:29.541576 [debug] [Thread-1  ]: Using postgres connection "model.jaffle_shop_dbtvault.stg_customers_crm"
[0m18:18:29.544580 [debug] [Thread-1  ]: On model.jaffle_shop_dbtvault.stg_customers_crm: /* {"app": "dbt", "dbt_version": "1.4.0", "profile_name": "jaffle_shop", "target_name": "dev", "node_id": "model.jaffle_shop_dbtvault.stg_customers_crm"} */
alter table "postgres"."dbt"."stg_customers_crm" rename to "stg_customers_crm__dbt_backup"
[0m18:18:29.550489 [debug] [Thread-1  ]: SQL status: ALTER TABLE in 0 seconds
[0m18:18:29.564205 [debug] [Thread-1  ]: Using postgres connection "model.jaffle_shop_dbtvault.stg_customers_crm"
[0m18:18:29.566052 [debug] [Thread-1  ]: On model.jaffle_shop_dbtvault.stg_customers_crm: /* {"app": "dbt", "dbt_version": "1.4.0", "profile_name": "jaffle_shop", "target_name": "dev", "node_id": "model.jaffle_shop_dbtvault.stg_customers_crm"} */
alter table "postgres"."dbt"."stg_customers_crm__dbt_tmp" rename to "stg_customers_crm"
[0m18:18:29.570110 [debug] [Thread-1  ]: SQL status: ALTER TABLE in 0 seconds
[0m18:18:29.576493 [debug] [Thread-1  ]: On model.jaffle_shop_dbtvault.stg_customers_crm: COMMIT
[0m18:18:29.578542 [debug] [Thread-1  ]: Using postgres connection "model.jaffle_shop_dbtvault.stg_customers_crm"
[0m18:18:29.581027 [debug] [Thread-1  ]: On model.jaffle_shop_dbtvault.stg_customers_crm: COMMIT
[0m18:18:29.586768 [debug] [Thread-1  ]: SQL status: COMMIT in 0 seconds
[0m18:18:29.594996 [debug] [Thread-1  ]: Using postgres connection "model.jaffle_shop_dbtvault.stg_customers_crm"
[0m18:18:29.596980 [debug] [Thread-1  ]: On model.jaffle_shop_dbtvault.stg_customers_crm: /* {"app": "dbt", "dbt_version": "1.4.0", "profile_name": "jaffle_shop", "target_name": "dev", "node_id": "model.jaffle_shop_dbtvault.stg_customers_crm"} */
drop view if exists "postgres"."dbt"."stg_customers_crm__dbt_backup" cascade
[0m18:18:29.602851 [debug] [Thread-1  ]: SQL status: DROP VIEW in 0 seconds
[0m18:18:29.607028 [debug] [Thread-1  ]: Timing info for model.jaffle_shop_dbtvault.stg_customers_crm (execute): 2026-05-18 18:18:29.493528 => 2026-05-18 18:18:29.606929
[0m18:18:29.608908 [debug] [Thread-1  ]: On model.jaffle_shop_dbtvault.stg_customers_crm: Close
[0m18:18:29.612830 [debug] [Thread-1  ]: Sending event: {'category': 'dbt', 'action': 'run_model', 'label': '7221cf75-cda8-4a71-90cd-08a7f1023514', 'context': [<snowplow_tracker.self_describing_json.SelfDescribingJson object at 0x7fb4d7efe820>]}
[0m18:18:29.616552 [info ] [Thread-1  ]: 3 of 14 OK created sql view model dbt.stg_customers_crm ........................ [[32mCREATE VIEW[0m in 0.38s]
[0m18:18:29.619570 [debug] [Thread-1  ]: Finished running node model.jaffle_shop_dbtvault.stg_customers_crm
[0m18:18:29.622133 [debug] [Thread-1  ]: Began running node model.jaffle_shop_dbtvault.stg_orders
[0m18:18:29.624926 [info ] [Thread-1  ]: 4 of 14 START sql view model dbt.stg_orders .................................... [RUN]
[0m18:18:29.627400 [debug] [Thread-1  ]: Acquiring new postgres connection 'model.jaffle_shop_dbtvault.stg_orders'
[0m18:18:29.631396 [debug] [Thread-1  ]: Began compiling node model.jaffle_shop_dbtvault.stg_orders
[0m18:18:29.663860 [debug] [Thread-1  ]: Using postgres connection "model.jaffle_shop_dbtvault.stg_orders"
[0m18:18:29.665618 [debug] [Thread-1  ]: On model.jaffle_shop_dbtvault.stg_orders: BEGIN
[0m18:18:29.678860 [debug] [Thread-1  ]: Opening a new connection, currently in state closed
[0m18:18:29.708179 [debug] [Thread-1  ]: SQL status: BEGIN in 0 seconds
[0m18:18:29.712875 [debug] [Thread-1  ]: Using postgres connection "model.jaffle_shop_dbtvault.stg_orders"
[0m18:18:29.716940 [debug] [Thread-1  ]: On model.jaffle_shop_dbtvault.stg_orders: /* {"app": "dbt", "dbt_version": "1.4.0", "profile_name": "jaffle_shop", "target_name": "dev", "node_id": "model.jaffle_shop_dbtvault.stg_orders"} */

      select
          column_name,
          data_type,
          character_maximum_length,
          numeric_precision,
          numeric_scale

      from "postgres".INFORMATION_SCHEMA.columns
      where table_name = 'source_orders'
        
        and table_schema = 'dbt'
        
      order by ordinal_position

  
[0m18:18:29.745892 [debug] [Thread-1  ]: SQL status: SELECT 4 in 0 seconds
[0m18:18:29.779161 [debug] [Thread-1  ]: Using postgres connection "model.jaffle_shop_dbtvault.stg_orders"
[0m18:18:29.784211 [debug] [Thread-1  ]: On model.jaffle_shop_dbtvault.stg_orders: /* {"app": "dbt", "dbt_version": "1.4.0", "profile_name": "jaffle_shop", "target_name": "dev", "node_id": "model.jaffle_shop_dbtvault.stg_orders"} */

      select
          column_name,
          data_type,
          character_maximum_length,
          numeric_precision,
          numeric_scale

      from "postgres".INFORMATION_SCHEMA.columns
      where table_name = 'source_orders'
        
        and table_schema = 'dbt'
        
      order by ordinal_position

  
[0m18:18:29.802638 [debug] [Thread-1  ]: SQL status: SELECT 4 in 0 seconds
[0m18:18:29.832941 [debug] [Thread-1  ]: Writing injected SQL for node "model.jaffle_shop_dbtvault.stg_orders"
[0m18:18:29.839949 [debug] [Thread-1  ]: Timing info for model.jaffle_shop_dbtvault.stg_orders (compile): 2026-05-18 18:18:29.633917 => 2026-05-18 18:18:29.839762
[0m18:18:29.842138 [debug] [Thread-1  ]: Began executing node model.jaffle_shop_dbtvault.stg_orders
[0m18:18:29.858036 [debug] [Thread-1  ]: Writing runtime sql for node "model.jaffle_shop_dbtvault.stg_orders"
[0m18:18:29.864148 [debug] [Thread-1  ]: Using postgres connection "model.jaffle_shop_dbtvault.stg_orders"
[0m18:18:29.866148 [debug] [Thread-1  ]: On model.jaffle_shop_dbtvault.stg_orders: /* {"app": "dbt", "dbt_version": "1.4.0", "profile_name": "jaffle_shop", "target_name": "dev", "node_id": "model.jaffle_shop_dbtvault.stg_orders"} */

  create view "postgres"."dbt"."stg_orders__dbt_tmp" as (
    








WITH staging AS (
-- Generated by AutomateDV (formerly known as dbtvault)

    

WITH source_data AS (

    SELECT

    id,
    user_id,
    order_date,
    status

    FROM "postgres"."dbt"."source_orders"
),

derived_columns AS (

    SELECT

    id,
    user_id,
    order_date,
    status,
    id AS ORDER_KEY,
    'CSV_ORDERS'::TEXT AS RECORD_SOURCE

    FROM source_data
),

hashed_columns AS (

    SELECT

    id,
    user_id,
    order_date,
    status,
    ORDER_KEY,
    RECORD_SOURCE,

    DECODE(MD5(NULLIF(UPPER(TRIM(CAST(id AS VARCHAR))), '')), 'hex') AS ORDER_PK,

    DECODE(MD5(CONCAT(
        COALESCE(NULLIF(UPPER(TRIM(CAST(order_date AS VARCHAR))), ''), '^^'), '||',
        COALESCE(NULLIF(UPPER(TRIM(CAST(status AS VARCHAR))), ''), '^^')
    )), 'hex') AS ORDER_HASHDIFF

    FROM derived_columns
),

columns_to_select AS (

    SELECT

    id,
    user_id,
    order_date,
    status,
    ORDER_KEY,
    RECORD_SOURCE,
    ORDER_PK,
    ORDER_HASHDIFF

    FROM hashed_columns
)

SELECT * FROM columns_to_select
)

SELECT *,
    current_timestamp AS LOAD_DATE,
    current_timestamp AS EFFECTIVE_FROM
FROM staging
  );
[0m18:18:29.873160 [debug] [Thread-1  ]: SQL status: CREATE VIEW in 0 seconds
[0m18:18:29.885851 [debug] [Thread-1  ]: Using postgres connection "model.jaffle_shop_dbtvault.stg_orders"
[0m18:18:29.887812 [debug] [Thread-1  ]: On model.jaffle_shop_dbtvault.stg_orders: /* {"app": "dbt", "dbt_version": "1.4.0", "profile_name": "jaffle_shop", "target_name": "dev", "node_id": "model.jaffle_shop_dbtvault.stg_orders"} */
alter table "postgres"."dbt"."stg_orders" rename to "stg_orders__dbt_backup"
[0m18:18:29.892096 [debug] [Thread-1  ]: SQL status: ALTER TABLE in 0 seconds
[0m18:18:29.901751 [debug] [Thread-1  ]: Using postgres connection "model.jaffle_shop_dbtvault.stg_orders"
[0m18:18:29.903763 [debug] [Thread-1  ]: On model.jaffle_shop_dbtvault.stg_orders: /* {"app": "dbt", "dbt_version": "1.4.0", "profile_name": "jaffle_shop", "target_name": "dev", "node_id": "model.jaffle_shop_dbtvault.stg_orders"} */
alter table "postgres"."dbt"."stg_orders__dbt_tmp" rename to "stg_orders"
[0m18:18:29.907792 [debug] [Thread-1  ]: SQL status: ALTER TABLE in 0 seconds
[0m18:18:29.914234 [debug] [Thread-1  ]: On model.jaffle_shop_dbtvault.stg_orders: COMMIT
[0m18:18:29.916128 [debug] [Thread-1  ]: Using postgres connection "model.jaffle_shop_dbtvault.stg_orders"
[0m18:18:29.919133 [debug] [Thread-1  ]: On model.jaffle_shop_dbtvault.stg_orders: COMMIT
[0m18:18:29.924152 [debug] [Thread-1  ]: SQL status: COMMIT in 0 seconds
[0m18:18:29.934920 [debug] [Thread-1  ]: Using postgres connection "model.jaffle_shop_dbtvault.stg_orders"
[0m18:18:29.937429 [debug] [Thread-1  ]: On model.jaffle_shop_dbtvault.stg_orders: /* {"app": "dbt", "dbt_version": "1.4.0", "profile_name": "jaffle_shop", "target_name": "dev", "node_id": "model.jaffle_shop_dbtvault.stg_orders"} */
drop view if exists "postgres"."dbt"."stg_orders__dbt_backup" cascade
[0m18:18:29.945085 [debug] [Thread-1  ]: SQL status: DROP VIEW in 0 seconds
[0m18:18:29.950151 [debug] [Thread-1  ]: Timing info for model.jaffle_shop_dbtvault.stg_orders (execute): 2026-05-18 18:18:29.845723 => 2026-05-18 18:18:29.950033
[0m18:18:29.952066 [debug] [Thread-1  ]: On model.jaffle_shop_dbtvault.stg_orders: Close
[0m18:18:29.956394 [debug] [Thread-1  ]: Sending event: {'category': 'dbt', 'action': 'run_model', 'label': '7221cf75-cda8-4a71-90cd-08a7f1023514', 'context': [<snowplow_tracker.self_describing_json.SelfDescribingJson object at 0x7fb4d7327ac0>]}
[0m18:18:29.959650 [info ] [Thread-1  ]: 4 of 14 OK created sql view model dbt.stg_orders ............................... [[32mCREATE VIEW[0m in 0.33s]
[0m18:18:29.962916 [debug] [Thread-1  ]: Finished running node model.jaffle_shop_dbtvault.stg_orders
[0m18:18:29.966217 [debug] [Thread-1  ]: Began running node model.jaffle_shop_dbtvault.sat_customer
[0m18:18:29.969799 [info ] [Thread-1  ]: 5 of 14 START sql incremental model dbt.sat_customer ........................... [RUN]
[0m18:18:29.973055 [debug] [Thread-1  ]: Acquiring new postgres connection 'model.jaffle_shop_dbtvault.sat_customer'
[0m18:18:29.977047 [debug] [Thread-1  ]: Began compiling node model.jaffle_shop_dbtvault.sat_customer
[0m18:18:30.082469 [debug] [Thread-1  ]: Writing injected SQL for node "model.jaffle_shop_dbtvault.sat_customer"
[0m18:18:30.102986 [debug] [Thread-1  ]: Timing info for model.jaffle_shop_dbtvault.sat_customer (compile): 2026-05-18 18:18:29.981244 => 2026-05-18 18:18:30.102477
[0m18:18:30.106209 [debug] [Thread-1  ]: Began executing node model.jaffle_shop_dbtvault.sat_customer
[0m18:18:30.191510 [debug] [Thread-1  ]: Using postgres connection "model.jaffle_shop_dbtvault.sat_customer"
[0m18:18:30.193868 [debug] [Thread-1  ]: On model.jaffle_shop_dbtvault.sat_customer: /* {"app": "dbt", "dbt_version": "1.4.0", "profile_name": "jaffle_shop", "target_name": "dev", "node_id": "model.jaffle_shop_dbtvault.sat_customer"} */

    
  
    

  create temporary table "sat_customer__dbt_tmp181830173221"
  as (
    -- Generated by AutomateDV (formerly known as dbtvault)

    

WITH source_data AS (
    SELECT a.CUSTOMER_PK, a.CUSTOMER_HASHDIFF, a.first_name, a.last_name, a.id, a.EFFECTIVE_FROM, a.LOAD_DATE, a.RECORD_SOURCE
    FROM "postgres"."dbt"."stg_customers" AS a
    WHERE a.CUSTOMER_PK IS NOT NULL
),

latest_records AS (
    SELECT b.CUSTOMER_PK, b.CUSTOMER_HASHDIFF, b.first_name, b.last_name, b.id, b.EFFECTIVE_FROM, b.LOAD_DATE, b.RECORD_SOURCE
    FROM (
        SELECT current_records.CUSTOMER_PK, current_records.CUSTOMER_HASHDIFF, current_records.first_name, current_records.last_name, current_records.id, current_records.EFFECTIVE_FROM, current_records.LOAD_DATE, current_records.RECORD_SOURCE,
            RANK() OVER (
               PARTITION BY current_records.CUSTOMER_PK
               ORDER BY current_records.LOAD_DATE DESC
            ) AS rank
        FROM "postgres"."dbt"."sat_customer" AS current_records
            JOIN (
                SELECT DISTINCT source_data.CUSTOMER_PK
                FROM source_data
            ) AS source_records
                ON source_records.CUSTOMER_PK = current_records.CUSTOMER_PK
    ) AS b
    WHERE b.rank = 1
),

first_record_in_set AS (
    SELECT * FROM (
        SELECT
        sd.CUSTOMER_PK, sd.CUSTOMER_HASHDIFF, sd.first_name, sd.last_name, sd.id, sd.EFFECTIVE_FROM, sd.LOAD_DATE, sd.RECORD_SOURCE,
        RANK() OVER (
                PARTITION BY sd.CUSTOMER_PK
                ORDER BY sd.LOAD_DATE ASC
            ) as asc_rank
        FROM source_data as sd
    ) AS rin
    WHERE rin.asc_rank = 1
),

unique_source_records AS (
    SELECT
        b.CUSTOMER_PK, b.CUSTOMER_HASHDIFF, b.first_name, b.last_name, b.id, b.EFFECTIVE_FROM, b.LOAD_DATE, b.RECORD_SOURCE
    FROM (
        SELECT DISTINCT
            sd.CUSTOMER_PK, sd.CUSTOMER_HASHDIFF, sd.first_name, sd.last_name, sd.id, sd.EFFECTIVE_FROM, sd.LOAD_DATE, sd.RECORD_SOURCE,
            LAG(sd.CUSTOMER_HASHDIFF) OVER (
                PARTITION BY sd.CUSTOMER_PK
                ORDER BY sd.LOAD_DATE ASC) as prev_hashdiff
        FROM source_data as sd
        ) AS b
    WHERE b.CUSTOMER_HASHDIFF != b.prev_hashdiff
),

records_to_insert AS (
        SELECT frin.CUSTOMER_PK, frin.CUSTOMER_HASHDIFF, frin.first_name, frin.last_name, frin.id, frin.EFFECTIVE_FROM, frin.LOAD_DATE, frin.RECORD_SOURCE
        FROM first_record_in_set AS frin
        LEFT JOIN LATEST_RECORDS lr
            ON lr.CUSTOMER_PK = frin.CUSTOMER_PK
            AND lr.CUSTOMER_HASHDIFF = frin.CUSTOMER_HASHDIFF
            WHERE lr.CUSTOMER_HASHDIFF IS NULL
        UNION
        SELECT usr.CUSTOMER_PK, usr.CUSTOMER_HASHDIFF, usr.first_name, usr.last_name, usr.id, usr.EFFECTIVE_FROM, usr.LOAD_DATE, usr.RECORD_SOURCE
        FROM unique_source_records as usr
)

SELECT * FROM records_to_insert
  );
  
  
[0m18:18:30.197281 [debug] [Thread-1  ]: Opening a new connection, currently in state closed
[0m18:18:30.231788 [debug] [Thread-1  ]: SQL status: SELECT 0 in 0 seconds
[0m18:18:30.245285 [debug] [Thread-1  ]: Using postgres connection "model.jaffle_shop_dbtvault.sat_customer"
[0m18:18:30.247293 [debug] [Thread-1  ]: On model.jaffle_shop_dbtvault.sat_customer: BEGIN
[0m18:18:30.250967 [debug] [Thread-1  ]: SQL status: BEGIN in 0 seconds
[0m18:18:30.254279 [debug] [Thread-1  ]: Using postgres connection "model.jaffle_shop_dbtvault.sat_customer"
[0m18:18:30.257432 [debug] [Thread-1  ]: On model.jaffle_shop_dbtvault.sat_customer: /* {"app": "dbt", "dbt_version": "1.4.0", "profile_name": "jaffle_shop", "target_name": "dev", "node_id": "model.jaffle_shop_dbtvault.sat_customer"} */

      select
          column_name,
          data_type,
          character_maximum_length,
          numeric_precision,
          numeric_scale

      from INFORMATION_SCHEMA.columns
      where table_name = 'sat_customer__dbt_tmp181830173221'
        
      order by ordinal_position

  
[0m18:18:30.274281 [debug] [Thread-1  ]: SQL status: SELECT 8 in 0 seconds
[0m18:18:30.285570 [debug] [Thread-1  ]: Using postgres connection "model.jaffle_shop_dbtvault.sat_customer"
[0m18:18:30.287549 [debug] [Thread-1  ]: On model.jaffle_shop_dbtvault.sat_customer: /* {"app": "dbt", "dbt_version": "1.4.0", "profile_name": "jaffle_shop", "target_name": "dev", "node_id": "model.jaffle_shop_dbtvault.sat_customer"} */

      select
          column_name,
          data_type,
          character_maximum_length,
          numeric_precision,
          numeric_scale

      from "postgres".INFORMATION_SCHEMA.columns
      where table_name = 'sat_customer'
        
        and table_schema = 'dbt'
        
      order by ordinal_position

  
[0m18:18:30.299712 [debug] [Thread-1  ]: SQL status: SELECT 8 in 0 seconds
[0m18:18:30.325216 [debug] [Thread-1  ]: Using postgres connection "model.jaffle_shop_dbtvault.sat_customer"
[0m18:18:30.327345 [debug] [Thread-1  ]: On model.jaffle_shop_dbtvault.sat_customer: /* {"app": "dbt", "dbt_version": "1.4.0", "profile_name": "jaffle_shop", "target_name": "dev", "node_id": "model.jaffle_shop_dbtvault.sat_customer"} */

      select
          column_name,
          data_type,
          character_maximum_length,
          numeric_precision,
          numeric_scale

      from "postgres".INFORMATION_SCHEMA.columns
      where table_name = 'sat_customer'
        
        and table_schema = 'dbt'
        
      order by ordinal_position

  
[0m18:18:30.338502 [debug] [Thread-1  ]: SQL status: SELECT 8 in 0 seconds
[0m18:18:30.375475 [debug] [Thread-1  ]: Writing runtime sql for node "model.jaffle_shop_dbtvault.sat_customer"
[0m18:18:30.387996 [debug] [Thread-1  ]: Using postgres connection "model.jaffle_shop_dbtvault.sat_customer"
[0m18:18:30.393908 [debug] [Thread-1  ]: On model.jaffle_shop_dbtvault.sat_customer: /* {"app": "dbt", "dbt_version": "1.4.0", "profile_name": "jaffle_shop", "target_name": "dev", "node_id": "model.jaffle_shop_dbtvault.sat_customer"} */

      insert into "postgres"."dbt"."sat_customer" ("customer_pk", "customer_hashdiff", "first_name", "last_name", "id", "effective_from", "load_date", "record_source")
    (
        select "customer_pk", "customer_hashdiff", "first_name", "last_name", "id", "effective_from", "load_date", "record_source"
        from "sat_customer__dbt_tmp181830173221"
    )


  
[0m18:18:30.398554 [debug] [Thread-1  ]: SQL status: INSERT 0 0 in 0 seconds
[0m18:18:30.405304 [debug] [Thread-1  ]: On model.jaffle_shop_dbtvault.sat_customer: COMMIT
[0m18:18:30.407281 [debug] [Thread-1  ]: Using postgres connection "model.jaffle_shop_dbtvault.sat_customer"
[0m18:18:30.411609 [debug] [Thread-1  ]: On model.jaffle_shop_dbtvault.sat_customer: COMMIT
[0m18:18:30.416656 [debug] [Thread-1  ]: SQL status: COMMIT in 0 seconds
[0m18:18:30.419691 [debug] [Thread-1  ]: Timing info for model.jaffle_shop_dbtvault.sat_customer (execute): 2026-05-18 18:18:30.109864 => 2026-05-18 18:18:30.419506
[0m18:18:30.422213 [debug] [Thread-1  ]: On model.jaffle_shop_dbtvault.sat_customer: Close
[0m18:18:30.425580 [debug] [Thread-1  ]: Sending event: {'category': 'dbt', 'action': 'run_model', 'label': '7221cf75-cda8-4a71-90cd-08a7f1023514', 'context': [<snowplow_tracker.self_describing_json.SelfDescribingJson object at 0x7fb4d714b3d0>]}
[0m18:18:30.430072 [info ] [Thread-1  ]: 5 of 14 OK created sql incremental model dbt.sat_customer ...................... [[32mINSERT 0 0[0m in 0.45s]
[0m18:18:30.434238 [debug] [Thread-1  ]: Finished running node model.jaffle_shop_dbtvault.sat_customer
[0m18:18:30.436778 [debug] [Thread-1  ]: Began running node model.jaffle_shop_dbtvault.hub_customer
[0m18:18:30.440153 [info ] [Thread-1  ]: 6 of 14 START sql incremental model dbt.hub_customer ........................... [RUN]
[0m18:18:30.446379 [debug] [Thread-1  ]: Acquiring new postgres connection 'model.jaffle_shop_dbtvault.hub_customer'
[0m18:18:30.453584 [debug] [Thread-1  ]: Began compiling node model.jaffle_shop_dbtvault.hub_customer
[0m18:18:30.509220 [info ] [Thread-1  ]: 18:18:30 + Loading postgres.dbt.hub_customer from 2 source(s)
[0m18:18:30.545917 [debug] [Thread-1  ]: Writing injected SQL for node "model.jaffle_shop_dbtvault.hub_customer"
[0m18:18:30.567865 [debug] [Thread-1  ]: Timing info for model.jaffle_shop_dbtvault.hub_customer (compile): 2026-05-18 18:18:30.458036 => 2026-05-18 18:18:30.567637
[0m18:18:30.571366 [debug] [Thread-1  ]: Began executing node model.jaffle_shop_dbtvault.hub_customer
[0m18:18:30.602438 [debug] [Thread-1  ]: Using postgres connection "model.jaffle_shop_dbtvault.hub_customer"
[0m18:18:30.604403 [debug] [Thread-1  ]: On model.jaffle_shop_dbtvault.hub_customer: /* {"app": "dbt", "dbt_version": "1.4.0", "profile_name": "jaffle_shop", "target_name": "dev", "node_id": "model.jaffle_shop_dbtvault.hub_customer"} */

    
  
    

  create temporary table "hub_customer__dbt_tmp181830588335"
  as (
    








    -- Generated by AutomateDV (formerly known as dbtvault)

    

WITH row_rank_1 AS (
    SELECT DISTINCT ON (rr.CUSTOMER_PK) rr.CUSTOMER_PK, rr.CUSTOMER_KEY, rr.LOAD_DATE, rr.RECORD_SOURCE
    FROM "postgres"."dbt"."stg_customers" AS rr
    WHERE rr.CUSTOMER_PK IS NOT NULL
    ORDER BY rr.CUSTOMER_PK, rr.LOAD_DATE
),

row_rank_2 AS (
    SELECT DISTINCT ON (rr.CUSTOMER_PK) rr.CUSTOMER_PK, rr.CUSTOMER_KEY, rr.LOAD_DATE, rr.RECORD_SOURCE
    FROM "postgres"."dbt"."stg_customers_crm" AS rr
    WHERE rr.CUSTOMER_PK IS NOT NULL
    ORDER BY rr.CUSTOMER_PK, rr.LOAD_DATE
),

stage_union AS (
    SELECT * FROM row_rank_1
    UNION ALL
    SELECT * FROM row_rank_2
),

row_rank_union AS (SELECT DISTINCT ON (ru.CUSTOMER_PK) ru.*
    FROM stage_union AS ru
    WHERE ru.CUSTOMER_PK IS NOT NULL
    ORDER BY ru.CUSTOMER_PK, ru.LOAD_DATE, ru.RECORD_SOURCE ASC
),

records_to_insert AS (
    SELECT a.CUSTOMER_PK, a.CUSTOMER_KEY, a.LOAD_DATE, a.RECORD_SOURCE
    FROM row_rank_union AS a
    LEFT JOIN "postgres"."dbt"."hub_customer" AS d
    ON a.CUSTOMER_PK = d.CUSTOMER_PK
    WHERE d.CUSTOMER_PK IS NULL
)

SELECT * FROM records_to_insert
  );
  
  
[0m18:18:30.613482 [debug] [Thread-1  ]: Opening a new connection, currently in state closed
[0m18:18:30.648876 [debug] [Thread-1  ]: SQL status: SELECT 0 in 0 seconds
[0m18:18:30.659461 [debug] [Thread-1  ]: Using postgres connection "model.jaffle_shop_dbtvault.hub_customer"
[0m18:18:30.661453 [debug] [Thread-1  ]: On model.jaffle_shop_dbtvault.hub_customer: BEGIN
[0m18:18:30.666193 [debug] [Thread-1  ]: SQL status: BEGIN in 0 seconds
[0m18:18:30.669772 [debug] [Thread-1  ]: Using postgres connection "model.jaffle_shop_dbtvault.hub_customer"
[0m18:18:30.672549 [debug] [Thread-1  ]: On model.jaffle_shop_dbtvault.hub_customer: /* {"app": "dbt", "dbt_version": "1.4.0", "profile_name": "jaffle_shop", "target_name": "dev", "node_id": "model.jaffle_shop_dbtvault.hub_customer"} */

      select
          column_name,
          data_type,
          character_maximum_length,
          numeric_precision,
          numeric_scale

      from INFORMATION_SCHEMA.columns
      where table_name = 'hub_customer__dbt_tmp181830588335'
        
      order by ordinal_position

  
[0m18:18:30.688866 [debug] [Thread-1  ]: SQL status: SELECT 4 in 0 seconds
[0m18:18:30.703718 [debug] [Thread-1  ]: Using postgres connection "model.jaffle_shop_dbtvault.hub_customer"
[0m18:18:30.705981 [debug] [Thread-1  ]: On model.jaffle_shop_dbtvault.hub_customer: /* {"app": "dbt", "dbt_version": "1.4.0", "profile_name": "jaffle_shop", "target_name": "dev", "node_id": "model.jaffle_shop_dbtvault.hub_customer"} */

      select
          column_name,
          data_type,
          character_maximum_length,
          numeric_precision,
          numeric_scale

      from "postgres".INFORMATION_SCHEMA.columns
      where table_name = 'hub_customer'
        
        and table_schema = 'dbt'
        
      order by ordinal_position

  
[0m18:18:30.714758 [debug] [Thread-1  ]: SQL status: SELECT 4 in 0 seconds
[0m18:18:30.726028 [debug] [Thread-1  ]: Using postgres connection "model.jaffle_shop_dbtvault.hub_customer"
[0m18:18:30.728305 [debug] [Thread-1  ]: On model.jaffle_shop_dbtvault.hub_customer: /* {"app": "dbt", "dbt_version": "1.4.0", "profile_name": "jaffle_shop", "target_name": "dev", "node_id": "model.jaffle_shop_dbtvault.hub_customer"} */

      select
          column_name,
          data_type,
          character_maximum_length,
          numeric_precision,
          numeric_scale

      from "postgres".INFORMATION_SCHEMA.columns
      where table_name = 'hub_customer'
        
        and table_schema = 'dbt'
        
      order by ordinal_position

  
[0m18:18:30.739819 [debug] [Thread-1  ]: SQL status: SELECT 4 in 0 seconds
[0m18:18:30.747954 [debug] [Thread-1  ]: Writing runtime sql for node "model.jaffle_shop_dbtvault.hub_customer"
[0m18:18:30.756876 [debug] [Thread-1  ]: Using postgres connection "model.jaffle_shop_dbtvault.hub_customer"
[0m18:18:30.759604 [debug] [Thread-1  ]: On model.jaffle_shop_dbtvault.hub_customer: /* {"app": "dbt", "dbt_version": "1.4.0", "profile_name": "jaffle_shop", "target_name": "dev", "node_id": "model.jaffle_shop_dbtvault.hub_customer"} */

      insert into "postgres"."dbt"."hub_customer" ("customer_pk", "customer_key", "load_date", "record_source")
    (
        select "customer_pk", "customer_key", "load_date", "record_source"
        from "hub_customer__dbt_tmp181830588335"
    )


  
[0m18:18:30.764944 [debug] [Thread-1  ]: SQL status: INSERT 0 0 in 0 seconds
[0m18:18:30.773244 [debug] [Thread-1  ]: On model.jaffle_shop_dbtvault.hub_customer: COMMIT
[0m18:18:30.775337 [debug] [Thread-1  ]: Using postgres connection "model.jaffle_shop_dbtvault.hub_customer"
[0m18:18:30.778622 [debug] [Thread-1  ]: On model.jaffle_shop_dbtvault.hub_customer: COMMIT
[0m18:18:30.783813 [debug] [Thread-1  ]: SQL status: COMMIT in 0 seconds
[0m18:18:30.786992 [debug] [Thread-1  ]: Timing info for model.jaffle_shop_dbtvault.hub_customer (execute): 2026-05-18 18:18:30.573670 => 2026-05-18 18:18:30.786591
[0m18:18:30.790285 [debug] [Thread-1  ]: On model.jaffle_shop_dbtvault.hub_customer: Close
[0m18:18:30.794579 [debug] [Thread-1  ]: Sending event: {'category': 'dbt', 'action': 'run_model', 'label': '7221cf75-cda8-4a71-90cd-08a7f1023514', 'context': [<snowplow_tracker.self_describing_json.SelfDescribingJson object at 0x7fb4d714b4f0>]}
[0m18:18:30.797182 [info ] [Thread-1  ]: 6 of 14 OK created sql incremental model dbt.hub_customer ...................... [[32mINSERT 0 0[0m in 0.35s]
[0m18:18:30.800829 [debug] [Thread-1  ]: Finished running node model.jaffle_shop_dbtvault.hub_customer
[0m18:18:30.804489 [debug] [Thread-1  ]: Began running node model.jaffle_shop_dbtvault.sat_customer_crm
[0m18:18:30.809664 [info ] [Thread-1  ]: 7 of 14 START sql incremental model dbt.sat_customer_crm ....................... [RUN]
[0m18:18:30.814336 [debug] [Thread-1  ]: Acquiring new postgres connection 'model.jaffle_shop_dbtvault.sat_customer_crm'
[0m18:18:30.820838 [debug] [Thread-1  ]: Began compiling node model.jaffle_shop_dbtvault.sat_customer_crm
[0m18:18:30.927027 [debug] [Thread-1  ]: Writing injected SQL for node "model.jaffle_shop_dbtvault.sat_customer_crm"
[0m18:18:30.939094 [debug] [Thread-1  ]: Timing info for model.jaffle_shop_dbtvault.sat_customer_crm (compile): 2026-05-18 18:18:30.828076 => 2026-05-18 18:18:30.938777
[0m18:18:30.943160 [debug] [Thread-1  ]: Began executing node model.jaffle_shop_dbtvault.sat_customer_crm
[0m18:18:30.967962 [debug] [Thread-1  ]: Using postgres connection "model.jaffle_shop_dbtvault.sat_customer_crm"
[0m18:18:30.969616 [debug] [Thread-1  ]: On model.jaffle_shop_dbtvault.sat_customer_crm: /* {"app": "dbt", "dbt_version": "1.4.0", "profile_name": "jaffle_shop", "target_name": "dev", "node_id": "model.jaffle_shop_dbtvault.sat_customer_crm"} */

    
  
    

  create temporary table "sat_customer_crm__dbt_tmp181830961089"
  as (
    -- Generated by AutomateDV (formerly known as dbtvault)

    

WITH source_data AS (
    SELECT a.CUSTOMER_PK, a.CUSTOMER_HASHDIFF, a.age, a.country, a.EFFECTIVE_FROM, a.LOAD_DATE, a.RECORD_SOURCE
    FROM "postgres"."dbt"."stg_customers_crm" AS a
    WHERE a.CUSTOMER_PK IS NOT NULL
),

latest_records AS (
    SELECT b.CUSTOMER_PK, b.CUSTOMER_HASHDIFF, b.age, b.country, b.EFFECTIVE_FROM, b.LOAD_DATE, b.RECORD_SOURCE
    FROM (
        SELECT current_records.CUSTOMER_PK, current_records.CUSTOMER_HASHDIFF, current_records.age, current_records.country, current_records.EFFECTIVE_FROM, current_records.LOAD_DATE, current_records.RECORD_SOURCE,
            RANK() OVER (
               PARTITION BY current_records.CUSTOMER_PK
               ORDER BY current_records.LOAD_DATE DESC
            ) AS rank
        FROM "postgres"."dbt"."sat_customer_crm" AS current_records
            JOIN (
                SELECT DISTINCT source_data.CUSTOMER_PK
                FROM source_data
            ) AS source_records
                ON source_records.CUSTOMER_PK = current_records.CUSTOMER_PK
    ) AS b
    WHERE b.rank = 1
),

first_record_in_set AS (
    SELECT * FROM (
        SELECT
        sd.CUSTOMER_PK, sd.CUSTOMER_HASHDIFF, sd.age, sd.country, sd.EFFECTIVE_FROM, sd.LOAD_DATE, sd.RECORD_SOURCE,
        RANK() OVER (
                PARTITION BY sd.CUSTOMER_PK
                ORDER BY sd.LOAD_DATE ASC
            ) as asc_rank
        FROM source_data as sd
    ) AS rin
    WHERE rin.asc_rank = 1
),

unique_source_records AS (
    SELECT
        b.CUSTOMER_PK, b.CUSTOMER_HASHDIFF, b.age, b.country, b.EFFECTIVE_FROM, b.LOAD_DATE, b.RECORD_SOURCE
    FROM (
        SELECT DISTINCT
            sd.CUSTOMER_PK, sd.CUSTOMER_HASHDIFF, sd.age, sd.country, sd.EFFECTIVE_FROM, sd.LOAD_DATE, sd.RECORD_SOURCE,
            LAG(sd.CUSTOMER_HASHDIFF) OVER (
                PARTITION BY sd.CUSTOMER_PK
                ORDER BY sd.LOAD_DATE ASC) as prev_hashdiff
        FROM source_data as sd
        ) AS b
    WHERE b.CUSTOMER_HASHDIFF != b.prev_hashdiff
),

records_to_insert AS (
        SELECT frin.CUSTOMER_PK, frin.CUSTOMER_HASHDIFF, frin.age, frin.country, frin.EFFECTIVE_FROM, frin.LOAD_DATE, frin.RECORD_SOURCE
        FROM first_record_in_set AS frin
        LEFT JOIN LATEST_RECORDS lr
            ON lr.CUSTOMER_PK = frin.CUSTOMER_PK
            AND lr.CUSTOMER_HASHDIFF = frin.CUSTOMER_HASHDIFF
            WHERE lr.CUSTOMER_HASHDIFF IS NULL
        UNION
        SELECT usr.CUSTOMER_PK, usr.CUSTOMER_HASHDIFF, usr.age, usr.country, usr.EFFECTIVE_FROM, usr.LOAD_DATE, usr.RECORD_SOURCE
        FROM unique_source_records as usr
)

SELECT * FROM records_to_insert
  );
  
  
[0m18:18:30.976173 [debug] [Thread-1  ]: Opening a new connection, currently in state closed
[0m18:18:31.002666 [debug] [Thread-1  ]: SQL status: SELECT 0 in 0 seconds
[0m18:18:31.017535 [debug] [Thread-1  ]: Using postgres connection "model.jaffle_shop_dbtvault.sat_customer_crm"
[0m18:18:31.019620 [debug] [Thread-1  ]: On model.jaffle_shop_dbtvault.sat_customer_crm: BEGIN
[0m18:18:31.026259 [debug] [Thread-1  ]: SQL status: BEGIN in 0 seconds
[0m18:18:31.028626 [debug] [Thread-1  ]: Using postgres connection "model.jaffle_shop_dbtvault.sat_customer_crm"
[0m18:18:31.031194 [debug] [Thread-1  ]: On model.jaffle_shop_dbtvault.sat_customer_crm: /* {"app": "dbt", "dbt_version": "1.4.0", "profile_name": "jaffle_shop", "target_name": "dev", "node_id": "model.jaffle_shop_dbtvault.sat_customer_crm"} */

      select
          column_name,
          data_type,
          character_maximum_length,
          numeric_precision,
          numeric_scale

      from INFORMATION_SCHEMA.columns
      where table_name = 'sat_customer_crm__dbt_tmp181830961089'
        
      order by ordinal_position

  
[0m18:18:31.050151 [debug] [Thread-1  ]: SQL status: SELECT 7 in 0 seconds
[0m18:18:31.061896 [debug] [Thread-1  ]: Using postgres connection "model.jaffle_shop_dbtvault.sat_customer_crm"
[0m18:18:31.063862 [debug] [Thread-1  ]: On model.jaffle_shop_dbtvault.sat_customer_crm: /* {"app": "dbt", "dbt_version": "1.4.0", "profile_name": "jaffle_shop", "target_name": "dev", "node_id": "model.jaffle_shop_dbtvault.sat_customer_crm"} */

      select
          column_name,
          data_type,
          character_maximum_length,
          numeric_precision,
          numeric_scale

      from "postgres".INFORMATION_SCHEMA.columns
      where table_name = 'sat_customer_crm'
        
        and table_schema = 'dbt'
        
      order by ordinal_position

  
[0m18:18:31.071970 [debug] [Thread-1  ]: SQL status: SELECT 7 in 0 seconds
[0m18:18:31.083041 [debug] [Thread-1  ]: Using postgres connection "model.jaffle_shop_dbtvault.sat_customer_crm"
[0m18:18:31.084928 [debug] [Thread-1  ]: On model.jaffle_shop_dbtvault.sat_customer_crm: /* {"app": "dbt", "dbt_version": "1.4.0", "profile_name": "jaffle_shop", "target_name": "dev", "node_id": "model.jaffle_shop_dbtvault.sat_customer_crm"} */

      select
          column_name,
          data_type,
          character_maximum_length,
          numeric_precision,
          numeric_scale

      from "postgres".INFORMATION_SCHEMA.columns
      where table_name = 'sat_customer_crm'
        
        and table_schema = 'dbt'
        
      order by ordinal_position

  
[0m18:18:31.094731 [debug] [Thread-1  ]: SQL status: SELECT 7 in 0 seconds
[0m18:18:31.104136 [debug] [Thread-1  ]: Writing runtime sql for node "model.jaffle_shop_dbtvault.sat_customer_crm"
[0m18:18:31.109920 [debug] [Thread-1  ]: Using postgres connection "model.jaffle_shop_dbtvault.sat_customer_crm"
[0m18:18:31.112258 [debug] [Thread-1  ]: On model.jaffle_shop_dbtvault.sat_customer_crm: /* {"app": "dbt", "dbt_version": "1.4.0", "profile_name": "jaffle_shop", "target_name": "dev", "node_id": "model.jaffle_shop_dbtvault.sat_customer_crm"} */

      insert into "postgres"."dbt"."sat_customer_crm" ("customer_pk", "customer_hashdiff", "age", "country", "effective_from", "load_date", "record_source")
    (
        select "customer_pk", "customer_hashdiff", "age", "country", "effective_from", "load_date", "record_source"
        from "sat_customer_crm__dbt_tmp181830961089"
    )


  
[0m18:18:31.115808 [debug] [Thread-1  ]: SQL status: INSERT 0 0 in 0 seconds
[0m18:18:31.122949 [debug] [Thread-1  ]: On model.jaffle_shop_dbtvault.sat_customer_crm: COMMIT
[0m18:18:31.125181 [debug] [Thread-1  ]: Using postgres connection "model.jaffle_shop_dbtvault.sat_customer_crm"
[0m18:18:31.127188 [debug] [Thread-1  ]: On model.jaffle_shop_dbtvault.sat_customer_crm: COMMIT
[0m18:18:31.133693 [debug] [Thread-1  ]: SQL status: COMMIT in 0 seconds
[0m18:18:31.136719 [debug] [Thread-1  ]: Timing info for model.jaffle_shop_dbtvault.sat_customer_crm (execute): 2026-05-18 18:18:30.948957 => 2026-05-18 18:18:31.136556
[0m18:18:31.138676 [debug] [Thread-1  ]: On model.jaffle_shop_dbtvault.sat_customer_crm: Close
[0m18:18:31.141978 [debug] [Thread-1  ]: Sending event: {'category': 'dbt', 'action': 'run_model', 'label': '7221cf75-cda8-4a71-90cd-08a7f1023514', 'context': [<snowplow_tracker.self_describing_json.SelfDescribingJson object at 0x7fb4d714b6d0>]}
[0m18:18:31.144932 [info ] [Thread-1  ]: 7 of 14 OK created sql incremental model dbt.sat_customer_crm .................. [[32mINSERT 0 0[0m in 0.33s]
[0m18:18:31.146948 [debug] [Thread-1  ]: Finished running node model.jaffle_shop_dbtvault.sat_customer_crm
[0m18:18:31.152130 [debug] [Thread-1  ]: Began running node model.jaffle_shop_dbtvault.hub_order
[0m18:18:31.162385 [info ] [Thread-1  ]: 8 of 14 START sql incremental model dbt.hub_order .............................. [RUN]
[0m18:18:31.165278 [debug] [Thread-1  ]: Acquiring new postgres connection 'model.jaffle_shop_dbtvault.hub_order'
[0m18:18:31.171674 [debug] [Thread-1  ]: Began compiling node model.jaffle_shop_dbtvault.hub_order
[0m18:18:31.191297 [info ] [Thread-1  ]: 18:18:31 + Loading postgres.dbt.hub_order from 1 source(s)
[0m18:18:31.216042 [debug] [Thread-1  ]: Writing injected SQL for node "model.jaffle_shop_dbtvault.hub_order"
[0m18:18:31.227683 [debug] [Thread-1  ]: Timing info for model.jaffle_shop_dbtvault.hub_order (compile): 2026-05-18 18:18:31.175185 => 2026-05-18 18:18:31.227396
[0m18:18:31.233241 [debug] [Thread-1  ]: Began executing node model.jaffle_shop_dbtvault.hub_order
[0m18:18:31.272171 [debug] [Thread-1  ]: Using postgres connection "model.jaffle_shop_dbtvault.hub_order"
[0m18:18:31.274897 [debug] [Thread-1  ]: On model.jaffle_shop_dbtvault.hub_order: /* {"app": "dbt", "dbt_version": "1.4.0", "profile_name": "jaffle_shop", "target_name": "dev", "node_id": "model.jaffle_shop_dbtvault.hub_order"} */

    
  
    

  create temporary table "hub_order__dbt_tmp181831255495"
  as (
    -- Generated by AutomateDV (formerly known as dbtvault)

    

WITH row_rank_1 AS (
    SELECT DISTINCT ON (rr.ORDER_PK) rr.ORDER_PK, rr.ORDER_KEY, rr.LOAD_DATE, rr.RECORD_SOURCE
    FROM "postgres"."dbt"."stg_orders" AS rr
    WHERE rr.ORDER_PK IS NOT NULL
    ORDER BY rr.ORDER_PK, rr.LOAD_DATE
),

records_to_insert AS (
    SELECT a.ORDER_PK, a.ORDER_KEY, a.LOAD_DATE, a.RECORD_SOURCE
    FROM row_rank_1 AS a
    LEFT JOIN "postgres"."dbt"."hub_order" AS d
    ON a.ORDER_PK = d.ORDER_PK
    WHERE d.ORDER_PK IS NULL
)

SELECT * FROM records_to_insert
  );
  
  
[0m18:18:31.283088 [debug] [Thread-1  ]: Opening a new connection, currently in state closed
[0m18:18:31.319920 [debug] [Thread-1  ]: SQL status: SELECT 0 in 0 seconds
[0m18:18:31.335054 [debug] [Thread-1  ]: Using postgres connection "model.jaffle_shop_dbtvault.hub_order"
[0m18:18:31.336928 [debug] [Thread-1  ]: On model.jaffle_shop_dbtvault.hub_order: BEGIN
[0m18:18:31.340741 [debug] [Thread-1  ]: SQL status: BEGIN in 0 seconds
[0m18:18:31.343251 [debug] [Thread-1  ]: Using postgres connection "model.jaffle_shop_dbtvault.hub_order"
[0m18:18:31.346043 [debug] [Thread-1  ]: On model.jaffle_shop_dbtvault.hub_order: /* {"app": "dbt", "dbt_version": "1.4.0", "profile_name": "jaffle_shop", "target_name": "dev", "node_id": "model.jaffle_shop_dbtvault.hub_order"} */

      select
          column_name,
          data_type,
          character_maximum_length,
          numeric_precision,
          numeric_scale

      from INFORMATION_SCHEMA.columns
      where table_name = 'hub_order__dbt_tmp181831255495'
        
      order by ordinal_position

  
[0m18:18:31.365481 [debug] [Thread-1  ]: SQL status: SELECT 4 in 0 seconds
[0m18:18:31.379980 [debug] [Thread-1  ]: Using postgres connection "model.jaffle_shop_dbtvault.hub_order"
[0m18:18:31.382238 [debug] [Thread-1  ]: On model.jaffle_shop_dbtvault.hub_order: /* {"app": "dbt", "dbt_version": "1.4.0", "profile_name": "jaffle_shop", "target_name": "dev", "node_id": "model.jaffle_shop_dbtvault.hub_order"} */

      select
          column_name,
          data_type,
          character_maximum_length,
          numeric_precision,
          numeric_scale

      from "postgres".INFORMATION_SCHEMA.columns
      where table_name = 'hub_order'
        
        and table_schema = 'dbt'
        
      order by ordinal_position

  
[0m18:18:31.392644 [debug] [Thread-1  ]: SQL status: SELECT 4 in 0 seconds
[0m18:18:31.404518 [debug] [Thread-1  ]: Using postgres connection "model.jaffle_shop_dbtvault.hub_order"
[0m18:18:31.406284 [debug] [Thread-1  ]: On model.jaffle_shop_dbtvault.hub_order: /* {"app": "dbt", "dbt_version": "1.4.0", "profile_name": "jaffle_shop", "target_name": "dev", "node_id": "model.jaffle_shop_dbtvault.hub_order"} */

      select
          column_name,
          data_type,
          character_maximum_length,
          numeric_precision,
          numeric_scale

      from "postgres".INFORMATION_SCHEMA.columns
      where table_name = 'hub_order'
        
        and table_schema = 'dbt'
        
      order by ordinal_position

  
[0m18:18:31.415691 [debug] [Thread-1  ]: SQL status: SELECT 4 in 0 seconds
[0m18:18:31.426635 [debug] [Thread-1  ]: Writing runtime sql for node "model.jaffle_shop_dbtvault.hub_order"
[0m18:18:31.434650 [debug] [Thread-1  ]: Using postgres connection "model.jaffle_shop_dbtvault.hub_order"
[0m18:18:31.437661 [debug] [Thread-1  ]: On model.jaffle_shop_dbtvault.hub_order: /* {"app": "dbt", "dbt_version": "1.4.0", "profile_name": "jaffle_shop", "target_name": "dev", "node_id": "model.jaffle_shop_dbtvault.hub_order"} */

      insert into "postgres"."dbt"."hub_order" ("order_pk", "order_key", "load_date", "record_source")
    (
        select "order_pk", "order_key", "load_date", "record_source"
        from "hub_order__dbt_tmp181831255495"
    )


  
[0m18:18:31.441848 [debug] [Thread-1  ]: SQL status: INSERT 0 0 in 0 seconds
[0m18:18:31.450697 [debug] [Thread-1  ]: On model.jaffle_shop_dbtvault.hub_order: COMMIT
[0m18:18:31.452908 [debug] [Thread-1  ]: Using postgres connection "model.jaffle_shop_dbtvault.hub_order"
[0m18:18:31.455579 [debug] [Thread-1  ]: On model.jaffle_shop_dbtvault.hub_order: COMMIT
[0m18:18:31.460898 [debug] [Thread-1  ]: SQL status: COMMIT in 0 seconds
[0m18:18:31.464239 [debug] [Thread-1  ]: Timing info for model.jaffle_shop_dbtvault.hub_order (execute): 2026-05-18 18:18:31.237475 => 2026-05-18 18:18:31.464061
[0m18:18:31.466209 [debug] [Thread-1  ]: On model.jaffle_shop_dbtvault.hub_order: Close
[0m18:18:31.470033 [debug] [Thread-1  ]: Sending event: {'category': 'dbt', 'action': 'run_model', 'label': '7221cf75-cda8-4a71-90cd-08a7f1023514', 'context': [<snowplow_tracker.self_describing_json.SelfDescribingJson object at 0x7fb4d74b2160>]}
[0m18:18:31.473007 [info ] [Thread-1  ]: 8 of 14 OK created sql incremental model dbt.hub_order ......................... [[32mINSERT 0 0[0m in 0.31s]
[0m18:18:31.476959 [debug] [Thread-1  ]: Finished running node model.jaffle_shop_dbtvault.hub_order
[0m18:18:31.479688 [debug] [Thread-1  ]: Began running node model.jaffle_shop_dbtvault.sat_order
[0m18:18:31.482374 [info ] [Thread-1  ]: 9 of 14 START sql incremental model dbt.sat_order .............................. [RUN]
[0m18:18:31.489090 [debug] [Thread-1  ]: Acquiring new postgres connection 'model.jaffle_shop_dbtvault.sat_order'
[0m18:18:31.493458 [debug] [Thread-1  ]: Began compiling node model.jaffle_shop_dbtvault.sat_order
[0m18:18:31.690276 [debug] [Thread-1  ]: Writing injected SQL for node "model.jaffle_shop_dbtvault.sat_order"
[0m18:18:31.698120 [debug] [Thread-1  ]: Timing info for model.jaffle_shop_dbtvault.sat_order (compile): 2026-05-18 18:18:31.499716 => 2026-05-18 18:18:31.697875
[0m18:18:31.701053 [debug] [Thread-1  ]: Began executing node model.jaffle_shop_dbtvault.sat_order
[0m18:18:31.720229 [debug] [Thread-1  ]: Using postgres connection "model.jaffle_shop_dbtvault.sat_order"
[0m18:18:31.722550 [debug] [Thread-1  ]: On model.jaffle_shop_dbtvault.sat_order: /* {"app": "dbt", "dbt_version": "1.4.0", "profile_name": "jaffle_shop", "target_name": "dev", "node_id": "model.jaffle_shop_dbtvault.sat_order"} */

    
  
    

  create temporary table "sat_order__dbt_tmp181831712358"
  as (
    -- Generated by AutomateDV (formerly known as dbtvault)

    

WITH source_data AS (
    SELECT a.ORDER_PK, a.ORDER_HASHDIFF, a.order_date, a.status, a.EFFECTIVE_FROM, a.LOAD_DATE, a.RECORD_SOURCE
    FROM "postgres"."dbt"."stg_orders" AS a
    WHERE a.ORDER_PK IS NOT NULL
),

latest_records AS (
    SELECT b.ORDER_PK, b.ORDER_HASHDIFF, b.order_date, b.status, b.EFFECTIVE_FROM, b.LOAD_DATE, b.RECORD_SOURCE
    FROM (
        SELECT current_records.ORDER_PK, current_records.ORDER_HASHDIFF, current_records.order_date, current_records.status, current_records.EFFECTIVE_FROM, current_records.LOAD_DATE, current_records.RECORD_SOURCE,
            RANK() OVER (
               PARTITION BY current_records.ORDER_PK
               ORDER BY current_records.LOAD_DATE DESC
            ) AS rank
        FROM "postgres"."dbt"."sat_order" AS current_records
            JOIN (
                SELECT DISTINCT source_data.ORDER_PK
                FROM source_data
            ) AS source_records
                ON source_records.ORDER_PK = current_records.ORDER_PK
    ) AS b
    WHERE b.rank = 1
),

first_record_in_set AS (
    SELECT * FROM (
        SELECT
        sd.ORDER_PK, sd.ORDER_HASHDIFF, sd.order_date, sd.status, sd.EFFECTIVE_FROM, sd.LOAD_DATE, sd.RECORD_SOURCE,
        RANK() OVER (
                PARTITION BY sd.ORDER_PK
                ORDER BY sd.LOAD_DATE ASC
            ) as asc_rank
        FROM source_data as sd
    ) AS rin
    WHERE rin.asc_rank = 1
),

unique_source_records AS (
    SELECT
        b.ORDER_PK, b.ORDER_HASHDIFF, b.order_date, b.status, b.EFFECTIVE_FROM, b.LOAD_DATE, b.RECORD_SOURCE
    FROM (
        SELECT DISTINCT
            sd.ORDER_PK, sd.ORDER_HASHDIFF, sd.order_date, sd.status, sd.EFFECTIVE_FROM, sd.LOAD_DATE, sd.RECORD_SOURCE,
            LAG(sd.ORDER_HASHDIFF) OVER (
                PARTITION BY sd.ORDER_PK
                ORDER BY sd.LOAD_DATE ASC) as prev_hashdiff
        FROM source_data as sd
        ) AS b
    WHERE b.ORDER_HASHDIFF != b.prev_hashdiff
),

records_to_insert AS (
        SELECT frin.ORDER_PK, frin.ORDER_HASHDIFF, frin.order_date, frin.status, frin.EFFECTIVE_FROM, frin.LOAD_DATE, frin.RECORD_SOURCE
        FROM first_record_in_set AS frin
        LEFT JOIN LATEST_RECORDS lr
            ON lr.ORDER_PK = frin.ORDER_PK
            AND lr.ORDER_HASHDIFF = frin.ORDER_HASHDIFF
            WHERE lr.ORDER_HASHDIFF IS NULL
        UNION
        SELECT usr.ORDER_PK, usr.ORDER_HASHDIFF, usr.order_date, usr.status, usr.EFFECTIVE_FROM, usr.LOAD_DATE, usr.RECORD_SOURCE
        FROM unique_source_records as usr
)

SELECT * FROM records_to_insert
  );
  
  
[0m18:18:31.725447 [debug] [Thread-1  ]: Opening a new connection, currently in state closed
[0m18:18:31.757779 [debug] [Thread-1  ]: SQL status: SELECT 0 in 0 seconds
[0m18:18:31.769382 [debug] [Thread-1  ]: Using postgres connection "model.jaffle_shop_dbtvault.sat_order"
[0m18:18:31.772355 [debug] [Thread-1  ]: On model.jaffle_shop_dbtvault.sat_order: BEGIN
[0m18:18:31.775400 [debug] [Thread-1  ]: SQL status: BEGIN in 0 seconds
[0m18:18:31.778171 [debug] [Thread-1  ]: Using postgres connection "model.jaffle_shop_dbtvault.sat_order"
[0m18:18:31.781728 [debug] [Thread-1  ]: On model.jaffle_shop_dbtvault.sat_order: /* {"app": "dbt", "dbt_version": "1.4.0", "profile_name": "jaffle_shop", "target_name": "dev", "node_id": "model.jaffle_shop_dbtvault.sat_order"} */

      select
          column_name,
          data_type,
          character_maximum_length,
          numeric_precision,
          numeric_scale

      from INFORMATION_SCHEMA.columns
      where table_name = 'sat_order__dbt_tmp181831712358'
        
      order by ordinal_position

  
[0m18:18:31.798702 [debug] [Thread-1  ]: SQL status: SELECT 7 in 0 seconds
[0m18:18:31.810688 [debug] [Thread-1  ]: Using postgres connection "model.jaffle_shop_dbtvault.sat_order"
[0m18:18:31.812499 [debug] [Thread-1  ]: On model.jaffle_shop_dbtvault.sat_order: /* {"app": "dbt", "dbt_version": "1.4.0", "profile_name": "jaffle_shop", "target_name": "dev", "node_id": "model.jaffle_shop_dbtvault.sat_order"} */

      select
          column_name,
          data_type,
          character_maximum_length,
          numeric_precision,
          numeric_scale

      from "postgres".INFORMATION_SCHEMA.columns
      where table_name = 'sat_order'
        
        and table_schema = 'dbt'
        
      order by ordinal_position

  
[0m18:18:31.821674 [debug] [Thread-1  ]: SQL status: SELECT 7 in 0 seconds
[0m18:18:31.832455 [debug] [Thread-1  ]: Using postgres connection "model.jaffle_shop_dbtvault.sat_order"
[0m18:18:31.834520 [debug] [Thread-1  ]: On model.jaffle_shop_dbtvault.sat_order: /* {"app": "dbt", "dbt_version": "1.4.0", "profile_name": "jaffle_shop", "target_name": "dev", "node_id": "model.jaffle_shop_dbtvault.sat_order"} */

      select
          column_name,
          data_type,
          character_maximum_length,
          numeric_precision,
          numeric_scale

      from "postgres".INFORMATION_SCHEMA.columns
      where table_name = 'sat_order'
        
        and table_schema = 'dbt'
        
      order by ordinal_position

  
[0m18:18:31.843804 [debug] [Thread-1  ]: SQL status: SELECT 7 in 0 seconds
[0m18:18:31.851829 [debug] [Thread-1  ]: Writing runtime sql for node "model.jaffle_shop_dbtvault.sat_order"
[0m18:18:31.858191 [debug] [Thread-1  ]: Using postgres connection "model.jaffle_shop_dbtvault.sat_order"
[0m18:18:31.860308 [debug] [Thread-1  ]: On model.jaffle_shop_dbtvault.sat_order: /* {"app": "dbt", "dbt_version": "1.4.0", "profile_name": "jaffle_shop", "target_name": "dev", "node_id": "model.jaffle_shop_dbtvault.sat_order"} */

      insert into "postgres"."dbt"."sat_order" ("order_pk", "order_hashdiff", "order_date", "status", "effective_from", "load_date", "record_source")
    (
        select "order_pk", "order_hashdiff", "order_date", "status", "effective_from", "load_date", "record_source"
        from "sat_order__dbt_tmp181831712358"
    )


  
[0m18:18:31.863817 [debug] [Thread-1  ]: SQL status: INSERT 0 0 in 0 seconds
[0m18:18:31.870295 [debug] [Thread-1  ]: On model.jaffle_shop_dbtvault.sat_order: COMMIT
[0m18:18:31.872256 [debug] [Thread-1  ]: Using postgres connection "model.jaffle_shop_dbtvault.sat_order"
[0m18:18:31.874561 [debug] [Thread-1  ]: On model.jaffle_shop_dbtvault.sat_order: COMMIT
[0m18:18:31.879439 [debug] [Thread-1  ]: SQL status: COMMIT in 0 seconds
[0m18:18:31.882475 [debug] [Thread-1  ]: Timing info for model.jaffle_shop_dbtvault.sat_order (execute): 2026-05-18 18:18:31.704313 => 2026-05-18 18:18:31.882369
[0m18:18:31.884496 [debug] [Thread-1  ]: On model.jaffle_shop_dbtvault.sat_order: Close
[0m18:18:31.888601 [debug] [Thread-1  ]: Sending event: {'category': 'dbt', 'action': 'run_model', 'label': '7221cf75-cda8-4a71-90cd-08a7f1023514', 'context': [<snowplow_tracker.self_describing_json.SelfDescribingJson object at 0x7fb4d747a5e0>]}
[0m18:18:31.894808 [info ] [Thread-1  ]: 9 of 14 OK created sql incremental model dbt.sat_order ......................... [[32mINSERT 0 0[0m in 0.40s]
[0m18:18:31.898306 [debug] [Thread-1  ]: Finished running node model.jaffle_shop_dbtvault.sat_order
[0m18:18:31.902049 [debug] [Thread-1  ]: Began running node model.jaffle_shop_dbtvault.stg_customer_order
[0m18:18:31.905178 [info ] [Thread-1  ]: 10 of 14 START sql view model dbt.stg_customer_order ........................... [RUN]
[0m18:18:31.908276 [debug] [Thread-1  ]: Acquiring new postgres connection 'model.jaffle_shop_dbtvault.stg_customer_order'
[0m18:18:31.919122 [debug] [Thread-1  ]: Began compiling node model.jaffle_shop_dbtvault.stg_customer_order
[0m18:18:31.942047 [debug] [Thread-1  ]: Writing injected SQL for node "model.jaffle_shop_dbtvault.stg_customer_order"
[0m18:18:31.952282 [debug] [Thread-1  ]: Timing info for model.jaffle_shop_dbtvault.stg_customer_order (compile): 2026-05-18 18:18:31.924227 => 2026-05-18 18:18:31.952110
[0m18:18:31.957773 [debug] [Thread-1  ]: Began executing node model.jaffle_shop_dbtvault.stg_customer_order
[0m18:18:32.000117 [debug] [Thread-1  ]: Writing runtime sql for node "model.jaffle_shop_dbtvault.stg_customer_order"
[0m18:18:32.016155 [debug] [Thread-1  ]: Using postgres connection "model.jaffle_shop_dbtvault.stg_customer_order"
[0m18:18:32.036360 [debug] [Thread-1  ]: On model.jaffle_shop_dbtvault.stg_customer_order: BEGIN
[0m18:18:32.057672 [debug] [Thread-1  ]: Opening a new connection, currently in state closed
[0m18:18:32.138754 [debug] [Thread-1  ]: SQL status: BEGIN in 0 seconds
[0m18:18:32.157269 [debug] [Thread-1  ]: Using postgres connection "model.jaffle_shop_dbtvault.stg_customer_order"
[0m18:18:32.169737 [debug] [Thread-1  ]: On model.jaffle_shop_dbtvault.stg_customer_order: /* {"app": "dbt", "dbt_version": "1.4.0", "profile_name": "jaffle_shop", "target_name": "dev", "node_id": "model.jaffle_shop_dbtvault.stg_customer_order"} */

  create view "postgres"."dbt"."stg_customer_order__dbt_tmp" as (
    with stg_orders as (
    select ORDER_KEY, ORDER_PK, user_id from "postgres"."dbt"."stg_orders"
),

stg_customers as (
    select id, CUSTOMER_KEY, CUSTOMER_PK from "postgres"."dbt"."stg_customers"
)

select  ORDER_KEY, CUSTOMER_KEY, CUSTOMER_PK, ORDER_PK from stg_orders so
JOIN stg_customers sc ON sc.id = so.user_id
  );
[0m18:18:32.183628 [debug] [Thread-1  ]: SQL status: CREATE VIEW in 0 seconds
[0m18:18:32.197274 [debug] [Thread-1  ]: Using postgres connection "model.jaffle_shop_dbtvault.stg_customer_order"
[0m18:18:32.199182 [debug] [Thread-1  ]: On model.jaffle_shop_dbtvault.stg_customer_order: /* {"app": "dbt", "dbt_version": "1.4.0", "profile_name": "jaffle_shop", "target_name": "dev", "node_id": "model.jaffle_shop_dbtvault.stg_customer_order"} */
alter table "postgres"."dbt"."stg_customer_order__dbt_tmp" rename to "stg_customer_order"
[0m18:18:32.203245 [debug] [Thread-1  ]: SQL status: ALTER TABLE in 0 seconds
[0m18:18:32.210153 [debug] [Thread-1  ]: On model.jaffle_shop_dbtvault.stg_customer_order: COMMIT
[0m18:18:32.212284 [debug] [Thread-1  ]: Using postgres connection "model.jaffle_shop_dbtvault.stg_customer_order"
[0m18:18:32.214559 [debug] [Thread-1  ]: On model.jaffle_shop_dbtvault.stg_customer_order: COMMIT
[0m18:18:32.219358 [debug] [Thread-1  ]: SQL status: COMMIT in 0 seconds
[0m18:18:32.229311 [debug] [Thread-1  ]: Using postgres connection "model.jaffle_shop_dbtvault.stg_customer_order"
[0m18:18:32.231698 [debug] [Thread-1  ]: On model.jaffle_shop_dbtvault.stg_customer_order: /* {"app": "dbt", "dbt_version": "1.4.0", "profile_name": "jaffle_shop", "target_name": "dev", "node_id": "model.jaffle_shop_dbtvault.stg_customer_order"} */
drop view if exists "postgres"."dbt"."stg_customer_order__dbt_backup" cascade
[0m18:18:32.236402 [debug] [Thread-1  ]: SQL status: DROP VIEW in 0 seconds
[0m18:18:32.242302 [debug] [Thread-1  ]: Timing info for model.jaffle_shop_dbtvault.stg_customer_order (execute): 2026-05-18 18:18:31.963862 => 2026-05-18 18:18:32.242114
[0m18:18:32.246664 [debug] [Thread-1  ]: On model.jaffle_shop_dbtvault.stg_customer_order: Close
[0m18:18:32.251292 [debug] [Thread-1  ]: Sending event: {'category': 'dbt', 'action': 'run_model', 'label': '7221cf75-cda8-4a71-90cd-08a7f1023514', 'context': [<snowplow_tracker.self_describing_json.SelfDescribingJson object at 0x7fb4d98d96d0>]}
[0m18:18:32.254283 [info ] [Thread-1  ]: 10 of 14 OK created sql view model dbt.stg_customer_order ...................... [[32mCREATE VIEW[0m in 0.34s]
[0m18:18:32.257916 [debug] [Thread-1  ]: Finished running node model.jaffle_shop_dbtvault.stg_customer_order
[0m18:18:32.261025 [debug] [Thread-1  ]: Began running node model.jaffle_shop_dbtvault.customer_pit
[0m18:18:32.265102 [info ] [Thread-1  ]: 11 of 14 START sql pit_incremental model dbt.customer_pit ...................... [RUN]
[0m18:18:32.272106 [debug] [Thread-1  ]: Acquiring new postgres connection 'model.jaffle_shop_dbtvault.customer_pit'
[0m18:18:32.278322 [debug] [Thread-1  ]: Began compiling node model.jaffle_shop_dbtvault.customer_pit
[0m18:18:32.337860 [debug] [Thread-1  ]: Writing injected SQL for node "model.jaffle_shop_dbtvault.customer_pit"
[0m18:18:32.342461 [debug] [Thread-1  ]: Timing info for model.jaffle_shop_dbtvault.customer_pit (compile): 2026-05-18 18:18:32.285009 => 2026-05-18 18:18:32.341920
[0m18:18:32.344225 [debug] [Thread-1  ]: Began executing node model.jaffle_shop_dbtvault.customer_pit
[0m18:18:32.408318 [debug] [Thread-1  ]: Writing runtime sql for node "model.jaffle_shop_dbtvault.customer_pit"
[0m18:18:32.425305 [debug] [Thread-1  ]: Using postgres connection "model.jaffle_shop_dbtvault.customer_pit"
[0m18:18:32.427748 [debug] [Thread-1  ]: On model.jaffle_shop_dbtvault.customer_pit: BEGIN
[0m18:18:32.430788 [debug] [Thread-1  ]: Opening a new connection, currently in state closed
[0m18:18:32.448246 [debug] [Thread-1  ]: SQL status: BEGIN in 0 seconds
[0m18:18:32.450520 [debug] [Thread-1  ]: Using postgres connection "model.jaffle_shop_dbtvault.customer_pit"
[0m18:18:32.453399 [debug] [Thread-1  ]: On model.jaffle_shop_dbtvault.customer_pit: /* {"app": "dbt", "dbt_version": "1.4.0", "profile_name": "jaffle_shop", "target_name": "dev", "node_id": "model.jaffle_shop_dbtvault.customer_pit"} */

  
    

  create  table "postgres"."dbt"."customer_pit"
  as (
    








-- Generated by AutomateDV (formerly known as dbtvault)

WITH as_of_dates AS (
    SELECT * FROM "postgres"."dbt"."as_of_date"
),

new_rows_as_of_dates AS (
    SELECT
        a.customer_pk,
        b.AS_OF_DATE
    FROM "postgres"."dbt"."hub_customer" AS a
    INNER JOIN as_of_dates AS b
    ON (1=1)
),

new_rows AS (
    SELECT
        a.customer_pk,
        a.AS_OF_DATE,

        COALESCE(DECODE(MAX(ENCODE(sat_customer_src.customer_pk, 'hex')), 'hex'),
                 CAST('0000000000000000' AS BYTEA))
        AS sat_customer_PK,

        COALESCE(MAX(sat_customer_src.load_date),
                 to_char(timestamp '1900-01-01 00:00:00.000', 'YYYY-MM-DD HH24:MI:SS.MS')::timestamp)
        AS sat_customer_LDTS,

        COALESCE(DECODE(MAX(ENCODE(sat_customer_crm_src.customer_pk, 'hex')), 'hex'),
                 CAST('0000000000000000' AS BYTEA))
        AS sat_customer_crm_PK,

        COALESCE(MAX(sat_customer_crm_src.load_date),
                 to_char(timestamp '1900-01-01 00:00:00.000', 'YYYY-MM-DD HH24:MI:SS.MS')::timestamp)
        AS sat_customer_crm_LDTS

    FROM new_rows_as_of_dates AS a

        LEFT OUTER JOIN "postgres"."dbt"."sat_customer" AS sat_customer_src
            ON a.customer_pk = sat_customer_src.customer_pk
            AND sat_customer_src.load_date <= a.AS_OF_DATE
    

        LEFT OUTER JOIN "postgres"."dbt"."sat_customer_crm" AS sat_customer_crm_src
            ON a.customer_pk = sat_customer_crm_src.customer_pk
            AND sat_customer_crm_src.load_date <= a.AS_OF_DATE
    

    GROUP BY
        a.customer_pk,
        a.AS_OF_DATE
),

pit AS (
    SELECT * FROM new_rows
)

SELECT DISTINCT * FROM pit
  );
  
[0m18:18:32.557995 [debug] [Thread-1  ]: SQL status: SELECT 9450 in 0 seconds
[0m18:18:32.563914 [debug] [Thread-1  ]: On model.jaffle_shop_dbtvault.customer_pit: COMMIT
[0m18:18:32.566402 [debug] [Thread-1  ]: Using postgres connection "model.jaffle_shop_dbtvault.customer_pit"
[0m18:18:32.567786 [debug] [Thread-1  ]: On model.jaffle_shop_dbtvault.customer_pit: COMMIT
[0m18:18:32.579873 [debug] [Thread-1  ]: SQL status: COMMIT in 0 seconds
[0m18:18:32.582748 [debug] [Thread-1  ]: Timing info for model.jaffle_shop_dbtvault.customer_pit (execute): 2026-05-18 18:18:32.348097 => 2026-05-18 18:18:32.582454
[0m18:18:32.584919 [debug] [Thread-1  ]: On model.jaffle_shop_dbtvault.customer_pit: Close
[0m18:18:32.588099 [debug] [Thread-1  ]: Sending event: {'category': 'dbt', 'action': 'run_model', 'label': '7221cf75-cda8-4a71-90cd-08a7f1023514', 'context': [<snowplow_tracker.self_describing_json.SelfDescribingJson object at 0x7fb4d75c0ac0>]}
[0m18:18:32.591115 [info ] [Thread-1  ]: 11 of 14 OK created sql pit_incremental model dbt.customer_pit ................. [[32mSELECT 9450[0m in 0.32s]
[0m18:18:32.594050 [debug] [Thread-1  ]: Finished running node model.jaffle_shop_dbtvault.customer_pit
[0m18:18:32.599185 [debug] [Thread-1  ]: Began running node model.jaffle_shop_dbtvault.our_customer_pit
[0m18:18:32.602165 [info ] [Thread-1  ]: 12 of 14 START sql view model dbt.our_customer_pit ............................. [RUN]
[0m18:18:32.605441 [debug] [Thread-1  ]: Acquiring new postgres connection 'model.jaffle_shop_dbtvault.our_customer_pit'
[0m18:18:32.609899 [debug] [Thread-1  ]: Began compiling node model.jaffle_shop_dbtvault.our_customer_pit
[0m18:18:32.625145 [debug] [Thread-1  ]: Writing injected SQL for node "model.jaffle_shop_dbtvault.our_customer_pit"
[0m18:18:32.635157 [debug] [Thread-1  ]: Timing info for model.jaffle_shop_dbtvault.our_customer_pit (compile): 2026-05-18 18:18:32.612079 => 2026-05-18 18:18:32.634979
[0m18:18:32.641521 [debug] [Thread-1  ]: Began executing node model.jaffle_shop_dbtvault.our_customer_pit
[0m18:18:32.677105 [debug] [Thread-1  ]: Writing runtime sql for node "model.jaffle_shop_dbtvault.our_customer_pit"
[0m18:18:32.685131 [debug] [Thread-1  ]: Using postgres connection "model.jaffle_shop_dbtvault.our_customer_pit"
[0m18:18:32.688485 [debug] [Thread-1  ]: On model.jaffle_shop_dbtvault.our_customer_pit: BEGIN
[0m18:18:32.690802 [debug] [Thread-1  ]: Opening a new connection, currently in state closed
[0m18:18:32.714136 [debug] [Thread-1  ]: SQL status: BEGIN in 0 seconds
[0m18:18:32.716097 [debug] [Thread-1  ]: Using postgres connection "model.jaffle_shop_dbtvault.our_customer_pit"
[0m18:18:32.718882 [debug] [Thread-1  ]: On model.jaffle_shop_dbtvault.our_customer_pit: /* {"app": "dbt", "dbt_version": "1.4.0", "profile_name": "jaffle_shop", "target_name": "dev", "node_id": "model.jaffle_shop_dbtvault.our_customer_pit"} */

  create view "postgres"."dbt"."our_customer_pit__dbt_tmp" as (
    with all_history (
    select hc.customer_pk,
    sc.last_name,
    sc.first_name,
    scc.age,
    sc.effective_from as sc_effective_from,
                  coalesce(lead(sc.effective_from) OVER (PARTITION BY hc.customer_pk ORDER BY sc.effective_from), '9999-12-31') as sc_effective_to,
    scc.effective_from as scc_effective_from,
                  coalesce(lead(scc.effective_from) OVER (PARTITION BY hc.customer_pk ORDER BY scc.effective_from), '9999-12-31') as scc_effective_to
    from "postgres"."dbt"."hub_customer" hc
    LEFT JOIN "postgres"."dbt"."sat_customer" sc ON sc.customer_pk = hc.customer_pk
    LEFT JOIN "postgres"."dbt"."sat_customer_crm" scc ON scc.customer_pk = hc.customer_pk
)

SELECT customer_pk, last_name, first_name, age, sc_effective_from, scc_effective_from
from all_history
where 1=1
  );
[0m18:18:32.721196 [debug] [Thread-1  ]: Postgres adapter: Postgres error: syntax error at or near "select"
LINE 5:     select hc.customer_pk,
            ^

[0m18:18:32.723600 [debug] [Thread-1  ]: On model.jaffle_shop_dbtvault.our_customer_pit: ROLLBACK
[0m18:18:32.727606 [debug] [Thread-1  ]: Timing info for model.jaffle_shop_dbtvault.our_customer_pit (execute): 2026-05-18 18:18:32.645951 => 2026-05-18 18:18:32.727471
[0m18:18:32.733283 [debug] [Thread-1  ]: On model.jaffle_shop_dbtvault.our_customer_pit: Close
[0m18:18:32.740016 [debug] [Thread-1  ]: Database Error in model our_customer_pit (models/business_vault/our_customer_pit.sql)
  syntax error at or near "select"
  LINE 5:     select hc.customer_pk,
              ^
  compiled Code at target/run/jaffle_shop_dbtvault/models/business_vault/our_customer_pit.sql
[0m18:18:32.742810 [debug] [Thread-1  ]: Sending event: {'category': 'dbt', 'action': 'run_model', 'label': '7221cf75-cda8-4a71-90cd-08a7f1023514', 'context': [<snowplow_tracker.self_describing_json.SelfDescribingJson object at 0x7fb4d7f95d60>]}
[0m18:18:32.747589 [error] [Thread-1  ]: 12 of 14 ERROR creating sql view model dbt.our_customer_pit .................... [[31mERROR[0m in 0.14s]
[0m18:18:32.750635 [debug] [Thread-1  ]: Finished running node model.jaffle_shop_dbtvault.our_customer_pit
[0m18:18:32.753148 [debug] [Thread-1  ]: Began running node model.jaffle_shop_dbtvault.stg_link_customer_order
[0m18:18:32.758702 [info ] [Thread-1  ]: 13 of 14 START sql view model dbt.stg_link_customer_order ...................... [RUN]
[0m18:18:32.764271 [debug] [Thread-1  ]: Acquiring new postgres connection 'model.jaffle_shop_dbtvault.stg_link_customer_order'
[0m18:18:32.771844 [debug] [Thread-1  ]: Began compiling node model.jaffle_shop_dbtvault.stg_link_customer_order
[0m18:18:32.835731 [debug] [Thread-1  ]: Using postgres connection "model.jaffle_shop_dbtvault.stg_link_customer_order"
[0m18:18:32.839808 [debug] [Thread-1  ]: On model.jaffle_shop_dbtvault.stg_link_customer_order: BEGIN
[0m18:18:32.845114 [debug] [Thread-1  ]: Opening a new connection, currently in state closed
[0m18:18:32.883861 [debug] [Thread-1  ]: SQL status: BEGIN in 0 seconds
[0m18:18:32.887457 [debug] [Thread-1  ]: Using postgres connection "model.jaffle_shop_dbtvault.stg_link_customer_order"
[0m18:18:32.893837 [debug] [Thread-1  ]: On model.jaffle_shop_dbtvault.stg_link_customer_order: /* {"app": "dbt", "dbt_version": "1.4.0", "profile_name": "jaffle_shop", "target_name": "dev", "node_id": "model.jaffle_shop_dbtvault.stg_link_customer_order"} */

      select
          column_name,
          data_type,
          character_maximum_length,
          numeric_precision,
          numeric_scale

      from "postgres".INFORMATION_SCHEMA.columns
      where table_name = 'stg_customer_order'
        
        and table_schema = 'dbt'
        
      order by ordinal_position

  
[0m18:18:32.922209 [debug] [Thread-1  ]: SQL status: SELECT 4 in 0 seconds
[0m18:18:32.965752 [debug] [Thread-1  ]: Using postgres connection "model.jaffle_shop_dbtvault.stg_link_customer_order"
[0m18:18:32.968460 [debug] [Thread-1  ]: On model.jaffle_shop_dbtvault.stg_link_customer_order: /* {"app": "dbt", "dbt_version": "1.4.0", "profile_name": "jaffle_shop", "target_name": "dev", "node_id": "model.jaffle_shop_dbtvault.stg_link_customer_order"} */

      select
          column_name,
          data_type,
          character_maximum_length,
          numeric_precision,
          numeric_scale

      from "postgres".INFORMATION_SCHEMA.columns
      where table_name = 'stg_customer_order'
        
        and table_schema = 'dbt'
        
      order by ordinal_position

  
[0m18:18:32.982999 [debug] [Thread-1  ]: SQL status: SELECT 4 in 0 seconds
[0m18:18:33.007771 [debug] [Thread-1  ]: Writing injected SQL for node "model.jaffle_shop_dbtvault.stg_link_customer_order"
[0m18:18:33.014976 [debug] [Thread-1  ]: Timing info for model.jaffle_shop_dbtvault.stg_link_customer_order (compile): 2026-05-18 18:18:32.773503 => 2026-05-18 18:18:33.014692
[0m18:18:33.017734 [debug] [Thread-1  ]: Began executing node model.jaffle_shop_dbtvault.stg_link_customer_order
[0m18:18:33.039324 [debug] [Thread-1  ]: Writing runtime sql for node "model.jaffle_shop_dbtvault.stg_link_customer_order"
[0m18:18:33.046578 [debug] [Thread-1  ]: Using postgres connection "model.jaffle_shop_dbtvault.stg_link_customer_order"
[0m18:18:33.050883 [debug] [Thread-1  ]: On model.jaffle_shop_dbtvault.stg_link_customer_order: /* {"app": "dbt", "dbt_version": "1.4.0", "profile_name": "jaffle_shop", "target_name": "dev", "node_id": "model.jaffle_shop_dbtvault.stg_link_customer_order"} */

  create view "postgres"."dbt"."stg_link_customer_order__dbt_tmp" as (
    





with staging as (
    -- Generated by AutomateDV (formerly known as dbtvault)

    

WITH source_data AS (

    SELECT

    order_key,
    customer_key,
    customer_pk,
    order_pk

    FROM "postgres"."dbt"."stg_customer_order"
),

derived_columns AS (

    SELECT

    order_key,
    customer_key,
    customer_pk,
    order_pk,
    'CSV_CUSTOMERS'::TEXT AS RECORD_SOURCE

    FROM source_data
),

hashed_columns AS (

    SELECT

    order_key,
    customer_key,
    customer_pk,
    order_pk,
    RECORD_SOURCE,

    DECODE(MD5(NULLIF(CONCAT(
        COALESCE(NULLIF(UPPER(TRIM(CAST(ORDER_KEY AS VARCHAR))), ''), '^^'), '||',
        COALESCE(NULLIF(UPPER(TRIM(CAST(CUSTOMER_KEY AS VARCHAR))), ''), '^^')
    ), '^^||^^')), 'hex') AS LINK_CUSTOMER_ORDER_PK

    FROM derived_columns
),

columns_to_select AS (

    SELECT

    order_key,
    customer_key,
    customer_pk,
    order_pk,
    RECORD_SOURCE,
    LINK_CUSTOMER_ORDER_PK

    FROM hashed_columns
)

SELECT * FROM columns_to_select
)

select *, current_timestamp as LOAD_DATE,
    current_timestamp AS EFFECTIVE_FROM from staging
  );
[0m18:18:33.059364 [debug] [Thread-1  ]: SQL status: CREATE VIEW in 0 seconds
[0m18:18:33.071261 [debug] [Thread-1  ]: Using postgres connection "model.jaffle_shop_dbtvault.stg_link_customer_order"
[0m18:18:33.073881 [debug] [Thread-1  ]: On model.jaffle_shop_dbtvault.stg_link_customer_order: /* {"app": "dbt", "dbt_version": "1.4.0", "profile_name": "jaffle_shop", "target_name": "dev", "node_id": "model.jaffle_shop_dbtvault.stg_link_customer_order"} */
alter table "postgres"."dbt"."stg_link_customer_order__dbt_tmp" rename to "stg_link_customer_order"
[0m18:18:33.077859 [debug] [Thread-1  ]: SQL status: ALTER TABLE in 0 seconds
[0m18:18:33.084035 [debug] [Thread-1  ]: On model.jaffle_shop_dbtvault.stg_link_customer_order: COMMIT
[0m18:18:33.086316 [debug] [Thread-1  ]: Using postgres connection "model.jaffle_shop_dbtvault.stg_link_customer_order"
[0m18:18:33.089110 [debug] [Thread-1  ]: On model.jaffle_shop_dbtvault.stg_link_customer_order: COMMIT
[0m18:18:33.094630 [debug] [Thread-1  ]: SQL status: COMMIT in 0 seconds
[0m18:18:33.109297 [debug] [Thread-1  ]: Using postgres connection "model.jaffle_shop_dbtvault.stg_link_customer_order"
[0m18:18:33.111511 [debug] [Thread-1  ]: On model.jaffle_shop_dbtvault.stg_link_customer_order: /* {"app": "dbt", "dbt_version": "1.4.0", "profile_name": "jaffle_shop", "target_name": "dev", "node_id": "model.jaffle_shop_dbtvault.stg_link_customer_order"} */
drop view if exists "postgres"."dbt"."stg_link_customer_order__dbt_backup" cascade
[0m18:18:33.115549 [debug] [Thread-1  ]: SQL status: DROP VIEW in 0 seconds
[0m18:18:33.121392 [debug] [Thread-1  ]: Timing info for model.jaffle_shop_dbtvault.stg_link_customer_order (execute): 2026-05-18 18:18:33.020166 => 2026-05-18 18:18:33.121291
[0m18:18:33.123793 [debug] [Thread-1  ]: On model.jaffle_shop_dbtvault.stg_link_customer_order: Close
[0m18:18:33.128025 [debug] [Thread-1  ]: Sending event: {'category': 'dbt', 'action': 'run_model', 'label': '7221cf75-cda8-4a71-90cd-08a7f1023514', 'context': [<snowplow_tracker.self_describing_json.SelfDescribingJson object at 0x7fb4d7304580>]}
[0m18:18:33.131316 [info ] [Thread-1  ]: 13 of 14 OK created sql view model dbt.stg_link_customer_order ................. [[32mCREATE VIEW[0m in 0.36s]
[0m18:18:33.134476 [debug] [Thread-1  ]: Finished running node model.jaffle_shop_dbtvault.stg_link_customer_order
[0m18:18:33.142506 [debug] [Thread-1  ]: Began running node model.jaffle_shop_dbtvault.link_customer_order
[0m18:18:33.146348 [info ] [Thread-1  ]: 14 of 14 START sql incremental model dbt.link_customer_order ................... [RUN]
[0m18:18:33.155297 [debug] [Thread-1  ]: Acquiring new postgres connection 'model.jaffle_shop_dbtvault.link_customer_order'
[0m18:18:33.175421 [debug] [Thread-1  ]: Began compiling node model.jaffle_shop_dbtvault.link_customer_order
[0m18:18:33.204076 [info ] [Thread-1  ]: 18:18:33 + Loading postgres.dbt.link_customer_order from 1 source(s)
[0m18:18:33.230343 [debug] [Thread-1  ]: Writing injected SQL for node "model.jaffle_shop_dbtvault.link_customer_order"
[0m18:18:33.243704 [debug] [Thread-1  ]: Timing info for model.jaffle_shop_dbtvault.link_customer_order (compile): 2026-05-18 18:18:33.181423 => 2026-05-18 18:18:33.243420
[0m18:18:33.251780 [debug] [Thread-1  ]: Began executing node model.jaffle_shop_dbtvault.link_customer_order
[0m18:18:33.281148 [debug] [Thread-1  ]: Using postgres connection "model.jaffle_shop_dbtvault.link_customer_order"
[0m18:18:33.284228 [debug] [Thread-1  ]: On model.jaffle_shop_dbtvault.link_customer_order: /* {"app": "dbt", "dbt_version": "1.4.0", "profile_name": "jaffle_shop", "target_name": "dev", "node_id": "model.jaffle_shop_dbtvault.link_customer_order"} */

    
  
    

  create temporary table "link_customer_order__dbt_tmp181833271574"
  as (
    -- Generated by AutomateDV (formerly known as dbtvault)

    

WITH row_rank_1 AS (
  SELECT * FROM (
    SELECT rr.LINK_CUSTOMER_ORDER_PK, rr.CUSTOMER_PK, rr.ORDER_PK, rr.LOAD_DATE, rr.RECORD_SOURCE,
           ROW_NUMBER() OVER(
               PARTITION BY rr.LINK_CUSTOMER_ORDER_PK
               ORDER BY rr.LOAD_DATE
           ) AS row_number
    FROM "postgres"."dbt"."stg_link_customer_order" AS rr
    WHERE rr.LINK_CUSTOMER_ORDER_PK IS NOT NULL
    AND rr.CUSTOMER_PK IS NOT NULL
    AND rr.ORDER_PK IS NOT NULL
  ) as l
  WHERE row_number = 1
),

records_to_insert AS (
    SELECT a.LINK_CUSTOMER_ORDER_PK, a.CUSTOMER_PK, a.ORDER_PK, a.LOAD_DATE, a.RECORD_SOURCE
    FROM row_rank_1 AS a
    LEFT JOIN "postgres"."dbt"."link_customer_order" AS d
    ON a.LINK_CUSTOMER_ORDER_PK = d.LINK_CUSTOMER_ORDER_PK
    WHERE d.LINK_CUSTOMER_ORDER_PK IS NULL
)

SELECT * FROM records_to_insert
  );
  
  
[0m18:18:33.288652 [debug] [Thread-1  ]: Opening a new connection, currently in state closed
[0m18:18:33.337669 [debug] [Thread-1  ]: SQL status: SELECT 0 in 0 seconds
[0m18:18:33.352206 [debug] [Thread-1  ]: Using postgres connection "model.jaffle_shop_dbtvault.link_customer_order"
[0m18:18:33.354654 [debug] [Thread-1  ]: On model.jaffle_shop_dbtvault.link_customer_order: BEGIN
[0m18:18:33.358759 [debug] [Thread-1  ]: SQL status: BEGIN in 0 seconds
[0m18:18:33.362806 [debug] [Thread-1  ]: Using postgres connection "model.jaffle_shop_dbtvault.link_customer_order"
[0m18:18:33.364857 [debug] [Thread-1  ]: On model.jaffle_shop_dbtvault.link_customer_order: /* {"app": "dbt", "dbt_version": "1.4.0", "profile_name": "jaffle_shop", "target_name": "dev", "node_id": "model.jaffle_shop_dbtvault.link_customer_order"} */

      select
          column_name,
          data_type,
          character_maximum_length,
          numeric_precision,
          numeric_scale

      from INFORMATION_SCHEMA.columns
      where table_name = 'link_customer_order__dbt_tmp181833271574'
        
      order by ordinal_position

  
[0m18:18:33.383333 [debug] [Thread-1  ]: SQL status: SELECT 5 in 0 seconds
[0m18:18:33.394815 [debug] [Thread-1  ]: Using postgres connection "model.jaffle_shop_dbtvault.link_customer_order"
[0m18:18:33.397178 [debug] [Thread-1  ]: On model.jaffle_shop_dbtvault.link_customer_order: /* {"app": "dbt", "dbt_version": "1.4.0", "profile_name": "jaffle_shop", "target_name": "dev", "node_id": "model.jaffle_shop_dbtvault.link_customer_order"} */

      select
          column_name,
          data_type,
          character_maximum_length,
          numeric_precision,
          numeric_scale

      from "postgres".INFORMATION_SCHEMA.columns
      where table_name = 'link_customer_order'
        
        and table_schema = 'dbt'
        
      order by ordinal_position

  
[0m18:18:33.405665 [debug] [Thread-1  ]: SQL status: SELECT 5 in 0 seconds
[0m18:18:33.422306 [debug] [Thread-1  ]: Using postgres connection "model.jaffle_shop_dbtvault.link_customer_order"
[0m18:18:33.424820 [debug] [Thread-1  ]: On model.jaffle_shop_dbtvault.link_customer_order: /* {"app": "dbt", "dbt_version": "1.4.0", "profile_name": "jaffle_shop", "target_name": "dev", "node_id": "model.jaffle_shop_dbtvault.link_customer_order"} */

      select
          column_name,
          data_type,
          character_maximum_length,
          numeric_precision,
          numeric_scale

      from "postgres".INFORMATION_SCHEMA.columns
      where table_name = 'link_customer_order'
        
        and table_schema = 'dbt'
        
      order by ordinal_position

  
[0m18:18:33.436542 [debug] [Thread-1  ]: SQL status: SELECT 5 in 0 seconds
[0m18:18:33.444280 [debug] [Thread-1  ]: Writing runtime sql for node "model.jaffle_shop_dbtvault.link_customer_order"
[0m18:18:33.453088 [debug] [Thread-1  ]: Using postgres connection "model.jaffle_shop_dbtvault.link_customer_order"
[0m18:18:33.455725 [debug] [Thread-1  ]: On model.jaffle_shop_dbtvault.link_customer_order: /* {"app": "dbt", "dbt_version": "1.4.0", "profile_name": "jaffle_shop", "target_name": "dev", "node_id": "model.jaffle_shop_dbtvault.link_customer_order"} */

      insert into "postgres"."dbt"."link_customer_order" ("link_customer_order_pk", "customer_pk", "order_pk", "load_date", "record_source")
    (
        select "link_customer_order_pk", "customer_pk", "order_pk", "load_date", "record_source"
        from "link_customer_order__dbt_tmp181833271574"
    )


  
[0m18:18:33.458256 [debug] [Thread-1  ]: SQL status: INSERT 0 0 in 0 seconds
[0m18:18:33.466223 [debug] [Thread-1  ]: On model.jaffle_shop_dbtvault.link_customer_order: COMMIT
[0m18:18:33.468227 [debug] [Thread-1  ]: Using postgres connection "model.jaffle_shop_dbtvault.link_customer_order"
[0m18:18:33.471024 [debug] [Thread-1  ]: On model.jaffle_shop_dbtvault.link_customer_order: COMMIT
[0m18:18:33.476188 [debug] [Thread-1  ]: SQL status: COMMIT in 0 seconds
[0m18:18:33.479728 [debug] [Thread-1  ]: Timing info for model.jaffle_shop_dbtvault.link_customer_order (execute): 2026-05-18 18:18:33.256668 => 2026-05-18 18:18:33.479609
[0m18:18:33.481876 [debug] [Thread-1  ]: On model.jaffle_shop_dbtvault.link_customer_order: Close
[0m18:18:33.485238 [debug] [Thread-1  ]: Sending event: {'category': 'dbt', 'action': 'run_model', 'label': '7221cf75-cda8-4a71-90cd-08a7f1023514', 'context': [<snowplow_tracker.self_describing_json.SelfDescribingJson object at 0x7fb4d7525130>]}
[0m18:18:33.491337 [info ] [Thread-1  ]: 14 of 14 OK created sql incremental model dbt.link_customer_order .............. [[32mINSERT 0 0[0m in 0.33s]
[0m18:18:33.495751 [debug] [Thread-1  ]: Finished running node model.jaffle_shop_dbtvault.link_customer_order
[0m18:18:33.501178 [debug] [MainThread]: Acquiring new postgres connection 'master'
[0m18:18:33.504451 [debug] [MainThread]: Using postgres connection "master"
[0m18:18:33.515456 [debug] [MainThread]: On master: BEGIN
[0m18:18:33.524900 [debug] [MainThread]: Opening a new connection, currently in state closed
[0m18:18:33.579342 [debug] [MainThread]: SQL status: BEGIN in 0 seconds
[0m18:18:33.581519 [debug] [MainThread]: On master: COMMIT
[0m18:18:33.584249 [debug] [MainThread]: Using postgres connection "master"
[0m18:18:33.587774 [debug] [MainThread]: On master: COMMIT
[0m18:18:33.591022 [debug] [MainThread]: SQL status: COMMIT in 0 seconds
[0m18:18:33.593812 [debug] [MainThread]: On master: Close
[0m18:18:33.598005 [debug] [MainThread]: Connection 'master' was properly closed.
[0m18:18:33.600362 [debug] [MainThread]: Connection 'model.jaffle_shop_dbtvault.link_customer_order' was properly closed.
[0m18:18:33.608146 [info ] [MainThread]: 
[0m18:18:33.612031 [info ] [MainThread]: Finished running 1 table model, 6 view models, 6 incremental models, 1 pit_incremental model in 0 hours 0 minutes and 5.81 seconds (5.81s).
[0m18:18:33.616907 [debug] [MainThread]: Command end result
[0m18:18:33.685607 [info ] [MainThread]: 
[0m18:18:33.691979 [info ] [MainThread]: [31mCompleted with 1 error and 0 warnings:[0m
[0m18:18:33.698639 [info ] [MainThread]: 
[0m18:18:33.714814 [error] [MainThread]: [33mDatabase Error in model our_customer_pit (models/business_vault/our_customer_pit.sql)[0m
[0m18:18:33.720842 [error] [MainThread]:   syntax error at or near "select"
[0m18:18:33.729293 [error] [MainThread]:   LINE 5:     select hc.customer_pk,
[0m18:18:33.736497 [error] [MainThread]:               ^
[0m18:18:33.741455 [error] [MainThread]:   compiled Code at target/run/jaffle_shop_dbtvault/models/business_vault/our_customer_pit.sql
[0m18:18:33.747041 [info ] [MainThread]: 
[0m18:18:33.753701 [info ] [MainThread]: Done. PASS=13 WARN=0 ERROR=1 SKIP=0 TOTAL=14
[0m18:18:33.758568 [debug] [MainThread]: Sending event: {'category': 'dbt', 'action': 'invocation', 'label': 'end', 'context': [<snowplow_tracker.self_describing_json.SelfDescribingJson object at 0x7fb4d7ed2e50>, <snowplow_tracker.self_describing_json.SelfDescribingJson object at 0x7fb4d73a0d90>, <snowplow_tracker.self_describing_json.SelfDescribingJson object at 0x7fb4d73a0dc0>]}
[0m18:18:33.772189 [debug] [MainThread]: Flushing usage events


============================== 2026-05-18 18:20:45.795604 | 691a8d98-396f-4f7c-86f6-7ad5211b3a87 ==============================
[0m18:20:45.795604 [info ] [MainThread]: Running with dbt=1.4.0
[0m18:20:45.803553 [debug] [MainThread]: running dbt with arguments {'write_json': True, 'use_colors': True, 'printer_width': 80, 'version_check': True, 'partial_parse': True, 'static_parser': True, 'profiles_dir': '/workspace', 'send_anonymous_usage_stats': True, 'quiet': False, 'no_print': False, 'cache_selected_only': False, 'parse_only': False, 'select': ['our_customer_pit'], 'which': 'compile', 'rpc_method': 'compile', 'indirect_selection': 'eager'}
[0m18:20:45.807909 [debug] [MainThread]: Tracking: tracking
[0m18:20:45.831464 [debug] [MainThread]: Sending event: {'category': 'dbt', 'action': 'invocation', 'label': 'start', 'context': [<snowplow_tracker.self_describing_json.SelfDescribingJson object at 0x7f3f727ecd00>, <snowplow_tracker.self_describing_json.SelfDescribingJson object at 0x7f3f727eca90>, <snowplow_tracker.self_describing_json.SelfDescribingJson object at 0x7f3f727ecdc0>]}
[0m18:20:46.590590 [debug] [MainThread]: Partial parsing enabled: 0 files deleted, 0 files added, 0 files changed.
[0m18:20:46.593820 [debug] [MainThread]: Partial parsing enabled, no changes found, skipping parsing
[0m18:20:46.618948 [debug] [MainThread]: Sending event: {'category': 'dbt', 'action': 'load_project', 'label': '691a8d98-396f-4f7c-86f6-7ad5211b3a87', 'context': [<snowplow_tracker.self_describing_json.SelfDescribingJson object at 0x7f3f72735ee0>]}
[0m18:20:46.671900 [debug] [MainThread]: Sending event: {'category': 'dbt', 'action': 'resource_counts', 'label': '691a8d98-396f-4f7c-86f6-7ad5211b3a87', 'context': [<snowplow_tracker.self_describing_json.SelfDescribingJson object at 0x7f3f72598d90>]}
[0m18:20:46.675062 [info ] [MainThread]: Found 14 models, 0 tests, 0 snapshots, 0 analyses, 658 macros, 0 operations, 3 seed files, 7 sources, 0 exposures, 0 metrics
[0m18:20:46.679303 [debug] [MainThread]: Sending event: {'category': 'dbt', 'action': 'runnable_timing', 'label': '691a8d98-396f-4f7c-86f6-7ad5211b3a87', 'context': [<snowplow_tracker.self_describing_json.SelfDescribingJson object at 0x7f3f72598ca0>]}
[0m18:20:46.685076 [info ] [MainThread]: 
[0m18:20:46.698396 [debug] [MainThread]: Acquiring new postgres connection 'master'
[0m18:20:46.709064 [debug] [ThreadPool]: Acquiring new postgres connection 'list_postgres_dbt'
[0m18:20:46.758929 [debug] [ThreadPool]: Using postgres connection "list_postgres_dbt"
[0m18:20:46.764353 [debug] [ThreadPool]: On list_postgres_dbt: BEGIN
[0m18:20:46.767978 [debug] [ThreadPool]: Opening a new connection, currently in state init
[0m18:20:46.805809 [debug] [ThreadPool]: SQL status: BEGIN in 0 seconds
[0m18:20:46.819460 [debug] [ThreadPool]: Using postgres connection "list_postgres_dbt"
[0m18:20:46.826015 [debug] [ThreadPool]: On list_postgres_dbt: /* {"app": "dbt", "dbt_version": "1.4.0", "profile_name": "jaffle_shop", "target_name": "dev", "connection_name": "list_postgres_dbt"} */
select
      'postgres' as database,
      tablename as name,
      schemaname as schema,
      'table' as type
    from pg_tables
    where schemaname ilike 'dbt'
    union all
    select
      'postgres' as database,
      viewname as name,
      schemaname as schema,
      'view' as type
    from pg_views
    where schemaname ilike 'dbt'
  
[0m18:20:46.849852 [debug] [ThreadPool]: SQL status: SELECT 16 in 0 seconds
[0m18:20:46.857915 [debug] [ThreadPool]: On list_postgres_dbt: ROLLBACK
[0m18:20:46.861039 [debug] [ThreadPool]: On list_postgres_dbt: Close
[0m18:20:46.887881 [debug] [MainThread]: Using postgres connection "master"
[0m18:20:46.890332 [debug] [MainThread]: On master: BEGIN
[0m18:20:46.893658 [debug] [MainThread]: Opening a new connection, currently in state init
[0m18:20:46.912957 [debug] [MainThread]: SQL status: BEGIN in 0 seconds
[0m18:20:46.915492 [debug] [MainThread]: Using postgres connection "master"
[0m18:20:46.917161 [debug] [MainThread]: On master: /* {"app": "dbt", "dbt_version": "1.4.0", "profile_name": "jaffle_shop", "target_name": "dev", "connection_name": "master"} */
with relation as (
        select
            pg_rewrite.ev_class as class,
            pg_rewrite.oid as id
        from pg_rewrite
    ),
    class as (
        select
            oid as id,
            relname as name,
            relnamespace as schema,
            relkind as kind
        from pg_class
    ),
    dependency as (
        select distinct
            pg_depend.objid as id,
            pg_depend.refobjid as ref
        from pg_depend
    ),
    schema as (
        select
            pg_namespace.oid as id,
            pg_namespace.nspname as name
        from pg_namespace
        where nspname != 'information_schema' and nspname not like 'pg\_%'
    ),
    referenced as (
        select
            relation.id AS id,
            referenced_class.name ,
            referenced_class.schema ,
            referenced_class.kind
        from relation
        join class as referenced_class on relation.class=referenced_class.id
        where referenced_class.kind in ('r', 'v')
    ),
    relationships as (
        select
            referenced.name as referenced_name,
            referenced.schema as referenced_schema_id,
            dependent_class.name as dependent_name,
            dependent_class.schema as dependent_schema_id,
            referenced.kind as kind
        from referenced
        join dependency on referenced.id=dependency.id
        join class as dependent_class on dependency.ref=dependent_class.id
        where
            (referenced.name != dependent_class.name or
             referenced.schema != dependent_class.schema)
    )

    select
        referenced_schema.name as referenced_schema,
        relationships.referenced_name as referenced_name,
        dependent_schema.name as dependent_schema,
        relationships.dependent_name as dependent_name
    from relationships
    join schema as dependent_schema on relationships.dependent_schema_id=dependent_schema.id
    join schema as referenced_schema on relationships.referenced_schema_id=referenced_schema.id
    group by referenced_schema, referenced_name, dependent_schema, dependent_name
    order by referenced_schema, referenced_name, dependent_schema, dependent_name;
[0m18:20:46.928030 [debug] [MainThread]: SQL status: SELECT 6 in 0 seconds
[0m18:20:46.934902 [debug] [MainThread]: Sending event: {'category': 'dbt', 'action': 'runnable_timing', 'label': '691a8d98-396f-4f7c-86f6-7ad5211b3a87', 'context': [<snowplow_tracker.self_describing_json.SelfDescribingJson object at 0x7f3f727ecc70>]}
[0m18:20:46.937218 [debug] [MainThread]: On master: ROLLBACK
[0m18:20:46.941260 [debug] [MainThread]: On master: Close
[0m18:20:46.945153 [info ] [MainThread]: Concurrency: 1 threads (target='dev')
[0m18:20:46.947565 [info ] [MainThread]: 
[0m18:20:46.958746 [debug] [Thread-1  ]: Began running node model.jaffle_shop_dbtvault.our_customer_pit
[0m18:20:46.968945 [debug] [Thread-1  ]: Acquiring new postgres connection 'model.jaffle_shop_dbtvault.our_customer_pit'
[0m18:20:46.975133 [debug] [Thread-1  ]: Began compiling node model.jaffle_shop_dbtvault.our_customer_pit
[0m18:20:46.996567 [debug] [Thread-1  ]: Writing injected SQL for node "model.jaffle_shop_dbtvault.our_customer_pit"
[0m18:20:47.003799 [debug] [Thread-1  ]: Timing info for model.jaffle_shop_dbtvault.our_customer_pit (compile): 2026-05-18 18:20:46.979115 => 2026-05-18 18:20:47.002844
[0m18:20:47.008167 [debug] [Thread-1  ]: Began executing node model.jaffle_shop_dbtvault.our_customer_pit
[0m18:20:47.014228 [debug] [Thread-1  ]: Timing info for model.jaffle_shop_dbtvault.our_customer_pit (execute): 2026-05-18 18:20:47.014021 => 2026-05-18 18:20:47.014084
[0m18:20:47.031337 [debug] [Thread-1  ]: Finished running node model.jaffle_shop_dbtvault.our_customer_pit
[0m18:20:47.035640 [debug] [MainThread]: Connection 'master' was properly closed.
[0m18:20:47.037476 [debug] [MainThread]: Connection 'model.jaffle_shop_dbtvault.our_customer_pit' was properly closed.
[0m18:20:47.040630 [debug] [MainThread]: Command end result
[0m18:20:47.082311 [info ] [MainThread]: Done.
[0m18:20:47.085752 [debug] [MainThread]: Sending event: {'category': 'dbt', 'action': 'invocation', 'label': 'end', 'context': [<snowplow_tracker.self_describing_json.SelfDescribingJson object at 0x7f3f72598df0>, <snowplow_tracker.self_describing_json.SelfDescribingJson object at 0x7f3f72365fa0>, <snowplow_tracker.self_describing_json.SelfDescribingJson object at 0x7f3f72365850>]}
[0m18:20:47.088215 [debug] [MainThread]: Flushing usage events


============================== 2026-05-19 14:10:09.437949 | a53e1753-e849-4ce4-b222-ebea30efd952 ==============================
[0m14:10:09.437949 [info ] [MainThread]: Running with dbt=1.4.0
[0m14:10:09.450671 [debug] [MainThread]: running dbt with arguments {'write_json': True, 'use_colors': True, 'printer_width': 80, 'version_check': True, 'partial_parse': True, 'static_parser': True, 'profiles_dir': '/workspace', 'send_anonymous_usage_stats': True, 'quiet': False, 'no_print': False, 'cache_selected_only': False, 'which': 'run', 'rpc_method': 'run', 'indirect_selection': 'eager'}
[0m14:10:09.452676 [debug] [MainThread]: Tracking: tracking
[0m14:10:09.483880 [debug] [MainThread]: Sending event: {'category': 'dbt', 'action': 'invocation', 'label': 'start', 'context': [<snowplow_tracker.self_describing_json.SelfDescribingJson object at 0x7f384b455d90>, <snowplow_tracker.self_describing_json.SelfDescribingJson object at 0x7f384b455eb0>, <snowplow_tracker.self_describing_json.SelfDescribingJson object at 0x7f384b455a90>]}
[0m14:10:10.623374 [debug] [MainThread]: Partial parsing enabled: 0 files deleted, 0 files added, 0 files changed.
[0m14:10:10.625286 [debug] [MainThread]: Partial parsing enabled, no changes found, skipping parsing
[0m14:10:10.650862 [debug] [MainThread]: Sending event: {'category': 'dbt', 'action': 'load_project', 'label': 'a53e1753-e849-4ce4-b222-ebea30efd952', 'context': [<snowplow_tracker.self_describing_json.SelfDescribingJson object at 0x7f384b3a0f40>]}
[0m14:10:10.700395 [debug] [MainThread]: Sending event: {'category': 'dbt', 'action': 'resource_counts', 'label': 'a53e1753-e849-4ce4-b222-ebea30efd952', 'context': [<snowplow_tracker.self_describing_json.SelfDescribingJson object at 0x7f384b203df0>]}
[0m14:10:10.704949 [info ] [MainThread]: Found 14 models, 0 tests, 0 snapshots, 0 analyses, 658 macros, 0 operations, 3 seed files, 7 sources, 0 exposures, 0 metrics
[0m14:10:10.709822 [debug] [MainThread]: Sending event: {'category': 'dbt', 'action': 'runnable_timing', 'label': 'a53e1753-e849-4ce4-b222-ebea30efd952', 'context': [<snowplow_tracker.self_describing_json.SelfDescribingJson object at 0x7f384b203d00>]}
[0m14:10:10.718427 [info ] [MainThread]: 
[0m14:10:10.733842 [debug] [MainThread]: Acquiring new postgres connection 'master'
[0m14:10:10.742781 [debug] [ThreadPool]: Acquiring new postgres connection 'list_postgres'
[0m14:10:10.812869 [debug] [ThreadPool]: Using postgres connection "list_postgres"
[0m14:10:10.814910 [debug] [ThreadPool]: On list_postgres: /* {"app": "dbt", "dbt_version": "1.4.0", "profile_name": "jaffle_shop", "target_name": "dev", "connection_name": "list_postgres"} */

    select distinct nspname from pg_namespace
  
[0m14:10:10.822149 [debug] [ThreadPool]: Opening a new connection, currently in state init
[0m14:10:10.889802 [debug] [ThreadPool]: SQL status: SELECT 17 in 0 seconds
[0m14:10:10.905566 [debug] [ThreadPool]: On list_postgres: Close
[0m14:10:10.938470 [debug] [ThreadPool]: Acquiring new postgres connection 'list_postgres_dbt'
[0m14:10:10.990202 [debug] [ThreadPool]: Using postgres connection "list_postgres_dbt"
[0m14:10:10.994950 [debug] [ThreadPool]: On list_postgres_dbt: BEGIN
[0m14:10:10.996350 [debug] [ThreadPool]: Opening a new connection, currently in state closed
[0m14:10:11.049888 [debug] [ThreadPool]: SQL status: BEGIN in 0 seconds
[0m14:10:11.053038 [debug] [ThreadPool]: Using postgres connection "list_postgres_dbt"
[0m14:10:11.055482 [debug] [ThreadPool]: On list_postgres_dbt: /* {"app": "dbt", "dbt_version": "1.4.0", "profile_name": "jaffle_shop", "target_name": "dev", "connection_name": "list_postgres_dbt"} */
select
      'postgres' as database,
      tablename as name,
      schemaname as schema,
      'table' as type
    from pg_tables
    where schemaname ilike 'dbt'
    union all
    select
      'postgres' as database,
      viewname as name,
      schemaname as schema,
      'view' as type
    from pg_views
    where schemaname ilike 'dbt'
  
[0m14:10:11.080475 [debug] [ThreadPool]: SQL status: SELECT 16 in 0 seconds
[0m14:10:11.089511 [debug] [ThreadPool]: On list_postgres_dbt: ROLLBACK
[0m14:10:11.094124 [debug] [ThreadPool]: On list_postgres_dbt: Close
[0m14:10:11.126627 [debug] [MainThread]: Using postgres connection "master"
[0m14:10:11.129049 [debug] [MainThread]: On master: BEGIN
[0m14:10:11.130751 [debug] [MainThread]: Opening a new connection, currently in state init
[0m14:10:11.158735 [debug] [MainThread]: SQL status: BEGIN in 0 seconds
[0m14:10:11.161313 [debug] [MainThread]: Using postgres connection "master"
[0m14:10:11.167131 [debug] [MainThread]: On master: /* {"app": "dbt", "dbt_version": "1.4.0", "profile_name": "jaffle_shop", "target_name": "dev", "connection_name": "master"} */
with relation as (
        select
            pg_rewrite.ev_class as class,
            pg_rewrite.oid as id
        from pg_rewrite
    ),
    class as (
        select
            oid as id,
            relname as name,
            relnamespace as schema,
            relkind as kind
        from pg_class
    ),
    dependency as (
        select distinct
            pg_depend.objid as id,
            pg_depend.refobjid as ref
        from pg_depend
    ),
    schema as (
        select
            pg_namespace.oid as id,
            pg_namespace.nspname as name
        from pg_namespace
        where nspname != 'information_schema' and nspname not like 'pg\_%'
    ),
    referenced as (
        select
            relation.id AS id,
            referenced_class.name ,
            referenced_class.schema ,
            referenced_class.kind
        from relation
        join class as referenced_class on relation.class=referenced_class.id
        where referenced_class.kind in ('r', 'v')
    ),
    relationships as (
        select
            referenced.name as referenced_name,
            referenced.schema as referenced_schema_id,
            dependent_class.name as dependent_name,
            dependent_class.schema as dependent_schema_id,
            referenced.kind as kind
        from referenced
        join dependency on referenced.id=dependency.id
        join class as dependent_class on dependency.ref=dependent_class.id
        where
            (referenced.name != dependent_class.name or
             referenced.schema != dependent_class.schema)
    )

    select
        referenced_schema.name as referenced_schema,
        relationships.referenced_name as referenced_name,
        dependent_schema.name as dependent_schema,
        relationships.dependent_name as dependent_name
    from relationships
    join schema as dependent_schema on relationships.dependent_schema_id=dependent_schema.id
    join schema as referenced_schema on relationships.referenced_schema_id=referenced_schema.id
    group by referenced_schema, referenced_name, dependent_schema, dependent_name
    order by referenced_schema, referenced_name, dependent_schema, dependent_name;
[0m14:10:11.190954 [debug] [MainThread]: SQL status: SELECT 6 in 0 seconds
[0m14:10:11.200004 [debug] [MainThread]: Sending event: {'category': 'dbt', 'action': 'runnable_timing', 'label': 'a53e1753-e849-4ce4-b222-ebea30efd952', 'context': [<snowplow_tracker.self_describing_json.SelfDescribingJson object at 0x7f384cc565b0>]}
[0m14:10:11.202727 [debug] [MainThread]: On master: ROLLBACK
[0m14:10:11.208627 [debug] [MainThread]: Using postgres connection "master"
[0m14:10:11.212981 [debug] [MainThread]: On master: BEGIN
[0m14:10:11.221071 [debug] [MainThread]: SQL status: BEGIN in 0 seconds
[0m14:10:11.222726 [debug] [MainThread]: On master: COMMIT
[0m14:10:11.229016 [debug] [MainThread]: Using postgres connection "master"
[0m14:10:11.232421 [debug] [MainThread]: On master: COMMIT
[0m14:10:11.238794 [debug] [MainThread]: SQL status: COMMIT in 0 seconds
[0m14:10:11.243291 [debug] [MainThread]: On master: Close
[0m14:10:11.248739 [info ] [MainThread]: Concurrency: 1 threads (target='dev')
[0m14:10:11.256823 [info ] [MainThread]: 
[0m14:10:11.285977 [debug] [Thread-1  ]: Began running node model.jaffle_shop_dbtvault.as_of_date
[0m14:10:11.288434 [info ] [Thread-1  ]: 1 of 14 START sql table model dbt.as_of_date ................................... [RUN]
[0m14:10:11.300062 [debug] [Thread-1  ]: Acquiring new postgres connection 'model.jaffle_shop_dbtvault.as_of_date'
[0m14:10:11.302983 [debug] [Thread-1  ]: Began compiling node model.jaffle_shop_dbtvault.as_of_date
[0m14:10:11.447094 [debug] [Thread-1  ]: Using postgres connection "model.jaffle_shop_dbtvault.as_of_date"
[0m14:10:11.452355 [debug] [Thread-1  ]: On model.jaffle_shop_dbtvault.as_of_date: BEGIN
[0m14:10:11.457424 [debug] [Thread-1  ]: Opening a new connection, currently in state closed
[0m14:10:11.641483 [debug] [Thread-1  ]: SQL status: BEGIN in 0 seconds
[0m14:10:11.648622 [debug] [Thread-1  ]: Using postgres connection "model.jaffle_shop_dbtvault.as_of_date"
[0m14:10:11.656082 [debug] [Thread-1  ]: On model.jaffle_shop_dbtvault.as_of_date: /* {"app": "dbt", "dbt_version": "1.4.0", "profile_name": "jaffle_shop", "target_name": "dev", "node_id": "model.jaffle_shop_dbtvault.as_of_date"} */


        select 
        ((TO_DATE('2021/04/01', 'yyyy/mm/dd'))::date - (TO_DATE('2021/01/01', 'yyyy/mm/dd'))::date)
    
[0m14:10:11.666974 [debug] [Thread-1  ]: SQL status: SELECT 1 in 0 seconds
[0m14:10:11.752206 [debug] [Thread-1  ]: Writing injected SQL for node "model.jaffle_shop_dbtvault.as_of_date"
[0m14:10:11.768704 [debug] [Thread-1  ]: Timing info for model.jaffle_shop_dbtvault.as_of_date (compile): 2026-05-19 14:10:11.306194 => 2026-05-19 14:10:11.768369
[0m14:10:11.771776 [debug] [Thread-1  ]: Began executing node model.jaffle_shop_dbtvault.as_of_date
[0m14:10:11.878880 [debug] [Thread-1  ]: Writing runtime sql for node "model.jaffle_shop_dbtvault.as_of_date"
[0m14:10:11.885966 [debug] [Thread-1  ]: Using postgres connection "model.jaffle_shop_dbtvault.as_of_date"
[0m14:10:11.888687 [debug] [Thread-1  ]: On model.jaffle_shop_dbtvault.as_of_date: /* {"app": "dbt", "dbt_version": "1.4.0", "profile_name": "jaffle_shop", "target_name": "dev", "node_id": "model.jaffle_shop_dbtvault.as_of_date"} */

  
    

  create  table "postgres"."dbt"."as_of_date__dbt_tmp"
  as (
    WITH as_of_date AS (
    





with rawdata as (

    

    

    with p as (
        select 0 as generated_number union all select 1
    ), unioned as (

    select

    
    p0.generated_number * power(2, 0)
     + 
    
    p1.generated_number * power(2, 1)
     + 
    
    p2.generated_number * power(2, 2)
     + 
    
    p3.generated_number * power(2, 3)
     + 
    
    p4.generated_number * power(2, 4)
     + 
    
    p5.generated_number * power(2, 5)
     + 
    
    p6.generated_number * power(2, 6)
    
    
    + 1
    as generated_number

    from

    
    p as p0
     cross join 
    
    p as p1
     cross join 
    
    p as p2
     cross join 
    
    p as p3
     cross join 
    
    p as p4
     cross join 
    
    p as p5
     cross join 
    
    p as p6
    
    

    )

    select *
    from unioned
    where generated_number <= 90
    order by generated_number



),

all_periods as (

    select (
        

    TO_DATE('2021/01/01', 'yyyy/mm/dd') + ((interval '1 day') * (row_number() over (order by generated_number) - 1))


    ) as date_day
    from rawdata

),

filtered as (

    select *
    from all_periods
    where date_day <= TO_DATE('2021/04/01', 'yyyy/mm/dd')

)

select * from filtered


)

SELECT DATE_day as AS_OF_DATE FROM as_of_date
  );
  
[0m14:10:11.906329 [debug] [Thread-1  ]: SQL status: SELECT 90 in 0 seconds
[0m14:10:11.925632 [debug] [Thread-1  ]: Using postgres connection "model.jaffle_shop_dbtvault.as_of_date"
[0m14:10:11.927501 [debug] [Thread-1  ]: On model.jaffle_shop_dbtvault.as_of_date: /* {"app": "dbt", "dbt_version": "1.4.0", "profile_name": "jaffle_shop", "target_name": "dev", "node_id": "model.jaffle_shop_dbtvault.as_of_date"} */
alter table "postgres"."dbt"."as_of_date" rename to "as_of_date__dbt_backup"
[0m14:10:11.931767 [debug] [Thread-1  ]: SQL status: ALTER TABLE in 0 seconds
[0m14:10:11.943198 [debug] [Thread-1  ]: Using postgres connection "model.jaffle_shop_dbtvault.as_of_date"
[0m14:10:11.945206 [debug] [Thread-1  ]: On model.jaffle_shop_dbtvault.as_of_date: /* {"app": "dbt", "dbt_version": "1.4.0", "profile_name": "jaffle_shop", "target_name": "dev", "node_id": "model.jaffle_shop_dbtvault.as_of_date"} */
alter table "postgres"."dbt"."as_of_date__dbt_tmp" rename to "as_of_date"
[0m14:10:11.948137 [debug] [Thread-1  ]: SQL status: ALTER TABLE in 0 seconds
[0m14:10:12.002969 [debug] [Thread-1  ]: On model.jaffle_shop_dbtvault.as_of_date: COMMIT
[0m14:10:12.004818 [debug] [Thread-1  ]: Using postgres connection "model.jaffle_shop_dbtvault.as_of_date"
[0m14:10:12.008056 [debug] [Thread-1  ]: On model.jaffle_shop_dbtvault.as_of_date: COMMIT
[0m14:10:12.011845 [debug] [Thread-1  ]: SQL status: COMMIT in 0 seconds
[0m14:10:12.026409 [debug] [Thread-1  ]: Using postgres connection "model.jaffle_shop_dbtvault.as_of_date"
[0m14:10:12.028500 [debug] [Thread-1  ]: On model.jaffle_shop_dbtvault.as_of_date: /* {"app": "dbt", "dbt_version": "1.4.0", "profile_name": "jaffle_shop", "target_name": "dev", "node_id": "model.jaffle_shop_dbtvault.as_of_date"} */
drop table if exists "postgres"."dbt"."as_of_date__dbt_backup" cascade
[0m14:10:12.035402 [debug] [Thread-1  ]: SQL status: DROP TABLE in 0 seconds
[0m14:10:12.040564 [debug] [Thread-1  ]: Timing info for model.jaffle_shop_dbtvault.as_of_date (execute): 2026-05-19 14:10:11.776153 => 2026-05-19 14:10:12.040471
[0m14:10:12.042625 [debug] [Thread-1  ]: On model.jaffle_shop_dbtvault.as_of_date: Close
[0m14:10:12.045968 [debug] [Thread-1  ]: Sending event: {'category': 'dbt', 'action': 'run_model', 'label': 'a53e1753-e849-4ce4-b222-ebea30efd952', 'context': [<snowplow_tracker.self_describing_json.SelfDescribingJson object at 0x7f384b3a0970>]}
[0m14:10:12.049255 [info ] [Thread-1  ]: 1 of 14 OK created sql table model dbt.as_of_date .............................. [[32mSELECT 90[0m in 0.75s]
[0m14:10:12.055865 [debug] [Thread-1  ]: Finished running node model.jaffle_shop_dbtvault.as_of_date
[0m14:10:12.058288 [debug] [Thread-1  ]: Began running node model.jaffle_shop_dbtvault.stg_customers
[0m14:10:12.072795 [info ] [Thread-1  ]: 2 of 14 START sql view model dbt.stg_customers ................................. [RUN]
[0m14:10:12.078858 [debug] [Thread-1  ]: Acquiring new postgres connection 'model.jaffle_shop_dbtvault.stg_customers'
[0m14:10:12.084555 [debug] [Thread-1  ]: Began compiling node model.jaffle_shop_dbtvault.stg_customers
[0m14:10:12.241084 [debug] [Thread-1  ]: Using postgres connection "model.jaffle_shop_dbtvault.stg_customers"
[0m14:10:12.244738 [debug] [Thread-1  ]: On model.jaffle_shop_dbtvault.stg_customers: BEGIN
[0m14:10:12.249636 [debug] [Thread-1  ]: Opening a new connection, currently in state closed
[0m14:10:12.272877 [debug] [Thread-1  ]: SQL status: BEGIN in 0 seconds
[0m14:10:12.276402 [debug] [Thread-1  ]: Using postgres connection "model.jaffle_shop_dbtvault.stg_customers"
[0m14:10:12.280090 [debug] [Thread-1  ]: On model.jaffle_shop_dbtvault.stg_customers: /* {"app": "dbt", "dbt_version": "1.4.0", "profile_name": "jaffle_shop", "target_name": "dev", "node_id": "model.jaffle_shop_dbtvault.stg_customers"} */

      select
          column_name,
          data_type,
          character_maximum_length,
          numeric_precision,
          numeric_scale

      from "postgres".INFORMATION_SCHEMA.columns
      where table_name = 'source_customers'
        
        and table_schema = 'dbt'
        
      order by ordinal_position

  
[0m14:10:12.305598 [debug] [Thread-1  ]: SQL status: SELECT 4 in 0 seconds
[0m14:10:12.581465 [debug] [Thread-1  ]: Using postgres connection "model.jaffle_shop_dbtvault.stg_customers"
[0m14:10:12.583416 [debug] [Thread-1  ]: On model.jaffle_shop_dbtvault.stg_customers: /* {"app": "dbt", "dbt_version": "1.4.0", "profile_name": "jaffle_shop", "target_name": "dev", "node_id": "model.jaffle_shop_dbtvault.stg_customers"} */

      select
          column_name,
          data_type,
          character_maximum_length,
          numeric_precision,
          numeric_scale

      from "postgres".INFORMATION_SCHEMA.columns
      where table_name = 'source_customers'
        
        and table_schema = 'dbt'
        
      order by ordinal_position

  
[0m14:10:12.597261 [debug] [Thread-1  ]: SQL status: SELECT 4 in 0 seconds
[0m14:10:12.759014 [debug] [Thread-1  ]: Writing injected SQL for node "model.jaffle_shop_dbtvault.stg_customers"
[0m14:10:12.765133 [debug] [Thread-1  ]: Timing info for model.jaffle_shop_dbtvault.stg_customers (compile): 2026-05-19 14:10:12.090449 => 2026-05-19 14:10:12.764978
[0m14:10:12.769654 [debug] [Thread-1  ]: Began executing node model.jaffle_shop_dbtvault.stg_customers
[0m14:10:12.819272 [debug] [Thread-1  ]: Writing runtime sql for node "model.jaffle_shop_dbtvault.stg_customers"
[0m14:10:12.825077 [debug] [Thread-1  ]: Using postgres connection "model.jaffle_shop_dbtvault.stg_customers"
[0m14:10:12.826486 [debug] [Thread-1  ]: On model.jaffle_shop_dbtvault.stg_customers: /* {"app": "dbt", "dbt_version": "1.4.0", "profile_name": "jaffle_shop", "target_name": "dev", "node_id": "model.jaffle_shop_dbtvault.stg_customers"} */

  create view "postgres"."dbt"."stg_customers__dbt_tmp" as (
    





with staging as (
    -- Generated by AutomateDV (formerly known as dbtvault)

    

WITH source_data AS (

    SELECT

    id,
    first_name,
    last_name,
    email

    FROM "postgres"."dbt"."source_customers"
),

derived_columns AS (

    SELECT

    id,
    first_name,
    last_name,
    email,
    email AS CUSTOMER_KEY,
    'CSV_CUSTOMERS'::TEXT AS RECORD_SOURCE

    FROM source_data
),

hashed_columns AS (

    SELECT

    id,
    first_name,
    last_name,
    email,
    CUSTOMER_KEY,
    RECORD_SOURCE,

    DECODE(MD5(NULLIF(UPPER(TRIM(CAST(email AS VARCHAR))), '')), 'hex') AS CUSTOMER_PK,

    DECODE(MD5(CONCAT(
        COALESCE(NULLIF(UPPER(TRIM(CAST(first_name AS VARCHAR))), ''), '^^'), '||',
        COALESCE(NULLIF(UPPER(TRIM(CAST(id AS VARCHAR))), ''), '^^'), '||',
        COALESCE(NULLIF(UPPER(TRIM(CAST(last_name AS VARCHAR))), ''), '^^')
    )), 'hex') AS CUSTOMER_HASHDIFF

    FROM derived_columns
),

columns_to_select AS (

    SELECT

    id,
    first_name,
    last_name,
    email,
    CUSTOMER_KEY,
    RECORD_SOURCE,
    CUSTOMER_PK,
    CUSTOMER_HASHDIFF

    FROM hashed_columns
)

SELECT * FROM columns_to_select
)

select *, current_timestamp as LOAD_DATE,
    current_timestamp AS EFFECTIVE_FROM from staging
  );
[0m14:10:12.836124 [debug] [Thread-1  ]: SQL status: CREATE VIEW in 0 seconds
[0m14:10:12.844134 [debug] [Thread-1  ]: Using postgres connection "model.jaffle_shop_dbtvault.stg_customers"
[0m14:10:12.846005 [debug] [Thread-1  ]: On model.jaffle_shop_dbtvault.stg_customers: /* {"app": "dbt", "dbt_version": "1.4.0", "profile_name": "jaffle_shop", "target_name": "dev", "node_id": "model.jaffle_shop_dbtvault.stg_customers"} */
alter table "postgres"."dbt"."stg_customers" rename to "stg_customers__dbt_backup"
[0m14:10:12.848688 [debug] [Thread-1  ]: SQL status: ALTER TABLE in 0 seconds
[0m14:10:12.858553 [debug] [Thread-1  ]: Using postgres connection "model.jaffle_shop_dbtvault.stg_customers"
[0m14:10:12.860497 [debug] [Thread-1  ]: On model.jaffle_shop_dbtvault.stg_customers: /* {"app": "dbt", "dbt_version": "1.4.0", "profile_name": "jaffle_shop", "target_name": "dev", "node_id": "model.jaffle_shop_dbtvault.stg_customers"} */
alter table "postgres"."dbt"."stg_customers__dbt_tmp" rename to "stg_customers"
[0m14:10:12.864624 [debug] [Thread-1  ]: SQL status: ALTER TABLE in 0 seconds
[0m14:10:12.870621 [debug] [Thread-1  ]: On model.jaffle_shop_dbtvault.stg_customers: COMMIT
[0m14:10:12.871946 [debug] [Thread-1  ]: Using postgres connection "model.jaffle_shop_dbtvault.stg_customers"
[0m14:10:12.873663 [debug] [Thread-1  ]: On model.jaffle_shop_dbtvault.stg_customers: COMMIT
[0m14:10:12.878574 [debug] [Thread-1  ]: SQL status: COMMIT in 0 seconds
[0m14:10:12.885782 [debug] [Thread-1  ]: Using postgres connection "model.jaffle_shop_dbtvault.stg_customers"
[0m14:10:12.887483 [debug] [Thread-1  ]: On model.jaffle_shop_dbtvault.stg_customers: /* {"app": "dbt", "dbt_version": "1.4.0", "profile_name": "jaffle_shop", "target_name": "dev", "node_id": "model.jaffle_shop_dbtvault.stg_customers"} */
drop view if exists "postgres"."dbt"."stg_customers__dbt_backup" cascade
[0m14:10:12.896862 [debug] [Thread-1  ]: SQL status: DROP VIEW in 0 seconds
[0m14:10:12.901325 [debug] [Thread-1  ]: Timing info for model.jaffle_shop_dbtvault.stg_customers (execute): 2026-05-19 14:10:12.771831 => 2026-05-19 14:10:12.901241
[0m14:10:12.903639 [debug] [Thread-1  ]: On model.jaffle_shop_dbtvault.stg_customers: Close
[0m14:10:12.907213 [debug] [Thread-1  ]: Sending event: {'category': 'dbt', 'action': 'run_model', 'label': 'a53e1753-e849-4ce4-b222-ebea30efd952', 'context': [<snowplow_tracker.self_describing_json.SelfDescribingJson object at 0x7f384b3a0dc0>]}
[0m14:10:12.909284 [info ] [Thread-1  ]: 2 of 14 OK created sql view model dbt.stg_customers ............................ [[32mCREATE VIEW[0m in 0.83s]
[0m14:10:12.912096 [debug] [Thread-1  ]: Finished running node model.jaffle_shop_dbtvault.stg_customers
[0m14:10:12.915700 [debug] [Thread-1  ]: Began running node model.jaffle_shop_dbtvault.stg_customers_crm
[0m14:10:12.920227 [info ] [Thread-1  ]: 3 of 14 START sql view model dbt.stg_customers_crm ............................. [RUN]
[0m14:10:12.924931 [debug] [Thread-1  ]: Acquiring new postgres connection 'model.jaffle_shop_dbtvault.stg_customers_crm'
[0m14:10:12.932626 [debug] [Thread-1  ]: Began compiling node model.jaffle_shop_dbtvault.stg_customers_crm
[0m14:10:12.984562 [debug] [Thread-1  ]: Using postgres connection "model.jaffle_shop_dbtvault.stg_customers_crm"
[0m14:10:12.987881 [debug] [Thread-1  ]: On model.jaffle_shop_dbtvault.stg_customers_crm: BEGIN
[0m14:10:12.990924 [debug] [Thread-1  ]: Opening a new connection, currently in state closed
[0m14:10:13.016816 [debug] [Thread-1  ]: SQL status: BEGIN in 0 seconds
[0m14:10:13.019925 [debug] [Thread-1  ]: Using postgres connection "model.jaffle_shop_dbtvault.stg_customers_crm"
[0m14:10:13.028773 [debug] [Thread-1  ]: On model.jaffle_shop_dbtvault.stg_customers_crm: /* {"app": "dbt", "dbt_version": "1.4.0", "profile_name": "jaffle_shop", "target_name": "dev", "node_id": "model.jaffle_shop_dbtvault.stg_customers_crm"} */

      select
          column_name,
          data_type,
          character_maximum_length,
          numeric_precision,
          numeric_scale

      from "postgres".INFORMATION_SCHEMA.columns
      where table_name = 'source_customers_crm'
        
        and table_schema = 'dbt'
        
      order by ordinal_position

  
[0m14:10:13.066256 [debug] [Thread-1  ]: SQL status: SELECT 3 in 0 seconds
[0m14:10:13.095499 [debug] [Thread-1  ]: Using postgres connection "model.jaffle_shop_dbtvault.stg_customers_crm"
[0m14:10:13.098210 [debug] [Thread-1  ]: On model.jaffle_shop_dbtvault.stg_customers_crm: /* {"app": "dbt", "dbt_version": "1.4.0", "profile_name": "jaffle_shop", "target_name": "dev", "node_id": "model.jaffle_shop_dbtvault.stg_customers_crm"} */

      select
          column_name,
          data_type,
          character_maximum_length,
          numeric_precision,
          numeric_scale

      from "postgres".INFORMATION_SCHEMA.columns
      where table_name = 'source_customers_crm'
        
        and table_schema = 'dbt'
        
      order by ordinal_position

  
[0m14:10:13.107103 [debug] [Thread-1  ]: SQL status: SELECT 3 in 0 seconds
[0m14:10:13.132700 [debug] [Thread-1  ]: Writing injected SQL for node "model.jaffle_shop_dbtvault.stg_customers_crm"
[0m14:10:13.138468 [debug] [Thread-1  ]: Timing info for model.jaffle_shop_dbtvault.stg_customers_crm (compile): 2026-05-19 14:10:12.943566 => 2026-05-19 14:10:13.138310
[0m14:10:13.141914 [debug] [Thread-1  ]: Began executing node model.jaffle_shop_dbtvault.stg_customers_crm
[0m14:10:13.155443 [debug] [Thread-1  ]: Writing runtime sql for node "model.jaffle_shop_dbtvault.stg_customers_crm"
[0m14:10:13.162024 [debug] [Thread-1  ]: Using postgres connection "model.jaffle_shop_dbtvault.stg_customers_crm"
[0m14:10:13.164425 [debug] [Thread-1  ]: On model.jaffle_shop_dbtvault.stg_customers_crm: /* {"app": "dbt", "dbt_version": "1.4.0", "profile_name": "jaffle_shop", "target_name": "dev", "node_id": "model.jaffle_shop_dbtvault.stg_customers_crm"} */

  create view "postgres"."dbt"."stg_customers_crm__dbt_tmp" as (
    





with staging as (
    -- Generated by AutomateDV (formerly known as dbtvault)

    

WITH source_data AS (

    SELECT

    email,
    country,
    age

    FROM "postgres"."dbt"."source_customers_crm"
),

derived_columns AS (

    SELECT

    email,
    country,
    age,
    email AS CUSTOMER_KEY,
    'CSV_CUSTOMERS'::TEXT AS RECORD_SOURCE

    FROM source_data
),

hashed_columns AS (

    SELECT

    email,
    country,
    age,
    CUSTOMER_KEY,
    RECORD_SOURCE,

    DECODE(MD5(NULLIF(UPPER(TRIM(CAST(email AS VARCHAR))), '')), 'hex') AS CUSTOMER_PK,

    DECODE(MD5(CONCAT(
        COALESCE(NULLIF(UPPER(TRIM(CAST(age AS VARCHAR))), ''), '^^'), '||',
        COALESCE(NULLIF(UPPER(TRIM(CAST(country AS VARCHAR))), ''), '^^')
    )), 'hex') AS CUSTOMER_HASHDIFF

    FROM derived_columns
),

columns_to_select AS (

    SELECT

    email,
    country,
    age,
    CUSTOMER_KEY,
    RECORD_SOURCE,
    CUSTOMER_PK,
    CUSTOMER_HASHDIFF

    FROM hashed_columns
)

SELECT * FROM columns_to_select
)

select *, current_timestamp as LOAD_DATE,
    current_timestamp AS EFFECTIVE_FROM from staging
  );
[0m14:10:13.171657 [debug] [Thread-1  ]: SQL status: CREATE VIEW in 0 seconds
[0m14:10:13.181423 [debug] [Thread-1  ]: Using postgres connection "model.jaffle_shop_dbtvault.stg_customers_crm"
[0m14:10:13.183529 [debug] [Thread-1  ]: On model.jaffle_shop_dbtvault.stg_customers_crm: /* {"app": "dbt", "dbt_version": "1.4.0", "profile_name": "jaffle_shop", "target_name": "dev", "node_id": "model.jaffle_shop_dbtvault.stg_customers_crm"} */
alter table "postgres"."dbt"."stg_customers_crm" rename to "stg_customers_crm__dbt_backup"
[0m14:10:13.187595 [debug] [Thread-1  ]: SQL status: ALTER TABLE in 0 seconds
[0m14:10:13.198070 [debug] [Thread-1  ]: Using postgres connection "model.jaffle_shop_dbtvault.stg_customers_crm"
[0m14:10:13.199793 [debug] [Thread-1  ]: On model.jaffle_shop_dbtvault.stg_customers_crm: /* {"app": "dbt", "dbt_version": "1.4.0", "profile_name": "jaffle_shop", "target_name": "dev", "node_id": "model.jaffle_shop_dbtvault.stg_customers_crm"} */
alter table "postgres"."dbt"."stg_customers_crm__dbt_tmp" rename to "stg_customers_crm"
[0m14:10:13.204521 [debug] [Thread-1  ]: SQL status: ALTER TABLE in 0 seconds
[0m14:10:13.212369 [debug] [Thread-1  ]: On model.jaffle_shop_dbtvault.stg_customers_crm: COMMIT
[0m14:10:13.214038 [debug] [Thread-1  ]: Using postgres connection "model.jaffle_shop_dbtvault.stg_customers_crm"
[0m14:10:13.217758 [debug] [Thread-1  ]: On model.jaffle_shop_dbtvault.stg_customers_crm: COMMIT
[0m14:10:13.222790 [debug] [Thread-1  ]: SQL status: COMMIT in 0 seconds
[0m14:10:13.230071 [debug] [Thread-1  ]: Using postgres connection "model.jaffle_shop_dbtvault.stg_customers_crm"
[0m14:10:13.232446 [debug] [Thread-1  ]: On model.jaffle_shop_dbtvault.stg_customers_crm: /* {"app": "dbt", "dbt_version": "1.4.0", "profile_name": "jaffle_shop", "target_name": "dev", "node_id": "model.jaffle_shop_dbtvault.stg_customers_crm"} */
drop view if exists "postgres"."dbt"."stg_customers_crm__dbt_backup" cascade
[0m14:10:13.240098 [debug] [Thread-1  ]: SQL status: DROP VIEW in 0 seconds
[0m14:10:13.244480 [debug] [Thread-1  ]: Timing info for model.jaffle_shop_dbtvault.stg_customers_crm (execute): 2026-05-19 14:10:13.143785 => 2026-05-19 14:10:13.244354
[0m14:10:13.246911 [debug] [Thread-1  ]: On model.jaffle_shop_dbtvault.stg_customers_crm: Close
[0m14:10:13.251590 [debug] [Thread-1  ]: Sending event: {'category': 'dbt', 'action': 'run_model', 'label': 'a53e1753-e849-4ce4-b222-ebea30efd952', 'context': [<snowplow_tracker.self_describing_json.SelfDescribingJson object at 0x7f384b3a0b50>]}
[0m14:10:13.254013 [info ] [Thread-1  ]: 3 of 14 OK created sql view model dbt.stg_customers_crm ........................ [[32mCREATE VIEW[0m in 0.33s]
[0m14:10:13.257584 [debug] [Thread-1  ]: Finished running node model.jaffle_shop_dbtvault.stg_customers_crm
[0m14:10:13.260102 [debug] [Thread-1  ]: Began running node model.jaffle_shop_dbtvault.stg_orders
[0m14:10:13.263006 [info ] [Thread-1  ]: 4 of 14 START sql view model dbt.stg_orders .................................... [RUN]
[0m14:10:13.272464 [debug] [Thread-1  ]: Acquiring new postgres connection 'model.jaffle_shop_dbtvault.stg_orders'
[0m14:10:13.274316 [debug] [Thread-1  ]: Began compiling node model.jaffle_shop_dbtvault.stg_orders
[0m14:10:13.303009 [debug] [Thread-1  ]: Using postgres connection "model.jaffle_shop_dbtvault.stg_orders"
[0m14:10:13.305482 [debug] [Thread-1  ]: On model.jaffle_shop_dbtvault.stg_orders: BEGIN
[0m14:10:13.311009 [debug] [Thread-1  ]: Opening a new connection, currently in state closed
[0m14:10:13.343082 [debug] [Thread-1  ]: SQL status: BEGIN in 0 seconds
[0m14:10:13.347134 [debug] [Thread-1  ]: Using postgres connection "model.jaffle_shop_dbtvault.stg_orders"
[0m14:10:13.351110 [debug] [Thread-1  ]: On model.jaffle_shop_dbtvault.stg_orders: /* {"app": "dbt", "dbt_version": "1.4.0", "profile_name": "jaffle_shop", "target_name": "dev", "node_id": "model.jaffle_shop_dbtvault.stg_orders"} */

      select
          column_name,
          data_type,
          character_maximum_length,
          numeric_precision,
          numeric_scale

      from "postgres".INFORMATION_SCHEMA.columns
      where table_name = 'source_orders'
        
        and table_schema = 'dbt'
        
      order by ordinal_position

  
[0m14:10:13.385665 [debug] [Thread-1  ]: SQL status: SELECT 4 in 0 seconds
[0m14:10:13.415129 [debug] [Thread-1  ]: Using postgres connection "model.jaffle_shop_dbtvault.stg_orders"
[0m14:10:13.417938 [debug] [Thread-1  ]: On model.jaffle_shop_dbtvault.stg_orders: /* {"app": "dbt", "dbt_version": "1.4.0", "profile_name": "jaffle_shop", "target_name": "dev", "node_id": "model.jaffle_shop_dbtvault.stg_orders"} */

      select
          column_name,
          data_type,
          character_maximum_length,
          numeric_precision,
          numeric_scale

      from "postgres".INFORMATION_SCHEMA.columns
      where table_name = 'source_orders'
        
        and table_schema = 'dbt'
        
      order by ordinal_position

  
[0m14:10:13.436234 [debug] [Thread-1  ]: SQL status: SELECT 4 in 0 seconds
[0m14:10:13.479063 [debug] [Thread-1  ]: Writing injected SQL for node "model.jaffle_shop_dbtvault.stg_orders"
[0m14:10:13.487511 [debug] [Thread-1  ]: Timing info for model.jaffle_shop_dbtvault.stg_orders (compile): 2026-05-19 14:10:13.276473 => 2026-05-19 14:10:13.487223
[0m14:10:13.489634 [debug] [Thread-1  ]: Began executing node model.jaffle_shop_dbtvault.stg_orders
[0m14:10:13.501382 [debug] [Thread-1  ]: Writing runtime sql for node "model.jaffle_shop_dbtvault.stg_orders"
[0m14:10:13.506654 [debug] [Thread-1  ]: Using postgres connection "model.jaffle_shop_dbtvault.stg_orders"
[0m14:10:13.513129 [debug] [Thread-1  ]: On model.jaffle_shop_dbtvault.stg_orders: /* {"app": "dbt", "dbt_version": "1.4.0", "profile_name": "jaffle_shop", "target_name": "dev", "node_id": "model.jaffle_shop_dbtvault.stg_orders"} */

  create view "postgres"."dbt"."stg_orders__dbt_tmp" as (
    








WITH staging AS (
-- Generated by AutomateDV (formerly known as dbtvault)

    

WITH source_data AS (

    SELECT

    id,
    user_id,
    order_date,
    status

    FROM "postgres"."dbt"."source_orders"
),

derived_columns AS (

    SELECT

    id,
    user_id,
    order_date,
    status,
    id AS ORDER_KEY,
    'CSV_ORDERS'::TEXT AS RECORD_SOURCE

    FROM source_data
),

hashed_columns AS (

    SELECT

    id,
    user_id,
    order_date,
    status,
    ORDER_KEY,
    RECORD_SOURCE,

    DECODE(MD5(NULLIF(UPPER(TRIM(CAST(id AS VARCHAR))), '')), 'hex') AS ORDER_PK,

    DECODE(MD5(CONCAT(
        COALESCE(NULLIF(UPPER(TRIM(CAST(order_date AS VARCHAR))), ''), '^^'), '||',
        COALESCE(NULLIF(UPPER(TRIM(CAST(status AS VARCHAR))), ''), '^^')
    )), 'hex') AS ORDER_HASHDIFF

    FROM derived_columns
),

columns_to_select AS (

    SELECT

    id,
    user_id,
    order_date,
    status,
    ORDER_KEY,
    RECORD_SOURCE,
    ORDER_PK,
    ORDER_HASHDIFF

    FROM hashed_columns
)

SELECT * FROM columns_to_select
)

SELECT *,
    current_timestamp AS LOAD_DATE,
    current_timestamp AS EFFECTIVE_FROM
FROM staging
  );
[0m14:10:13.525280 [debug] [Thread-1  ]: SQL status: CREATE VIEW in 0 seconds
[0m14:10:13.538530 [debug] [Thread-1  ]: Using postgres connection "model.jaffle_shop_dbtvault.stg_orders"
[0m14:10:13.540347 [debug] [Thread-1  ]: On model.jaffle_shop_dbtvault.stg_orders: /* {"app": "dbt", "dbt_version": "1.4.0", "profile_name": "jaffle_shop", "target_name": "dev", "node_id": "model.jaffle_shop_dbtvault.stg_orders"} */
alter table "postgres"."dbt"."stg_orders" rename to "stg_orders__dbt_backup"
[0m14:10:13.545838 [debug] [Thread-1  ]: SQL status: ALTER TABLE in 0 seconds
[0m14:10:13.567102 [debug] [Thread-1  ]: Using postgres connection "model.jaffle_shop_dbtvault.stg_orders"
[0m14:10:13.569755 [debug] [Thread-1  ]: On model.jaffle_shop_dbtvault.stg_orders: /* {"app": "dbt", "dbt_version": "1.4.0", "profile_name": "jaffle_shop", "target_name": "dev", "node_id": "model.jaffle_shop_dbtvault.stg_orders"} */
alter table "postgres"."dbt"."stg_orders__dbt_tmp" rename to "stg_orders"
[0m14:10:13.576564 [debug] [Thread-1  ]: SQL status: ALTER TABLE in 0 seconds
[0m14:10:13.644434 [debug] [Thread-1  ]: On model.jaffle_shop_dbtvault.stg_orders: COMMIT
[0m14:10:13.672607 [debug] [Thread-1  ]: Using postgres connection "model.jaffle_shop_dbtvault.stg_orders"
[0m14:10:13.675889 [debug] [Thread-1  ]: On model.jaffle_shop_dbtvault.stg_orders: COMMIT
[0m14:10:13.682351 [debug] [Thread-1  ]: SQL status: COMMIT in 0 seconds
[0m14:10:13.690395 [debug] [Thread-1  ]: Using postgres connection "model.jaffle_shop_dbtvault.stg_orders"
[0m14:10:13.708429 [debug] [Thread-1  ]: On model.jaffle_shop_dbtvault.stg_orders: /* {"app": "dbt", "dbt_version": "1.4.0", "profile_name": "jaffle_shop", "target_name": "dev", "node_id": "model.jaffle_shop_dbtvault.stg_orders"} */
drop view if exists "postgres"."dbt"."stg_orders__dbt_backup" cascade
[0m14:10:13.716863 [debug] [Thread-1  ]: SQL status: DROP VIEW in 0 seconds
[0m14:10:13.720042 [debug] [Thread-1  ]: Timing info for model.jaffle_shop_dbtvault.stg_orders (execute): 2026-05-19 14:10:13.491588 => 2026-05-19 14:10:13.719963
[0m14:10:13.722723 [debug] [Thread-1  ]: On model.jaffle_shop_dbtvault.stg_orders: Close
[0m14:10:13.725337 [debug] [Thread-1  ]: Sending event: {'category': 'dbt', 'action': 'run_model', 'label': 'a53e1753-e849-4ce4-b222-ebea30efd952', 'context': [<snowplow_tracker.self_describing_json.SelfDescribingJson object at 0x7f3848e950a0>]}
[0m14:10:13.728570 [info ] [Thread-1  ]: 4 of 14 OK created sql view model dbt.stg_orders ............................... [[32mCREATE VIEW[0m in 0.45s]
[0m14:10:13.734038 [debug] [Thread-1  ]: Finished running node model.jaffle_shop_dbtvault.stg_orders
[0m14:10:13.735569 [debug] [Thread-1  ]: Began running node model.jaffle_shop_dbtvault.sat_customer
[0m14:10:13.738154 [info ] [Thread-1  ]: 5 of 14 START sql incremental model dbt.sat_customer ........................... [RUN]
[0m14:10:13.741197 [debug] [Thread-1  ]: Acquiring new postgres connection 'model.jaffle_shop_dbtvault.sat_customer'
[0m14:10:13.742562 [debug] [Thread-1  ]: Began compiling node model.jaffle_shop_dbtvault.sat_customer
[0m14:10:14.107362 [debug] [Thread-1  ]: Writing injected SQL for node "model.jaffle_shop_dbtvault.sat_customer"
[0m14:10:14.116882 [debug] [Thread-1  ]: Timing info for model.jaffle_shop_dbtvault.sat_customer (compile): 2026-05-19 14:10:13.744923 => 2026-05-19 14:10:14.116718
[0m14:10:14.120374 [debug] [Thread-1  ]: Began executing node model.jaffle_shop_dbtvault.sat_customer
[0m14:10:14.192701 [debug] [Thread-1  ]: Using postgres connection "model.jaffle_shop_dbtvault.sat_customer"
[0m14:10:14.194284 [debug] [Thread-1  ]: On model.jaffle_shop_dbtvault.sat_customer: /* {"app": "dbt", "dbt_version": "1.4.0", "profile_name": "jaffle_shop", "target_name": "dev", "node_id": "model.jaffle_shop_dbtvault.sat_customer"} */

    
  
    

  create temporary table "sat_customer__dbt_tmp141014177757"
  as (
    -- Generated by AutomateDV (formerly known as dbtvault)

    

WITH source_data AS (
    SELECT a.CUSTOMER_PK, a.CUSTOMER_HASHDIFF, a.first_name, a.last_name, a.id, a.EFFECTIVE_FROM, a.LOAD_DATE, a.RECORD_SOURCE
    FROM "postgres"."dbt"."stg_customers" AS a
    WHERE a.CUSTOMER_PK IS NOT NULL
),

latest_records AS (
    SELECT b.CUSTOMER_PK, b.CUSTOMER_HASHDIFF, b.first_name, b.last_name, b.id, b.EFFECTIVE_FROM, b.LOAD_DATE, b.RECORD_SOURCE
    FROM (
        SELECT current_records.CUSTOMER_PK, current_records.CUSTOMER_HASHDIFF, current_records.first_name, current_records.last_name, current_records.id, current_records.EFFECTIVE_FROM, current_records.LOAD_DATE, current_records.RECORD_SOURCE,
            RANK() OVER (
               PARTITION BY current_records.CUSTOMER_PK
               ORDER BY current_records.LOAD_DATE DESC
            ) AS rank
        FROM "postgres"."dbt"."sat_customer" AS current_records
            JOIN (
                SELECT DISTINCT source_data.CUSTOMER_PK
                FROM source_data
            ) AS source_records
                ON source_records.CUSTOMER_PK = current_records.CUSTOMER_PK
    ) AS b
    WHERE b.rank = 1
),

first_record_in_set AS (
    SELECT * FROM (
        SELECT
        sd.CUSTOMER_PK, sd.CUSTOMER_HASHDIFF, sd.first_name, sd.last_name, sd.id, sd.EFFECTIVE_FROM, sd.LOAD_DATE, sd.RECORD_SOURCE,
        RANK() OVER (
                PARTITION BY sd.CUSTOMER_PK
                ORDER BY sd.LOAD_DATE ASC
            ) as asc_rank
        FROM source_data as sd
    ) AS rin
    WHERE rin.asc_rank = 1
),

unique_source_records AS (
    SELECT
        b.CUSTOMER_PK, b.CUSTOMER_HASHDIFF, b.first_name, b.last_name, b.id, b.EFFECTIVE_FROM, b.LOAD_DATE, b.RECORD_SOURCE
    FROM (
        SELECT DISTINCT
            sd.CUSTOMER_PK, sd.CUSTOMER_HASHDIFF, sd.first_name, sd.last_name, sd.id, sd.EFFECTIVE_FROM, sd.LOAD_DATE, sd.RECORD_SOURCE,
            LAG(sd.CUSTOMER_HASHDIFF) OVER (
                PARTITION BY sd.CUSTOMER_PK
                ORDER BY sd.LOAD_DATE ASC) as prev_hashdiff
        FROM source_data as sd
        ) AS b
    WHERE b.CUSTOMER_HASHDIFF != b.prev_hashdiff
),

records_to_insert AS (
        SELECT frin.CUSTOMER_PK, frin.CUSTOMER_HASHDIFF, frin.first_name, frin.last_name, frin.id, frin.EFFECTIVE_FROM, frin.LOAD_DATE, frin.RECORD_SOURCE
        FROM first_record_in_set AS frin
        LEFT JOIN LATEST_RECORDS lr
            ON lr.CUSTOMER_PK = frin.CUSTOMER_PK
            AND lr.CUSTOMER_HASHDIFF = frin.CUSTOMER_HASHDIFF
            WHERE lr.CUSTOMER_HASHDIFF IS NULL
        UNION
        SELECT usr.CUSTOMER_PK, usr.CUSTOMER_HASHDIFF, usr.first_name, usr.last_name, usr.id, usr.EFFECTIVE_FROM, usr.LOAD_DATE, usr.RECORD_SOURCE
        FROM unique_source_records as usr
)

SELECT * FROM records_to_insert
  );
  
  
[0m14:10:14.197187 [debug] [Thread-1  ]: Opening a new connection, currently in state closed
[0m14:10:14.229314 [debug] [Thread-1  ]: SQL status: SELECT 0 in 0 seconds
[0m14:10:14.238446 [debug] [Thread-1  ]: Using postgres connection "model.jaffle_shop_dbtvault.sat_customer"
[0m14:10:14.240700 [debug] [Thread-1  ]: On model.jaffle_shop_dbtvault.sat_customer: BEGIN
[0m14:10:14.242906 [debug] [Thread-1  ]: SQL status: BEGIN in 0 seconds
[0m14:10:14.245687 [debug] [Thread-1  ]: Using postgres connection "model.jaffle_shop_dbtvault.sat_customer"
[0m14:10:14.247004 [debug] [Thread-1  ]: On model.jaffle_shop_dbtvault.sat_customer: /* {"app": "dbt", "dbt_version": "1.4.0", "profile_name": "jaffle_shop", "target_name": "dev", "node_id": "model.jaffle_shop_dbtvault.sat_customer"} */

      select
          column_name,
          data_type,
          character_maximum_length,
          numeric_precision,
          numeric_scale

      from INFORMATION_SCHEMA.columns
      where table_name = 'sat_customer__dbt_tmp141014177757'
        
      order by ordinal_position

  
[0m14:10:14.267481 [debug] [Thread-1  ]: SQL status: SELECT 8 in 0 seconds
[0m14:10:14.277522 [debug] [Thread-1  ]: Using postgres connection "model.jaffle_shop_dbtvault.sat_customer"
[0m14:10:14.279638 [debug] [Thread-1  ]: On model.jaffle_shop_dbtvault.sat_customer: /* {"app": "dbt", "dbt_version": "1.4.0", "profile_name": "jaffle_shop", "target_name": "dev", "node_id": "model.jaffle_shop_dbtvault.sat_customer"} */

      select
          column_name,
          data_type,
          character_maximum_length,
          numeric_precision,
          numeric_scale

      from "postgres".INFORMATION_SCHEMA.columns
      where table_name = 'sat_customer'
        
        and table_schema = 'dbt'
        
      order by ordinal_position

  
[0m14:10:14.288433 [debug] [Thread-1  ]: SQL status: SELECT 8 in 0 seconds
[0m14:10:14.309967 [debug] [Thread-1  ]: Using postgres connection "model.jaffle_shop_dbtvault.sat_customer"
[0m14:10:14.311498 [debug] [Thread-1  ]: On model.jaffle_shop_dbtvault.sat_customer: /* {"app": "dbt", "dbt_version": "1.4.0", "profile_name": "jaffle_shop", "target_name": "dev", "node_id": "model.jaffle_shop_dbtvault.sat_customer"} */

      select
          column_name,
          data_type,
          character_maximum_length,
          numeric_precision,
          numeric_scale

      from "postgres".INFORMATION_SCHEMA.columns
      where table_name = 'sat_customer'
        
        and table_schema = 'dbt'
        
      order by ordinal_position

  
[0m14:10:14.319429 [debug] [Thread-1  ]: SQL status: SELECT 8 in 0 seconds
[0m14:10:14.351440 [debug] [Thread-1  ]: Writing runtime sql for node "model.jaffle_shop_dbtvault.sat_customer"
[0m14:10:14.358550 [debug] [Thread-1  ]: Using postgres connection "model.jaffle_shop_dbtvault.sat_customer"
[0m14:10:14.360777 [debug] [Thread-1  ]: On model.jaffle_shop_dbtvault.sat_customer: /* {"app": "dbt", "dbt_version": "1.4.0", "profile_name": "jaffle_shop", "target_name": "dev", "node_id": "model.jaffle_shop_dbtvault.sat_customer"} */

      insert into "postgres"."dbt"."sat_customer" ("customer_pk", "customer_hashdiff", "first_name", "last_name", "id", "effective_from", "load_date", "record_source")
    (
        select "customer_pk", "customer_hashdiff", "first_name", "last_name", "id", "effective_from", "load_date", "record_source"
        from "sat_customer__dbt_tmp141014177757"
    )


  
[0m14:10:14.363356 [debug] [Thread-1  ]: SQL status: INSERT 0 0 in 0 seconds
[0m14:10:14.368537 [debug] [Thread-1  ]: On model.jaffle_shop_dbtvault.sat_customer: COMMIT
[0m14:10:14.370574 [debug] [Thread-1  ]: Using postgres connection "model.jaffle_shop_dbtvault.sat_customer"
[0m14:10:14.372787 [debug] [Thread-1  ]: On model.jaffle_shop_dbtvault.sat_customer: COMMIT
[0m14:10:14.377217 [debug] [Thread-1  ]: SQL status: COMMIT in 0 seconds
[0m14:10:14.379343 [debug] [Thread-1  ]: Timing info for model.jaffle_shop_dbtvault.sat_customer (execute): 2026-05-19 14:10:14.123610 => 2026-05-19 14:10:14.379254
[0m14:10:14.381249 [debug] [Thread-1  ]: On model.jaffle_shop_dbtvault.sat_customer: Close
[0m14:10:14.384504 [debug] [Thread-1  ]: Sending event: {'category': 'dbt', 'action': 'run_model', 'label': 'a53e1753-e849-4ce4-b222-ebea30efd952', 'context': [<snowplow_tracker.self_describing_json.SelfDescribingJson object at 0x7f3848e2d9d0>]}
[0m14:10:14.387461 [info ] [Thread-1  ]: 5 of 14 OK created sql incremental model dbt.sat_customer ...................... [[32mINSERT 0 0[0m in 0.64s]
[0m14:10:14.391823 [debug] [Thread-1  ]: Finished running node model.jaffle_shop_dbtvault.sat_customer
[0m14:10:14.394313 [debug] [Thread-1  ]: Began running node model.jaffle_shop_dbtvault.hub_customer
[0m14:10:14.396377 [info ] [Thread-1  ]: 6 of 14 START sql incremental model dbt.hub_customer ........................... [RUN]
[0m14:10:14.400268 [debug] [Thread-1  ]: Acquiring new postgres connection 'model.jaffle_shop_dbtvault.hub_customer'
[0m14:10:14.402013 [debug] [Thread-1  ]: Began compiling node model.jaffle_shop_dbtvault.hub_customer
[0m14:10:14.542676 [info ] [Thread-1  ]: 14:10:14 + Loading postgres.dbt.hub_customer from 2 source(s)
[0m14:10:14.654736 [debug] [Thread-1  ]: Writing injected SQL for node "model.jaffle_shop_dbtvault.hub_customer"
[0m14:10:14.667485 [debug] [Thread-1  ]: Timing info for model.jaffle_shop_dbtvault.hub_customer (compile): 2026-05-19 14:10:14.408743 => 2026-05-19 14:10:14.667184
[0m14:10:14.676765 [debug] [Thread-1  ]: Began executing node model.jaffle_shop_dbtvault.hub_customer
[0m14:10:14.712534 [debug] [Thread-1  ]: Using postgres connection "model.jaffle_shop_dbtvault.hub_customer"
[0m14:10:14.713894 [debug] [Thread-1  ]: On model.jaffle_shop_dbtvault.hub_customer: /* {"app": "dbt", "dbt_version": "1.4.0", "profile_name": "jaffle_shop", "target_name": "dev", "node_id": "model.jaffle_shop_dbtvault.hub_customer"} */

    
  
    

  create temporary table "hub_customer__dbt_tmp141014696229"
  as (
    








    -- Generated by AutomateDV (formerly known as dbtvault)

    

WITH row_rank_1 AS (
    SELECT DISTINCT ON (rr.CUSTOMER_PK) rr.CUSTOMER_PK, rr.CUSTOMER_KEY, rr.LOAD_DATE, rr.RECORD_SOURCE
    FROM "postgres"."dbt"."stg_customers" AS rr
    WHERE rr.CUSTOMER_PK IS NOT NULL
    ORDER BY rr.CUSTOMER_PK, rr.LOAD_DATE
),

row_rank_2 AS (
    SELECT DISTINCT ON (rr.CUSTOMER_PK) rr.CUSTOMER_PK, rr.CUSTOMER_KEY, rr.LOAD_DATE, rr.RECORD_SOURCE
    FROM "postgres"."dbt"."stg_customers_crm" AS rr
    WHERE rr.CUSTOMER_PK IS NOT NULL
    ORDER BY rr.CUSTOMER_PK, rr.LOAD_DATE
),

stage_union AS (
    SELECT * FROM row_rank_1
    UNION ALL
    SELECT * FROM row_rank_2
),

row_rank_union AS (SELECT DISTINCT ON (ru.CUSTOMER_PK) ru.*
    FROM stage_union AS ru
    WHERE ru.CUSTOMER_PK IS NOT NULL
    ORDER BY ru.CUSTOMER_PK, ru.LOAD_DATE, ru.RECORD_SOURCE ASC
),

records_to_insert AS (
    SELECT a.CUSTOMER_PK, a.CUSTOMER_KEY, a.LOAD_DATE, a.RECORD_SOURCE
    FROM row_rank_union AS a
    LEFT JOIN "postgres"."dbt"."hub_customer" AS d
    ON a.CUSTOMER_PK = d.CUSTOMER_PK
    WHERE d.CUSTOMER_PK IS NULL
)

SELECT * FROM records_to_insert
  );
  
  
[0m14:10:14.718949 [debug] [Thread-1  ]: Opening a new connection, currently in state closed
[0m14:10:14.770777 [debug] [Thread-1  ]: SQL status: SELECT 0 in 0 seconds
[0m14:10:14.780071 [debug] [Thread-1  ]: Using postgres connection "model.jaffle_shop_dbtvault.hub_customer"
[0m14:10:14.782741 [debug] [Thread-1  ]: On model.jaffle_shop_dbtvault.hub_customer: BEGIN
[0m14:10:14.786120 [debug] [Thread-1  ]: SQL status: BEGIN in 0 seconds
[0m14:10:14.788259 [debug] [Thread-1  ]: Using postgres connection "model.jaffle_shop_dbtvault.hub_customer"
[0m14:10:14.791029 [debug] [Thread-1  ]: On model.jaffle_shop_dbtvault.hub_customer: /* {"app": "dbt", "dbt_version": "1.4.0", "profile_name": "jaffle_shop", "target_name": "dev", "node_id": "model.jaffle_shop_dbtvault.hub_customer"} */

      select
          column_name,
          data_type,
          character_maximum_length,
          numeric_precision,
          numeric_scale

      from INFORMATION_SCHEMA.columns
      where table_name = 'hub_customer__dbt_tmp141014696229'
        
      order by ordinal_position

  
[0m14:10:14.801753 [debug] [Thread-1  ]: SQL status: SELECT 4 in 0 seconds
[0m14:10:14.809806 [debug] [Thread-1  ]: Using postgres connection "model.jaffle_shop_dbtvault.hub_customer"
[0m14:10:14.811362 [debug] [Thread-1  ]: On model.jaffle_shop_dbtvault.hub_customer: /* {"app": "dbt", "dbt_version": "1.4.0", "profile_name": "jaffle_shop", "target_name": "dev", "node_id": "model.jaffle_shop_dbtvault.hub_customer"} */

      select
          column_name,
          data_type,
          character_maximum_length,
          numeric_precision,
          numeric_scale

      from "postgres".INFORMATION_SCHEMA.columns
      where table_name = 'hub_customer'
        
        and table_schema = 'dbt'
        
      order by ordinal_position

  
[0m14:10:14.818639 [debug] [Thread-1  ]: SQL status: SELECT 4 in 0 seconds
[0m14:10:14.831068 [debug] [Thread-1  ]: Using postgres connection "model.jaffle_shop_dbtvault.hub_customer"
[0m14:10:14.832982 [debug] [Thread-1  ]: On model.jaffle_shop_dbtvault.hub_customer: /* {"app": "dbt", "dbt_version": "1.4.0", "profile_name": "jaffle_shop", "target_name": "dev", "node_id": "model.jaffle_shop_dbtvault.hub_customer"} */

      select
          column_name,
          data_type,
          character_maximum_length,
          numeric_precision,
          numeric_scale

      from "postgres".INFORMATION_SCHEMA.columns
      where table_name = 'hub_customer'
        
        and table_schema = 'dbt'
        
      order by ordinal_position

  
[0m14:10:14.839423 [debug] [Thread-1  ]: SQL status: SELECT 4 in 0 seconds
[0m14:10:14.845902 [debug] [Thread-1  ]: Writing runtime sql for node "model.jaffle_shop_dbtvault.hub_customer"
[0m14:10:14.851737 [debug] [Thread-1  ]: Using postgres connection "model.jaffle_shop_dbtvault.hub_customer"
[0m14:10:14.854431 [debug] [Thread-1  ]: On model.jaffle_shop_dbtvault.hub_customer: /* {"app": "dbt", "dbt_version": "1.4.0", "profile_name": "jaffle_shop", "target_name": "dev", "node_id": "model.jaffle_shop_dbtvault.hub_customer"} */

      insert into "postgres"."dbt"."hub_customer" ("customer_pk", "customer_key", "load_date", "record_source")
    (
        select "customer_pk", "customer_key", "load_date", "record_source"
        from "hub_customer__dbt_tmp141014696229"
    )


  
[0m14:10:14.857206 [debug] [Thread-1  ]: SQL status: INSERT 0 0 in 0 seconds
[0m14:10:14.864311 [debug] [Thread-1  ]: On model.jaffle_shop_dbtvault.hub_customer: COMMIT
[0m14:10:14.865626 [debug] [Thread-1  ]: Using postgres connection "model.jaffle_shop_dbtvault.hub_customer"
[0m14:10:14.867094 [debug] [Thread-1  ]: On model.jaffle_shop_dbtvault.hub_customer: COMMIT
[0m14:10:14.871290 [debug] [Thread-1  ]: SQL status: COMMIT in 0 seconds
[0m14:10:14.873864 [debug] [Thread-1  ]: Timing info for model.jaffle_shop_dbtvault.hub_customer (execute): 2026-05-19 14:10:14.682931 => 2026-05-19 14:10:14.873741
[0m14:10:14.876273 [debug] [Thread-1  ]: On model.jaffle_shop_dbtvault.hub_customer: Close
[0m14:10:14.881993 [debug] [Thread-1  ]: Sending event: {'category': 'dbt', 'action': 'run_model', 'label': 'a53e1753-e849-4ce4-b222-ebea30efd952', 'context': [<snowplow_tracker.self_describing_json.SelfDescribingJson object at 0x7f3848ecb040>]}
[0m14:10:14.887848 [info ] [Thread-1  ]: 6 of 14 OK created sql incremental model dbt.hub_customer ...................... [[32mINSERT 0 0[0m in 0.48s]
[0m14:10:14.891961 [debug] [Thread-1  ]: Finished running node model.jaffle_shop_dbtvault.hub_customer
[0m14:10:14.893739 [debug] [Thread-1  ]: Began running node model.jaffle_shop_dbtvault.sat_customer_crm
[0m14:10:14.896056 [info ] [Thread-1  ]: 7 of 14 START sql incremental model dbt.sat_customer_crm ....................... [RUN]
[0m14:10:14.903081 [debug] [Thread-1  ]: Acquiring new postgres connection 'model.jaffle_shop_dbtvault.sat_customer_crm'
[0m14:10:14.905314 [debug] [Thread-1  ]: Began compiling node model.jaffle_shop_dbtvault.sat_customer_crm
[0m14:10:14.978265 [debug] [Thread-1  ]: Writing injected SQL for node "model.jaffle_shop_dbtvault.sat_customer_crm"
[0m14:10:14.981397 [debug] [Thread-1  ]: Timing info for model.jaffle_shop_dbtvault.sat_customer_crm (compile): 2026-05-19 14:10:14.906218 => 2026-05-19 14:10:14.981090
[0m14:10:14.984883 [debug] [Thread-1  ]: Began executing node model.jaffle_shop_dbtvault.sat_customer_crm
[0m14:10:15.005484 [debug] [Thread-1  ]: Using postgres connection "model.jaffle_shop_dbtvault.sat_customer_crm"
[0m14:10:15.006919 [debug] [Thread-1  ]: On model.jaffle_shop_dbtvault.sat_customer_crm: /* {"app": "dbt", "dbt_version": "1.4.0", "profile_name": "jaffle_shop", "target_name": "dev", "node_id": "model.jaffle_shop_dbtvault.sat_customer_crm"} */

    
  
    

  create temporary table "sat_customer_crm__dbt_tmp141014997525"
  as (
    -- Generated by AutomateDV (formerly known as dbtvault)

    

WITH source_data AS (
    SELECT a.CUSTOMER_PK, a.CUSTOMER_HASHDIFF, a.age, a.country, a.EFFECTIVE_FROM, a.LOAD_DATE, a.RECORD_SOURCE
    FROM "postgres"."dbt"."stg_customers_crm" AS a
    WHERE a.CUSTOMER_PK IS NOT NULL
),

latest_records AS (
    SELECT b.CUSTOMER_PK, b.CUSTOMER_HASHDIFF, b.age, b.country, b.EFFECTIVE_FROM, b.LOAD_DATE, b.RECORD_SOURCE
    FROM (
        SELECT current_records.CUSTOMER_PK, current_records.CUSTOMER_HASHDIFF, current_records.age, current_records.country, current_records.EFFECTIVE_FROM, current_records.LOAD_DATE, current_records.RECORD_SOURCE,
            RANK() OVER (
               PARTITION BY current_records.CUSTOMER_PK
               ORDER BY current_records.LOAD_DATE DESC
            ) AS rank
        FROM "postgres"."dbt"."sat_customer_crm" AS current_records
            JOIN (
                SELECT DISTINCT source_data.CUSTOMER_PK
                FROM source_data
            ) AS source_records
                ON source_records.CUSTOMER_PK = current_records.CUSTOMER_PK
    ) AS b
    WHERE b.rank = 1
),

first_record_in_set AS (
    SELECT * FROM (
        SELECT
        sd.CUSTOMER_PK, sd.CUSTOMER_HASHDIFF, sd.age, sd.country, sd.EFFECTIVE_FROM, sd.LOAD_DATE, sd.RECORD_SOURCE,
        RANK() OVER (
                PARTITION BY sd.CUSTOMER_PK
                ORDER BY sd.LOAD_DATE ASC
            ) as asc_rank
        FROM source_data as sd
    ) AS rin
    WHERE rin.asc_rank = 1
),

unique_source_records AS (
    SELECT
        b.CUSTOMER_PK, b.CUSTOMER_HASHDIFF, b.age, b.country, b.EFFECTIVE_FROM, b.LOAD_DATE, b.RECORD_SOURCE
    FROM (
        SELECT DISTINCT
            sd.CUSTOMER_PK, sd.CUSTOMER_HASHDIFF, sd.age, sd.country, sd.EFFECTIVE_FROM, sd.LOAD_DATE, sd.RECORD_SOURCE,
            LAG(sd.CUSTOMER_HASHDIFF) OVER (
                PARTITION BY sd.CUSTOMER_PK
                ORDER BY sd.LOAD_DATE ASC) as prev_hashdiff
        FROM source_data as sd
        ) AS b
    WHERE b.CUSTOMER_HASHDIFF != b.prev_hashdiff
),

records_to_insert AS (
        SELECT frin.CUSTOMER_PK, frin.CUSTOMER_HASHDIFF, frin.age, frin.country, frin.EFFECTIVE_FROM, frin.LOAD_DATE, frin.RECORD_SOURCE
        FROM first_record_in_set AS frin
        LEFT JOIN LATEST_RECORDS lr
            ON lr.CUSTOMER_PK = frin.CUSTOMER_PK
            AND lr.CUSTOMER_HASHDIFF = frin.CUSTOMER_HASHDIFF
            WHERE lr.CUSTOMER_HASHDIFF IS NULL
        UNION
        SELECT usr.CUSTOMER_PK, usr.CUSTOMER_HASHDIFF, usr.age, usr.country, usr.EFFECTIVE_FROM, usr.LOAD_DATE, usr.RECORD_SOURCE
        FROM unique_source_records as usr
)

SELECT * FROM records_to_insert
  );
  
  
[0m14:10:15.010633 [debug] [Thread-1  ]: Opening a new connection, currently in state closed
[0m14:10:15.067627 [debug] [Thread-1  ]: SQL status: SELECT 0 in 0 seconds
[0m14:10:15.085650 [debug] [Thread-1  ]: Using postgres connection "model.jaffle_shop_dbtvault.sat_customer_crm"
[0m14:10:15.087038 [debug] [Thread-1  ]: On model.jaffle_shop_dbtvault.sat_customer_crm: BEGIN
[0m14:10:15.090862 [debug] [Thread-1  ]: SQL status: BEGIN in 0 seconds
[0m14:10:15.095428 [debug] [Thread-1  ]: Using postgres connection "model.jaffle_shop_dbtvault.sat_customer_crm"
[0m14:10:15.097173 [debug] [Thread-1  ]: On model.jaffle_shop_dbtvault.sat_customer_crm: /* {"app": "dbt", "dbt_version": "1.4.0", "profile_name": "jaffle_shop", "target_name": "dev", "node_id": "model.jaffle_shop_dbtvault.sat_customer_crm"} */

      select
          column_name,
          data_type,
          character_maximum_length,
          numeric_precision,
          numeric_scale

      from INFORMATION_SCHEMA.columns
      where table_name = 'sat_customer_crm__dbt_tmp141014997525'
        
      order by ordinal_position

  
[0m14:10:15.112472 [debug] [Thread-1  ]: SQL status: SELECT 7 in 0 seconds
[0m14:10:15.126642 [debug] [Thread-1  ]: Using postgres connection "model.jaffle_shop_dbtvault.sat_customer_crm"
[0m14:10:15.128235 [debug] [Thread-1  ]: On model.jaffle_shop_dbtvault.sat_customer_crm: /* {"app": "dbt", "dbt_version": "1.4.0", "profile_name": "jaffle_shop", "target_name": "dev", "node_id": "model.jaffle_shop_dbtvault.sat_customer_crm"} */

      select
          column_name,
          data_type,
          character_maximum_length,
          numeric_precision,
          numeric_scale

      from "postgres".INFORMATION_SCHEMA.columns
      where table_name = 'sat_customer_crm'
        
        and table_schema = 'dbt'
        
      order by ordinal_position

  
[0m14:10:15.135765 [debug] [Thread-1  ]: SQL status: SELECT 7 in 0 seconds
[0m14:10:15.145285 [debug] [Thread-1  ]: Using postgres connection "model.jaffle_shop_dbtvault.sat_customer_crm"
[0m14:10:15.147075 [debug] [Thread-1  ]: On model.jaffle_shop_dbtvault.sat_customer_crm: /* {"app": "dbt", "dbt_version": "1.4.0", "profile_name": "jaffle_shop", "target_name": "dev", "node_id": "model.jaffle_shop_dbtvault.sat_customer_crm"} */

      select
          column_name,
          data_type,
          character_maximum_length,
          numeric_precision,
          numeric_scale

      from "postgres".INFORMATION_SCHEMA.columns
      where table_name = 'sat_customer_crm'
        
        and table_schema = 'dbt'
        
      order by ordinal_position

  
[0m14:10:15.156689 [debug] [Thread-1  ]: SQL status: SELECT 7 in 0 seconds
[0m14:10:15.163476 [debug] [Thread-1  ]: Writing runtime sql for node "model.jaffle_shop_dbtvault.sat_customer_crm"
[0m14:10:15.168039 [debug] [Thread-1  ]: Using postgres connection "model.jaffle_shop_dbtvault.sat_customer_crm"
[0m14:10:15.169986 [debug] [Thread-1  ]: On model.jaffle_shop_dbtvault.sat_customer_crm: /* {"app": "dbt", "dbt_version": "1.4.0", "profile_name": "jaffle_shop", "target_name": "dev", "node_id": "model.jaffle_shop_dbtvault.sat_customer_crm"} */

      insert into "postgres"."dbt"."sat_customer_crm" ("customer_pk", "customer_hashdiff", "age", "country", "effective_from", "load_date", "record_source")
    (
        select "customer_pk", "customer_hashdiff", "age", "country", "effective_from", "load_date", "record_source"
        from "sat_customer_crm__dbt_tmp141014997525"
    )


  
[0m14:10:15.172192 [debug] [Thread-1  ]: SQL status: INSERT 0 0 in 0 seconds
[0m14:10:15.178471 [debug] [Thread-1  ]: On model.jaffle_shop_dbtvault.sat_customer_crm: COMMIT
[0m14:10:15.179755 [debug] [Thread-1  ]: Using postgres connection "model.jaffle_shop_dbtvault.sat_customer_crm"
[0m14:10:15.182081 [debug] [Thread-1  ]: On model.jaffle_shop_dbtvault.sat_customer_crm: COMMIT
[0m14:10:15.186163 [debug] [Thread-1  ]: SQL status: COMMIT in 0 seconds
[0m14:10:15.188893 [debug] [Thread-1  ]: Timing info for model.jaffle_shop_dbtvault.sat_customer_crm (execute): 2026-05-19 14:10:14.986374 => 2026-05-19 14:10:15.188790
[0m14:10:15.190559 [debug] [Thread-1  ]: On model.jaffle_shop_dbtvault.sat_customer_crm: Close
[0m14:10:15.193201 [debug] [Thread-1  ]: Sending event: {'category': 'dbt', 'action': 'run_model', 'label': 'a53e1753-e849-4ce4-b222-ebea30efd952', 'context': [<snowplow_tracker.self_describing_json.SelfDescribingJson object at 0x7f3848f6d070>]}
[0m14:10:15.199655 [info ] [Thread-1  ]: 7 of 14 OK created sql incremental model dbt.sat_customer_crm .................. [[32mINSERT 0 0[0m in 0.29s]
[0m14:10:15.204640 [debug] [Thread-1  ]: Finished running node model.jaffle_shop_dbtvault.sat_customer_crm
[0m14:10:15.206797 [debug] [Thread-1  ]: Began running node model.jaffle_shop_dbtvault.hub_order
[0m14:10:15.210317 [info ] [Thread-1  ]: 8 of 14 START sql incremental model dbt.hub_order .............................. [RUN]
[0m14:10:15.223538 [debug] [Thread-1  ]: Acquiring new postgres connection 'model.jaffle_shop_dbtvault.hub_order'
[0m14:10:15.228276 [debug] [Thread-1  ]: Began compiling node model.jaffle_shop_dbtvault.hub_order
[0m14:10:15.240779 [info ] [Thread-1  ]: 14:10:15 + Loading postgres.dbt.hub_order from 1 source(s)
[0m14:10:15.257061 [debug] [Thread-1  ]: Writing injected SQL for node "model.jaffle_shop_dbtvault.hub_order"
[0m14:10:15.261992 [debug] [Thread-1  ]: Timing info for model.jaffle_shop_dbtvault.hub_order (compile): 2026-05-19 14:10:15.230141 => 2026-05-19 14:10:15.261860
[0m14:10:15.267026 [debug] [Thread-1  ]: Began executing node model.jaffle_shop_dbtvault.hub_order
[0m14:10:15.283093 [debug] [Thread-1  ]: Using postgres connection "model.jaffle_shop_dbtvault.hub_order"
[0m14:10:15.290379 [debug] [Thread-1  ]: On model.jaffle_shop_dbtvault.hub_order: /* {"app": "dbt", "dbt_version": "1.4.0", "profile_name": "jaffle_shop", "target_name": "dev", "node_id": "model.jaffle_shop_dbtvault.hub_order"} */

    
  
    

  create temporary table "hub_order__dbt_tmp141015275977"
  as (
    -- Generated by AutomateDV (formerly known as dbtvault)

    

WITH row_rank_1 AS (
    SELECT DISTINCT ON (rr.ORDER_PK) rr.ORDER_PK, rr.ORDER_KEY, rr.LOAD_DATE, rr.RECORD_SOURCE
    FROM "postgres"."dbt"."stg_orders" AS rr
    WHERE rr.ORDER_PK IS NOT NULL
    ORDER BY rr.ORDER_PK, rr.LOAD_DATE
),

records_to_insert AS (
    SELECT a.ORDER_PK, a.ORDER_KEY, a.LOAD_DATE, a.RECORD_SOURCE
    FROM row_rank_1 AS a
    LEFT JOIN "postgres"."dbt"."hub_order" AS d
    ON a.ORDER_PK = d.ORDER_PK
    WHERE d.ORDER_PK IS NULL
)

SELECT * FROM records_to_insert
  );
  
  
[0m14:10:15.294405 [debug] [Thread-1  ]: Opening a new connection, currently in state closed
[0m14:10:15.343990 [debug] [Thread-1  ]: SQL status: SELECT 0 in 0 seconds
[0m14:10:15.360922 [debug] [Thread-1  ]: Using postgres connection "model.jaffle_shop_dbtvault.hub_order"
[0m14:10:15.362307 [debug] [Thread-1  ]: On model.jaffle_shop_dbtvault.hub_order: BEGIN
[0m14:10:15.367965 [debug] [Thread-1  ]: SQL status: BEGIN in 0 seconds
[0m14:10:15.369907 [debug] [Thread-1  ]: Using postgres connection "model.jaffle_shop_dbtvault.hub_order"
[0m14:10:15.376730 [debug] [Thread-1  ]: On model.jaffle_shop_dbtvault.hub_order: /* {"app": "dbt", "dbt_version": "1.4.0", "profile_name": "jaffle_shop", "target_name": "dev", "node_id": "model.jaffle_shop_dbtvault.hub_order"} */

      select
          column_name,
          data_type,
          character_maximum_length,
          numeric_precision,
          numeric_scale

      from INFORMATION_SCHEMA.columns
      where table_name = 'hub_order__dbt_tmp141015275977'
        
      order by ordinal_position

  
[0m14:10:15.408890 [debug] [Thread-1  ]: SQL status: SELECT 4 in 0 seconds
[0m14:10:15.437043 [debug] [Thread-1  ]: Using postgres connection "model.jaffle_shop_dbtvault.hub_order"
[0m14:10:15.441714 [debug] [Thread-1  ]: On model.jaffle_shop_dbtvault.hub_order: /* {"app": "dbt", "dbt_version": "1.4.0", "profile_name": "jaffle_shop", "target_name": "dev", "node_id": "model.jaffle_shop_dbtvault.hub_order"} */

      select
          column_name,
          data_type,
          character_maximum_length,
          numeric_precision,
          numeric_scale

      from "postgres".INFORMATION_SCHEMA.columns
      where table_name = 'hub_order'
        
        and table_schema = 'dbt'
        
      order by ordinal_position

  
[0m14:10:15.457305 [debug] [Thread-1  ]: SQL status: SELECT 4 in 0 seconds
[0m14:10:15.470563 [debug] [Thread-1  ]: Using postgres connection "model.jaffle_shop_dbtvault.hub_order"
[0m14:10:15.473391 [debug] [Thread-1  ]: On model.jaffle_shop_dbtvault.hub_order: /* {"app": "dbt", "dbt_version": "1.4.0", "profile_name": "jaffle_shop", "target_name": "dev", "node_id": "model.jaffle_shop_dbtvault.hub_order"} */

      select
          column_name,
          data_type,
          character_maximum_length,
          numeric_precision,
          numeric_scale

      from "postgres".INFORMATION_SCHEMA.columns
      where table_name = 'hub_order'
        
        and table_schema = 'dbt'
        
      order by ordinal_position

  
[0m14:10:15.483530 [debug] [Thread-1  ]: SQL status: SELECT 4 in 0 seconds
[0m14:10:15.491200 [debug] [Thread-1  ]: Writing runtime sql for node "model.jaffle_shop_dbtvault.hub_order"
[0m14:10:15.497513 [debug] [Thread-1  ]: Using postgres connection "model.jaffle_shop_dbtvault.hub_order"
[0m14:10:15.500856 [debug] [Thread-1  ]: On model.jaffle_shop_dbtvault.hub_order: /* {"app": "dbt", "dbt_version": "1.4.0", "profile_name": "jaffle_shop", "target_name": "dev", "node_id": "model.jaffle_shop_dbtvault.hub_order"} */

      insert into "postgres"."dbt"."hub_order" ("order_pk", "order_key", "load_date", "record_source")
    (
        select "order_pk", "order_key", "load_date", "record_source"
        from "hub_order__dbt_tmp141015275977"
    )


  
[0m14:10:15.506901 [debug] [Thread-1  ]: SQL status: INSERT 0 0 in 0 seconds
[0m14:10:15.511493 [debug] [Thread-1  ]: On model.jaffle_shop_dbtvault.hub_order: COMMIT
[0m14:10:15.512995 [debug] [Thread-1  ]: Using postgres connection "model.jaffle_shop_dbtvault.hub_order"
[0m14:10:15.514060 [debug] [Thread-1  ]: On model.jaffle_shop_dbtvault.hub_order: COMMIT
[0m14:10:15.518883 [debug] [Thread-1  ]: SQL status: COMMIT in 0 seconds
[0m14:10:15.522042 [debug] [Thread-1  ]: Timing info for model.jaffle_shop_dbtvault.hub_order (execute): 2026-05-19 14:10:15.270498 => 2026-05-19 14:10:15.521960
[0m14:10:15.523895 [debug] [Thread-1  ]: On model.jaffle_shop_dbtvault.hub_order: Close
[0m14:10:15.527238 [debug] [Thread-1  ]: Sending event: {'category': 'dbt', 'action': 'run_model', 'label': 'a53e1753-e849-4ce4-b222-ebea30efd952', 'context': [<snowplow_tracker.self_describing_json.SelfDescribingJson object at 0x7f384b35bfd0>]}
[0m14:10:15.534098 [info ] [Thread-1  ]: 8 of 14 OK created sql incremental model dbt.hub_order ......................... [[32mINSERT 0 0[0m in 0.30s]
[0m14:10:15.537989 [debug] [Thread-1  ]: Finished running node model.jaffle_shop_dbtvault.hub_order
[0m14:10:15.542594 [debug] [Thread-1  ]: Began running node model.jaffle_shop_dbtvault.sat_order
[0m14:10:15.548850 [info ] [Thread-1  ]: 9 of 14 START sql incremental model dbt.sat_order .............................. [RUN]
[0m14:10:15.561537 [debug] [Thread-1  ]: Acquiring new postgres connection 'model.jaffle_shop_dbtvault.sat_order'
[0m14:10:15.563566 [debug] [Thread-1  ]: Began compiling node model.jaffle_shop_dbtvault.sat_order
[0m14:10:15.622114 [debug] [Thread-1  ]: Writing injected SQL for node "model.jaffle_shop_dbtvault.sat_order"
[0m14:10:15.631330 [debug] [Thread-1  ]: Timing info for model.jaffle_shop_dbtvault.sat_order (compile): 2026-05-19 14:10:15.564464 => 2026-05-19 14:10:15.631018
[0m14:10:15.635022 [debug] [Thread-1  ]: Began executing node model.jaffle_shop_dbtvault.sat_order
[0m14:10:15.661640 [debug] [Thread-1  ]: Using postgres connection "model.jaffle_shop_dbtvault.sat_order"
[0m14:10:15.666598 [debug] [Thread-1  ]: On model.jaffle_shop_dbtvault.sat_order: /* {"app": "dbt", "dbt_version": "1.4.0", "profile_name": "jaffle_shop", "target_name": "dev", "node_id": "model.jaffle_shop_dbtvault.sat_order"} */

    
  
    

  create temporary table "sat_order__dbt_tmp141015652393"
  as (
    -- Generated by AutomateDV (formerly known as dbtvault)

    

WITH source_data AS (
    SELECT a.ORDER_PK, a.ORDER_HASHDIFF, a.order_date, a.status, a.EFFECTIVE_FROM, a.LOAD_DATE, a.RECORD_SOURCE
    FROM "postgres"."dbt"."stg_orders" AS a
    WHERE a.ORDER_PK IS NOT NULL
),

latest_records AS (
    SELECT b.ORDER_PK, b.ORDER_HASHDIFF, b.order_date, b.status, b.EFFECTIVE_FROM, b.LOAD_DATE, b.RECORD_SOURCE
    FROM (
        SELECT current_records.ORDER_PK, current_records.ORDER_HASHDIFF, current_records.order_date, current_records.status, current_records.EFFECTIVE_FROM, current_records.LOAD_DATE, current_records.RECORD_SOURCE,
            RANK() OVER (
               PARTITION BY current_records.ORDER_PK
               ORDER BY current_records.LOAD_DATE DESC
            ) AS rank
        FROM "postgres"."dbt"."sat_order" AS current_records
            JOIN (
                SELECT DISTINCT source_data.ORDER_PK
                FROM source_data
            ) AS source_records
                ON source_records.ORDER_PK = current_records.ORDER_PK
    ) AS b
    WHERE b.rank = 1
),

first_record_in_set AS (
    SELECT * FROM (
        SELECT
        sd.ORDER_PK, sd.ORDER_HASHDIFF, sd.order_date, sd.status, sd.EFFECTIVE_FROM, sd.LOAD_DATE, sd.RECORD_SOURCE,
        RANK() OVER (
                PARTITION BY sd.ORDER_PK
                ORDER BY sd.LOAD_DATE ASC
            ) as asc_rank
        FROM source_data as sd
    ) AS rin
    WHERE rin.asc_rank = 1
),

unique_source_records AS (
    SELECT
        b.ORDER_PK, b.ORDER_HASHDIFF, b.order_date, b.status, b.EFFECTIVE_FROM, b.LOAD_DATE, b.RECORD_SOURCE
    FROM (
        SELECT DISTINCT
            sd.ORDER_PK, sd.ORDER_HASHDIFF, sd.order_date, sd.status, sd.EFFECTIVE_FROM, sd.LOAD_DATE, sd.RECORD_SOURCE,
            LAG(sd.ORDER_HASHDIFF) OVER (
                PARTITION BY sd.ORDER_PK
                ORDER BY sd.LOAD_DATE ASC) as prev_hashdiff
        FROM source_data as sd
        ) AS b
    WHERE b.ORDER_HASHDIFF != b.prev_hashdiff
),

records_to_insert AS (
        SELECT frin.ORDER_PK, frin.ORDER_HASHDIFF, frin.order_date, frin.status, frin.EFFECTIVE_FROM, frin.LOAD_DATE, frin.RECORD_SOURCE
        FROM first_record_in_set AS frin
        LEFT JOIN LATEST_RECORDS lr
            ON lr.ORDER_PK = frin.ORDER_PK
            AND lr.ORDER_HASHDIFF = frin.ORDER_HASHDIFF
            WHERE lr.ORDER_HASHDIFF IS NULL
        UNION
        SELECT usr.ORDER_PK, usr.ORDER_HASHDIFF, usr.order_date, usr.status, usr.EFFECTIVE_FROM, usr.LOAD_DATE, usr.RECORD_SOURCE
        FROM unique_source_records as usr
)

SELECT * FROM records_to_insert
  );
  
  
[0m14:10:15.675192 [debug] [Thread-1  ]: Opening a new connection, currently in state closed
[0m14:10:15.840063 [debug] [Thread-1  ]: SQL status: SELECT 0 in 0 seconds
[0m14:10:15.858650 [debug] [Thread-1  ]: Using postgres connection "model.jaffle_shop_dbtvault.sat_order"
[0m14:10:15.863881 [debug] [Thread-1  ]: On model.jaffle_shop_dbtvault.sat_order: BEGIN
[0m14:10:15.871331 [debug] [Thread-1  ]: SQL status: BEGIN in 0 seconds
[0m14:10:15.875644 [debug] [Thread-1  ]: Using postgres connection "model.jaffle_shop_dbtvault.sat_order"
[0m14:10:15.881139 [debug] [Thread-1  ]: On model.jaffle_shop_dbtvault.sat_order: /* {"app": "dbt", "dbt_version": "1.4.0", "profile_name": "jaffle_shop", "target_name": "dev", "node_id": "model.jaffle_shop_dbtvault.sat_order"} */

      select
          column_name,
          data_type,
          character_maximum_length,
          numeric_precision,
          numeric_scale

      from INFORMATION_SCHEMA.columns
      where table_name = 'sat_order__dbt_tmp141015652393'
        
      order by ordinal_position

  
[0m14:10:15.899873 [debug] [Thread-1  ]: SQL status: SELECT 7 in 0 seconds
[0m14:10:15.909227 [debug] [Thread-1  ]: Using postgres connection "model.jaffle_shop_dbtvault.sat_order"
[0m14:10:15.911663 [debug] [Thread-1  ]: On model.jaffle_shop_dbtvault.sat_order: /* {"app": "dbt", "dbt_version": "1.4.0", "profile_name": "jaffle_shop", "target_name": "dev", "node_id": "model.jaffle_shop_dbtvault.sat_order"} */

      select
          column_name,
          data_type,
          character_maximum_length,
          numeric_precision,
          numeric_scale

      from "postgres".INFORMATION_SCHEMA.columns
      where table_name = 'sat_order'
        
        and table_schema = 'dbt'
        
      order by ordinal_position

  
[0m14:10:15.918203 [debug] [Thread-1  ]: SQL status: SELECT 7 in 0 seconds
[0m14:10:15.925716 [debug] [Thread-1  ]: Using postgres connection "model.jaffle_shop_dbtvault.sat_order"
[0m14:10:15.927147 [debug] [Thread-1  ]: On model.jaffle_shop_dbtvault.sat_order: /* {"app": "dbt", "dbt_version": "1.4.0", "profile_name": "jaffle_shop", "target_name": "dev", "node_id": "model.jaffle_shop_dbtvault.sat_order"} */

      select
          column_name,
          data_type,
          character_maximum_length,
          numeric_precision,
          numeric_scale

      from "postgres".INFORMATION_SCHEMA.columns
      where table_name = 'sat_order'
        
        and table_schema = 'dbt'
        
      order by ordinal_position

  
[0m14:10:15.931912 [debug] [Thread-1  ]: SQL status: SELECT 7 in 0 seconds
[0m14:10:15.937293 [debug] [Thread-1  ]: Writing runtime sql for node "model.jaffle_shop_dbtvault.sat_order"
[0m14:10:15.942754 [debug] [Thread-1  ]: Using postgres connection "model.jaffle_shop_dbtvault.sat_order"
[0m14:10:15.945086 [debug] [Thread-1  ]: On model.jaffle_shop_dbtvault.sat_order: /* {"app": "dbt", "dbt_version": "1.4.0", "profile_name": "jaffle_shop", "target_name": "dev", "node_id": "model.jaffle_shop_dbtvault.sat_order"} */

      insert into "postgres"."dbt"."sat_order" ("order_pk", "order_hashdiff", "order_date", "status", "effective_from", "load_date", "record_source")
    (
        select "order_pk", "order_hashdiff", "order_date", "status", "effective_from", "load_date", "record_source"
        from "sat_order__dbt_tmp141015652393"
    )


  
[0m14:10:15.947357 [debug] [Thread-1  ]: SQL status: INSERT 0 0 in 0 seconds
[0m14:10:15.952322 [debug] [Thread-1  ]: On model.jaffle_shop_dbtvault.sat_order: COMMIT
[0m14:10:15.953533 [debug] [Thread-1  ]: Using postgres connection "model.jaffle_shop_dbtvault.sat_order"
[0m14:10:15.954404 [debug] [Thread-1  ]: On model.jaffle_shop_dbtvault.sat_order: COMMIT
[0m14:10:15.958009 [debug] [Thread-1  ]: SQL status: COMMIT in 0 seconds
[0m14:10:15.961095 [debug] [Thread-1  ]: Timing info for model.jaffle_shop_dbtvault.sat_order (execute): 2026-05-19 14:10:15.638589 => 2026-05-19 14:10:15.960966
[0m14:10:15.963132 [debug] [Thread-1  ]: On model.jaffle_shop_dbtvault.sat_order: Close
[0m14:10:15.965675 [debug] [Thread-1  ]: Sending event: {'category': 'dbt', 'action': 'run_model', 'label': 'a53e1753-e849-4ce4-b222-ebea30efd952', 'context': [<snowplow_tracker.self_describing_json.SelfDescribingJson object at 0x7f3848f6d070>]}
[0m14:10:15.967128 [info ] [Thread-1  ]: 9 of 14 OK created sql incremental model dbt.sat_order ......................... [[32mINSERT 0 0[0m in 0.41s]
[0m14:10:15.971380 [debug] [Thread-1  ]: Finished running node model.jaffle_shop_dbtvault.sat_order
[0m14:10:15.972898 [debug] [Thread-1  ]: Began running node model.jaffle_shop_dbtvault.stg_customer_order
[0m14:10:15.976272 [info ] [Thread-1  ]: 10 of 14 START sql view model dbt.stg_customer_order ........................... [RUN]
[0m14:10:15.980177 [debug] [Thread-1  ]: Acquiring new postgres connection 'model.jaffle_shop_dbtvault.stg_customer_order'
[0m14:10:15.989295 [debug] [Thread-1  ]: Began compiling node model.jaffle_shop_dbtvault.stg_customer_order
[0m14:10:16.002824 [debug] [Thread-1  ]: Writing injected SQL for node "model.jaffle_shop_dbtvault.stg_customer_order"
[0m14:10:16.012635 [debug] [Thread-1  ]: Timing info for model.jaffle_shop_dbtvault.stg_customer_order (compile): 2026-05-19 14:10:15.991360 => 2026-05-19 14:10:16.012453
[0m14:10:16.016207 [debug] [Thread-1  ]: Began executing node model.jaffle_shop_dbtvault.stg_customer_order
[0m14:10:16.041282 [debug] [Thread-1  ]: Writing runtime sql for node "model.jaffle_shop_dbtvault.stg_customer_order"
[0m14:10:16.054776 [debug] [Thread-1  ]: Using postgres connection "model.jaffle_shop_dbtvault.stg_customer_order"
[0m14:10:16.059047 [debug] [Thread-1  ]: On model.jaffle_shop_dbtvault.stg_customer_order: BEGIN
[0m14:10:16.060027 [debug] [Thread-1  ]: Opening a new connection, currently in state closed
[0m14:10:16.091488 [debug] [Thread-1  ]: SQL status: BEGIN in 0 seconds
[0m14:10:16.097096 [debug] [Thread-1  ]: Using postgres connection "model.jaffle_shop_dbtvault.stg_customer_order"
[0m14:10:16.103213 [debug] [Thread-1  ]: On model.jaffle_shop_dbtvault.stg_customer_order: /* {"app": "dbt", "dbt_version": "1.4.0", "profile_name": "jaffle_shop", "target_name": "dev", "node_id": "model.jaffle_shop_dbtvault.stg_customer_order"} */

  create view "postgres"."dbt"."stg_customer_order__dbt_tmp" as (
    with stg_orders as (
    select ORDER_KEY, ORDER_PK, user_id from "postgres"."dbt"."stg_orders"
),

stg_customers as (
    select id, CUSTOMER_KEY, CUSTOMER_PK from "postgres"."dbt"."stg_customers"
)

select  ORDER_KEY, CUSTOMER_KEY, CUSTOMER_PK, ORDER_PK from stg_orders so
JOIN stg_customers sc ON sc.id = so.user_id
  );
[0m14:10:16.114944 [debug] [Thread-1  ]: SQL status: CREATE VIEW in 0 seconds
[0m14:10:16.136782 [debug] [Thread-1  ]: Using postgres connection "model.jaffle_shop_dbtvault.stg_customer_order"
[0m14:10:16.139480 [debug] [Thread-1  ]: On model.jaffle_shop_dbtvault.stg_customer_order: /* {"app": "dbt", "dbt_version": "1.4.0", "profile_name": "jaffle_shop", "target_name": "dev", "node_id": "model.jaffle_shop_dbtvault.stg_customer_order"} */
alter table "postgres"."dbt"."stg_customer_order__dbt_tmp" rename to "stg_customer_order"
[0m14:10:16.146845 [debug] [Thread-1  ]: SQL status: ALTER TABLE in 0 seconds
[0m14:10:16.158519 [debug] [Thread-1  ]: On model.jaffle_shop_dbtvault.stg_customer_order: COMMIT
[0m14:10:16.160830 [debug] [Thread-1  ]: Using postgres connection "model.jaffle_shop_dbtvault.stg_customer_order"
[0m14:10:16.166297 [debug] [Thread-1  ]: On model.jaffle_shop_dbtvault.stg_customer_order: COMMIT
[0m14:10:16.173443 [debug] [Thread-1  ]: SQL status: COMMIT in 0 seconds
[0m14:10:16.182496 [debug] [Thread-1  ]: Using postgres connection "model.jaffle_shop_dbtvault.stg_customer_order"
[0m14:10:16.184796 [debug] [Thread-1  ]: On model.jaffle_shop_dbtvault.stg_customer_order: /* {"app": "dbt", "dbt_version": "1.4.0", "profile_name": "jaffle_shop", "target_name": "dev", "node_id": "model.jaffle_shop_dbtvault.stg_customer_order"} */
drop view if exists "postgres"."dbt"."stg_customer_order__dbt_backup" cascade
[0m14:10:16.191612 [debug] [Thread-1  ]: SQL status: DROP VIEW in 0 seconds
[0m14:10:16.196053 [debug] [Thread-1  ]: Timing info for model.jaffle_shop_dbtvault.stg_customer_order (execute): 2026-05-19 14:10:16.020666 => 2026-05-19 14:10:16.195963
[0m14:10:16.197307 [debug] [Thread-1  ]: On model.jaffle_shop_dbtvault.stg_customer_order: Close
[0m14:10:16.200151 [debug] [Thread-1  ]: Sending event: {'category': 'dbt', 'action': 'run_model', 'label': 'a53e1753-e849-4ce4-b222-ebea30efd952', 'context': [<snowplow_tracker.self_describing_json.SelfDescribingJson object at 0x7f384b35bfd0>]}
[0m14:10:16.203900 [info ] [Thread-1  ]: 10 of 14 OK created sql view model dbt.stg_customer_order ...................... [[32mCREATE VIEW[0m in 0.22s]
[0m14:10:16.207783 [debug] [Thread-1  ]: Finished running node model.jaffle_shop_dbtvault.stg_customer_order
[0m14:10:16.209808 [debug] [Thread-1  ]: Began running node model.jaffle_shop_dbtvault.customer_pit
[0m14:10:16.212153 [info ] [Thread-1  ]: 11 of 14 START sql pit_incremental model dbt.customer_pit ...................... [RUN]
[0m14:10:16.218337 [debug] [Thread-1  ]: Acquiring new postgres connection 'model.jaffle_shop_dbtvault.customer_pit'
[0m14:10:16.220064 [debug] [Thread-1  ]: Began compiling node model.jaffle_shop_dbtvault.customer_pit
[0m14:10:16.381713 [debug] [Thread-1  ]: Writing injected SQL for node "model.jaffle_shop_dbtvault.customer_pit"
[0m14:10:16.388620 [debug] [Thread-1  ]: Timing info for model.jaffle_shop_dbtvault.customer_pit (compile): 2026-05-19 14:10:16.224571 => 2026-05-19 14:10:16.388487
[0m14:10:16.390283 [debug] [Thread-1  ]: Began executing node model.jaffle_shop_dbtvault.customer_pit
[0m14:10:16.415685 [debug] [Thread-1  ]: Using postgres connection "model.jaffle_shop_dbtvault.customer_pit"
[0m14:10:16.417195 [debug] [Thread-1  ]: On model.jaffle_shop_dbtvault.customer_pit: /* {"app": "dbt", "dbt_version": "1.4.0", "profile_name": "jaffle_shop", "target_name": "dev", "node_id": "model.jaffle_shop_dbtvault.customer_pit"} */

    
  
    

  create temporary table "customer_pit__dbt_tmp141016414066"
  as (
    








-- Generated by AutomateDV (formerly known as dbtvault)

WITH as_of_dates AS (
    SELECT * FROM "postgres"."dbt"."as_of_date"
),

last_safe_load_datetime AS (
    SELECT MIN(LOAD_DATETIME) AS LAST_SAFE_LOAD_DATETIME
    FROM (

        ) AS l
),

as_of_grain_old_entries AS (
    SELECT DISTINCT AS_OF_DATE
    FROM "postgres"."dbt"."customer_pit"
),

as_of_grain_lost_entries AS (
    SELECT a.AS_OF_DATE
    FROM as_of_grain_old_entries AS a
    LEFT OUTER JOIN as_of_dates AS b
        ON a.AS_OF_DATE = b.AS_OF_DATE
    WHERE b.AS_OF_DATE IS NULL
),

as_of_grain_new_entries AS (
    SELECT a.AS_OF_DATE
    FROM as_of_dates AS a
    LEFT OUTER JOIN as_of_grain_old_entries AS b
        ON a.AS_OF_DATE = b.AS_OF_DATE
    WHERE b.AS_OF_DATE IS NULL
),

min_date AS (
    SELECT MIN(AS_OF_DATE) AS MIN_DATE
    FROM as_of_dates
),

backfill_as_of AS (
    SELECT AS_OF_DATE
    FROM as_of_dates AS a

    
    WHERE a.AS_OF_DATE < (SELECT LAST_SAFE_LOAD_DATETIME FROM last_safe_load_datetime)
),

new_rows_pks AS (
    SELECT h.customer_pk
    FROM "postgres"."dbt"."hub_customer" AS h

    
    WHERE h.load_date >= (SELECT LAST_SAFE_LOAD_DATETIME FROM last_safe_load_datetime)
),

new_rows_as_of AS (
    SELECT AS_OF_DATE
    FROM as_of_dates AS a
    
    WHERE a.AS_OF_DATE >= (SELECT LAST_SAFE_LOAD_DATETIME FROM last_safe_load_datetime)
    UNION
    SELECT as_of_date
    FROM as_of_grain_new_entries
),

overlap_pks AS (
    SELECT a.*
    FROM "postgres"."dbt"."customer_pit" AS a
    INNER JOIN "postgres"."dbt"."hub_customer" as b
        ON a.customer_pk = b.customer_pk
    
    WHERE a.AS_OF_DATE >= (SELECT MIN_DATE FROM min_date)
        AND a.AS_OF_DATE < (SELECT LAST_SAFE_LOAD_DATETIME FROM last_safe_load_datetime)
        AND a.AS_OF_DATE NOT IN (SELECT AS_OF_DATE FROM as_of_grain_lost_entries)
),

overlap_as_of AS (
    SELECT p.AS_OF_DATE
    FROM as_of_dates AS p
    
    WHERE p.AS_OF_DATE >= (SELECT MIN_DATE FROM min_date)
        AND p.AS_OF_DATE < (SELECT LAST_SAFE_LOAD_DATETIME FROM last_safe_load_datetime)
        AND p.AS_OF_DATE NOT IN (SELECT AS_OF_DATE FROM as_of_grain_lost_entries)
    
),

backfill_rows_as_of_dates AS (
    SELECT
        a.customer_pk,
        b.AS_OF_DATE
    FROM new_rows_pks AS a
    INNER JOIN backfill_as_of AS b
        ON (1=1)
),

backfill AS (
    SELECT
        a.customer_pk,
        a.AS_OF_DATE,

        COALESCE(DECODE(MAX(ENCODE(sat_customer_src.customer_pk, 'hex')), 'hex'),
                 CAST('0000000000000000' AS BYTEA))
        AS sat_customer_PK,

        COALESCE(MAX(sat_customer_src.load_date),
                 to_char(timestamp '1900-01-01 00:00:00.000', 'YYYY-MM-DD HH24:MI:SS.MS')::timestamp)
        AS sat_customer_LDTS,

        COALESCE(DECODE(MAX(ENCODE(sat_customer_crm_src.customer_pk, 'hex')), 'hex'),
                 CAST('0000000000000000' AS BYTEA))
        AS sat_customer_crm_PK,

        COALESCE(MAX(sat_customer_crm_src.load_date),
                 to_char(timestamp '1900-01-01 00:00:00.000', 'YYYY-MM-DD HH24:MI:SS.MS')::timestamp)
        AS sat_customer_crm_LDTS

    FROM backfill_rows_as_of_dates AS a

        LEFT OUTER JOIN "postgres"."dbt"."sat_customer" AS sat_customer_src
            ON a.customer_pk = sat_customer_src.customer_pk
            AND sat_customer_src.load_date <= a.AS_OF_DATE
    

        LEFT OUTER JOIN "postgres"."dbt"."sat_customer_crm" AS sat_customer_crm_src
            ON a.customer_pk = sat_customer_crm_src.customer_pk
            AND sat_customer_crm_src.load_date <= a.AS_OF_DATE
    

    GROUP BY
        a.customer_pk, a.AS_OF_DATE
),

new_rows_as_of_dates AS (
    SELECT
        a.customer_pk,
        b.AS_OF_DATE
    FROM "postgres"."dbt"."hub_customer" AS a
    INNER JOIN new_rows_as_of AS b
    ON (1=1)
),

new_rows AS (
    SELECT
        a.customer_pk,
        a.AS_OF_DATE,

        COALESCE(DECODE(MAX(ENCODE(sat_customer_src.customer_pk, 'hex')), 'hex'),
                 CAST('0000000000000000' AS BYTEA))
        AS sat_customer_PK,

        COALESCE(MAX(sat_customer_src.load_date),
                 to_char(timestamp '1900-01-01 00:00:00.000', 'YYYY-MM-DD HH24:MI:SS.MS')::timestamp)
        AS sat_customer_LDTS,

        COALESCE(DECODE(MAX(ENCODE(sat_customer_crm_src.customer_pk, 'hex')), 'hex'),
                 CAST('0000000000000000' AS BYTEA))
        AS sat_customer_crm_PK,

        COALESCE(MAX(sat_customer_crm_src.load_date),
                 to_char(timestamp '1900-01-01 00:00:00.000', 'YYYY-MM-DD HH24:MI:SS.MS')::timestamp)
        AS sat_customer_crm_LDTS

    FROM new_rows_as_of_dates AS a

        LEFT OUTER JOIN "postgres"."dbt"."sat_customer" AS sat_customer_src
            ON a.customer_pk = sat_customer_src.customer_pk
            AND sat_customer_src.load_date <= a.AS_OF_DATE
    

        LEFT OUTER JOIN "postgres"."dbt"."sat_customer_crm" AS sat_customer_crm_src
            ON a.customer_pk = sat_customer_crm_src.customer_pk
            AND sat_customer_crm_src.load_date <= a.AS_OF_DATE
    

    GROUP BY
        a.customer_pk,
        a.AS_OF_DATE
),

pit AS (
    SELECT * FROM new_rows
    UNION ALL
    SELECT * FROM overlap_pks
    UNION ALL
    SELECT * FROM backfill
    
)

SELECT DISTINCT * FROM pit
  );
  
  
[0m14:10:16.418571 [debug] [Thread-1  ]: Opening a new connection, currently in state closed
[0m14:10:16.430148 [debug] [Thread-1  ]: Postgres adapter: Postgres error: syntax error at or near ")"
LINE 28:         ) AS l
                 ^

[0m14:10:16.432112 [debug] [Thread-1  ]: Timing info for model.jaffle_shop_dbtvault.customer_pit (execute): 2026-05-19 14:10:16.391720 => 2026-05-19 14:10:16.432011
[0m14:10:16.433891 [debug] [Thread-1  ]: On model.jaffle_shop_dbtvault.customer_pit: Close
[0m14:10:16.437733 [debug] [Thread-1  ]: Database Error in model customer_pit (models/business_vault/customer_pit.sql)
  syntax error at or near ")"
  LINE 28:         ) AS l
                   ^
[0m14:10:16.440715 [debug] [Thread-1  ]: Sending event: {'category': 'dbt', 'action': 'run_model', 'label': 'a53e1753-e849-4ce4-b222-ebea30efd952', 'context': [<snowplow_tracker.self_describing_json.SelfDescribingJson object at 0x7f3848dd1b50>]}
[0m14:10:16.443671 [error] [Thread-1  ]: 11 of 14 ERROR creating sql pit_incremental model dbt.customer_pit ............. [[31mERROR[0m in 0.22s]
[0m14:10:16.445722 [debug] [Thread-1  ]: Finished running node model.jaffle_shop_dbtvault.customer_pit
[0m14:10:16.449119 [debug] [Thread-1  ]: Began running node model.jaffle_shop_dbtvault.our_customer_pit
[0m14:10:16.454836 [info ] [Thread-1  ]: 12 of 14 START sql view model dbt.our_customer_pit ............................. [RUN]
[0m14:10:16.458309 [debug] [Thread-1  ]: Acquiring new postgres connection 'model.jaffle_shop_dbtvault.our_customer_pit'
[0m14:10:16.460212 [debug] [Thread-1  ]: Began compiling node model.jaffle_shop_dbtvault.our_customer_pit
[0m14:10:16.470538 [debug] [Thread-1  ]: Writing injected SQL for node "model.jaffle_shop_dbtvault.our_customer_pit"
[0m14:10:16.479284 [debug] [Thread-1  ]: Timing info for model.jaffle_shop_dbtvault.our_customer_pit (compile): 2026-05-19 14:10:16.464266 => 2026-05-19 14:10:16.479171
[0m14:10:16.482327 [debug] [Thread-1  ]: Began executing node model.jaffle_shop_dbtvault.our_customer_pit
[0m14:10:16.498320 [debug] [Thread-1  ]: Writing runtime sql for node "model.jaffle_shop_dbtvault.our_customer_pit"
[0m14:10:16.512294 [debug] [Thread-1  ]: Using postgres connection "model.jaffle_shop_dbtvault.our_customer_pit"
[0m14:10:16.519679 [debug] [Thread-1  ]: On model.jaffle_shop_dbtvault.our_customer_pit: BEGIN
[0m14:10:16.521218 [debug] [Thread-1  ]: Opening a new connection, currently in state closed
[0m14:10:16.546799 [debug] [Thread-1  ]: SQL status: BEGIN in 0 seconds
[0m14:10:16.548830 [debug] [Thread-1  ]: Using postgres connection "model.jaffle_shop_dbtvault.our_customer_pit"
[0m14:10:16.550602 [debug] [Thread-1  ]: On model.jaffle_shop_dbtvault.our_customer_pit: /* {"app": "dbt", "dbt_version": "1.4.0", "profile_name": "jaffle_shop", "target_name": "dev", "node_id": "model.jaffle_shop_dbtvault.our_customer_pit"} */

  create view "postgres"."dbt"."our_customer_pit__dbt_tmp" as (
    with all_history (
    select hc.customer_pk,
    sc.last_name,
    sc.first_name,
    scc.age,
    sc.effective_from as sc_effective_from,
                  coalesce(lead(sc.effective_from) OVER (PARTITION BY hc.customer_pk ORDER BY sc.effective_from), '9999-12-31') as sc_effective_to,
    scc.effective_from as scc_effective_from,
                  coalesce(lead(scc.effective_from) OVER (PARTITION BY hc.customer_pk ORDER BY scc.effective_from), '9999-12-31') as scc_effective_to
    from "postgres"."dbt"."hub_customer" hc
    LEFT JOIN "postgres"."dbt"."sat_customer" sc ON sc.customer_pk = hc.customer_pk
    LEFT JOIN "postgres"."dbt"."sat_customer_crm" scc ON scc.customer_pk = hc.customer_pk
)

SELECT customer_pk, last_name, first_name, age, sc_effective_from, scc_effective_from
from all_history
where 1=1
  );
[0m14:10:16.555868 [debug] [Thread-1  ]: Postgres adapter: Postgres error: syntax error at or near "select"
LINE 5:     select hc.customer_pk,
            ^

[0m14:10:16.558213 [debug] [Thread-1  ]: On model.jaffle_shop_dbtvault.our_customer_pit: ROLLBACK
[0m14:10:16.565139 [debug] [Thread-1  ]: Timing info for model.jaffle_shop_dbtvault.our_customer_pit (execute): 2026-05-19 14:10:16.485116 => 2026-05-19 14:10:16.565002
[0m14:10:16.566159 [debug] [Thread-1  ]: On model.jaffle_shop_dbtvault.our_customer_pit: Close
[0m14:10:16.570397 [debug] [Thread-1  ]: Database Error in model our_customer_pit (models/business_vault/our_customer_pit.sql)
  syntax error at or near "select"
  LINE 5:     select hc.customer_pk,
              ^
  compiled Code at target/run/jaffle_shop_dbtvault/models/business_vault/our_customer_pit.sql
[0m14:10:16.577693 [debug] [Thread-1  ]: Sending event: {'category': 'dbt', 'action': 'run_model', 'label': 'a53e1753-e849-4ce4-b222-ebea30efd952', 'context': [<snowplow_tracker.self_describing_json.SelfDescribingJson object at 0x7f384b068490>]}
[0m14:10:16.580394 [error] [Thread-1  ]: 12 of 14 ERROR creating sql view model dbt.our_customer_pit .................... [[31mERROR[0m in 0.12s]
[0m14:10:16.582087 [debug] [Thread-1  ]: Finished running node model.jaffle_shop_dbtvault.our_customer_pit
[0m14:10:16.591441 [debug] [Thread-1  ]: Began running node model.jaffle_shop_dbtvault.stg_link_customer_order
[0m14:10:16.594017 [info ] [Thread-1  ]: 13 of 14 START sql view model dbt.stg_link_customer_order ...................... [RUN]
[0m14:10:16.598183 [debug] [Thread-1  ]: Acquiring new postgres connection 'model.jaffle_shop_dbtvault.stg_link_customer_order'
[0m14:10:16.600383 [debug] [Thread-1  ]: Began compiling node model.jaffle_shop_dbtvault.stg_link_customer_order
[0m14:10:16.634343 [debug] [Thread-1  ]: Using postgres connection "model.jaffle_shop_dbtvault.stg_link_customer_order"
[0m14:10:16.635557 [debug] [Thread-1  ]: On model.jaffle_shop_dbtvault.stg_link_customer_order: BEGIN
[0m14:10:16.638857 [debug] [Thread-1  ]: Opening a new connection, currently in state closed
[0m14:10:16.654870 [debug] [Thread-1  ]: SQL status: BEGIN in 0 seconds
[0m14:10:16.656276 [debug] [Thread-1  ]: Using postgres connection "model.jaffle_shop_dbtvault.stg_link_customer_order"
[0m14:10:16.661081 [debug] [Thread-1  ]: On model.jaffle_shop_dbtvault.stg_link_customer_order: /* {"app": "dbt", "dbt_version": "1.4.0", "profile_name": "jaffle_shop", "target_name": "dev", "node_id": "model.jaffle_shop_dbtvault.stg_link_customer_order"} */

      select
          column_name,
          data_type,
          character_maximum_length,
          numeric_precision,
          numeric_scale

      from "postgres".INFORMATION_SCHEMA.columns
      where table_name = 'stg_customer_order'
        
        and table_schema = 'dbt'
        
      order by ordinal_position

  
[0m14:10:16.684189 [debug] [Thread-1  ]: SQL status: SELECT 4 in 0 seconds
[0m14:10:16.704001 [debug] [Thread-1  ]: Using postgres connection "model.jaffle_shop_dbtvault.stg_link_customer_order"
[0m14:10:16.711812 [debug] [Thread-1  ]: On model.jaffle_shop_dbtvault.stg_link_customer_order: /* {"app": "dbt", "dbt_version": "1.4.0", "profile_name": "jaffle_shop", "target_name": "dev", "node_id": "model.jaffle_shop_dbtvault.stg_link_customer_order"} */

      select
          column_name,
          data_type,
          character_maximum_length,
          numeric_precision,
          numeric_scale

      from "postgres".INFORMATION_SCHEMA.columns
      where table_name = 'stg_customer_order'
        
        and table_schema = 'dbt'
        
      order by ordinal_position

  
[0m14:10:16.735434 [debug] [Thread-1  ]: SQL status: SELECT 4 in 0 seconds
[0m14:10:16.764594 [debug] [Thread-1  ]: Writing injected SQL for node "model.jaffle_shop_dbtvault.stg_link_customer_order"
[0m14:10:16.777651 [debug] [Thread-1  ]: Timing info for model.jaffle_shop_dbtvault.stg_link_customer_order (compile): 2026-05-19 14:10:16.606829 => 2026-05-19 14:10:16.775441
[0m14:10:16.785683 [debug] [Thread-1  ]: Began executing node model.jaffle_shop_dbtvault.stg_link_customer_order
[0m14:10:16.800655 [debug] [Thread-1  ]: Writing runtime sql for node "model.jaffle_shop_dbtvault.stg_link_customer_order"
[0m14:10:16.808346 [debug] [Thread-1  ]: Using postgres connection "model.jaffle_shop_dbtvault.stg_link_customer_order"
[0m14:10:16.814973 [debug] [Thread-1  ]: On model.jaffle_shop_dbtvault.stg_link_customer_order: /* {"app": "dbt", "dbt_version": "1.4.0", "profile_name": "jaffle_shop", "target_name": "dev", "node_id": "model.jaffle_shop_dbtvault.stg_link_customer_order"} */

  create view "postgres"."dbt"."stg_link_customer_order__dbt_tmp" as (
    





with staging as (
    -- Generated by AutomateDV (formerly known as dbtvault)

    

WITH source_data AS (

    SELECT

    order_key,
    customer_key,
    customer_pk,
    order_pk

    FROM "postgres"."dbt"."stg_customer_order"
),

derived_columns AS (

    SELECT

    order_key,
    customer_key,
    customer_pk,
    order_pk,
    'CSV_CUSTOMERS'::TEXT AS RECORD_SOURCE

    FROM source_data
),

hashed_columns AS (

    SELECT

    order_key,
    customer_key,
    customer_pk,
    order_pk,
    RECORD_SOURCE,

    DECODE(MD5(NULLIF(CONCAT(
        COALESCE(NULLIF(UPPER(TRIM(CAST(ORDER_KEY AS VARCHAR))), ''), '^^'), '||',
        COALESCE(NULLIF(UPPER(TRIM(CAST(CUSTOMER_KEY AS VARCHAR))), ''), '^^')
    ), '^^||^^')), 'hex') AS LINK_CUSTOMER_ORDER_PK

    FROM derived_columns
),

columns_to_select AS (

    SELECT

    order_key,
    customer_key,
    customer_pk,
    order_pk,
    RECORD_SOURCE,
    LINK_CUSTOMER_ORDER_PK

    FROM hashed_columns
)

SELECT * FROM columns_to_select
)

select *, current_timestamp as LOAD_DATE,
    current_timestamp AS EFFECTIVE_FROM from staging
  );
[0m14:10:16.822052 [debug] [Thread-1  ]: SQL status: CREATE VIEW in 0 seconds
[0m14:10:16.835582 [debug] [Thread-1  ]: Using postgres connection "model.jaffle_shop_dbtvault.stg_link_customer_order"
[0m14:10:16.837009 [debug] [Thread-1  ]: On model.jaffle_shop_dbtvault.stg_link_customer_order: /* {"app": "dbt", "dbt_version": "1.4.0", "profile_name": "jaffle_shop", "target_name": "dev", "node_id": "model.jaffle_shop_dbtvault.stg_link_customer_order"} */
alter table "postgres"."dbt"."stg_link_customer_order__dbt_tmp" rename to "stg_link_customer_order"
[0m14:10:16.839897 [debug] [Thread-1  ]: SQL status: ALTER TABLE in 0 seconds
[0m14:10:16.844450 [debug] [Thread-1  ]: On model.jaffle_shop_dbtvault.stg_link_customer_order: COMMIT
[0m14:10:16.845755 [debug] [Thread-1  ]: Using postgres connection "model.jaffle_shop_dbtvault.stg_link_customer_order"
[0m14:10:16.847326 [debug] [Thread-1  ]: On model.jaffle_shop_dbtvault.stg_link_customer_order: COMMIT
[0m14:10:16.850855 [debug] [Thread-1  ]: SQL status: COMMIT in 0 seconds
[0m14:10:16.864936 [debug] [Thread-1  ]: Using postgres connection "model.jaffle_shop_dbtvault.stg_link_customer_order"
[0m14:10:16.867231 [debug] [Thread-1  ]: On model.jaffle_shop_dbtvault.stg_link_customer_order: /* {"app": "dbt", "dbt_version": "1.4.0", "profile_name": "jaffle_shop", "target_name": "dev", "node_id": "model.jaffle_shop_dbtvault.stg_link_customer_order"} */
drop view if exists "postgres"."dbt"."stg_link_customer_order__dbt_backup" cascade
[0m14:10:16.871340 [debug] [Thread-1  ]: SQL status: DROP VIEW in 0 seconds
[0m14:10:16.875535 [debug] [Thread-1  ]: Timing info for model.jaffle_shop_dbtvault.stg_link_customer_order (execute): 2026-05-19 14:10:16.787119 => 2026-05-19 14:10:16.875455
[0m14:10:16.876912 [debug] [Thread-1  ]: On model.jaffle_shop_dbtvault.stg_link_customer_order: Close
[0m14:10:16.880566 [debug] [Thread-1  ]: Sending event: {'category': 'dbt', 'action': 'run_model', 'label': 'a53e1753-e849-4ce4-b222-ebea30efd952', 'context': [<snowplow_tracker.self_describing_json.SelfDescribingJson object at 0x7f3848d5b0a0>]}
[0m14:10:16.883159 [info ] [Thread-1  ]: 13 of 14 OK created sql view model dbt.stg_link_customer_order ................. [[32mCREATE VIEW[0m in 0.28s]
[0m14:10:16.885775 [debug] [Thread-1  ]: Finished running node model.jaffle_shop_dbtvault.stg_link_customer_order
[0m14:10:16.889075 [debug] [Thread-1  ]: Began running node model.jaffle_shop_dbtvault.link_customer_order
[0m14:10:16.891226 [info ] [Thread-1  ]: 14 of 14 START sql incremental model dbt.link_customer_order ................... [RUN]
[0m14:10:16.895622 [debug] [Thread-1  ]: Acquiring new postgres connection 'model.jaffle_shop_dbtvault.link_customer_order'
[0m14:10:16.897458 [debug] [Thread-1  ]: Began compiling node model.jaffle_shop_dbtvault.link_customer_order
[0m14:10:16.929884 [info ] [Thread-1  ]: 14:10:16 + Loading postgres.dbt.link_customer_order from 1 source(s)
[0m14:10:16.993334 [debug] [Thread-1  ]: Writing injected SQL for node "model.jaffle_shop_dbtvault.link_customer_order"
[0m14:10:17.002642 [debug] [Thread-1  ]: Timing info for model.jaffle_shop_dbtvault.link_customer_order (compile): 2026-05-19 14:10:16.904997 => 2026-05-19 14:10:17.002191
[0m14:10:17.005785 [debug] [Thread-1  ]: Began executing node model.jaffle_shop_dbtvault.link_customer_order
[0m14:10:17.023552 [debug] [Thread-1  ]: Using postgres connection "model.jaffle_shop_dbtvault.link_customer_order"
[0m14:10:17.024862 [debug] [Thread-1  ]: On model.jaffle_shop_dbtvault.link_customer_order: /* {"app": "dbt", "dbt_version": "1.4.0", "profile_name": "jaffle_shop", "target_name": "dev", "node_id": "model.jaffle_shop_dbtvault.link_customer_order"} */

    
  
    

  create temporary table "link_customer_order__dbt_tmp141017017255"
  as (
    -- Generated by AutomateDV (formerly known as dbtvault)

    

WITH row_rank_1 AS (
  SELECT * FROM (
    SELECT rr.LINK_CUSTOMER_ORDER_PK, rr.CUSTOMER_PK, rr.ORDER_PK, rr.LOAD_DATE, rr.RECORD_SOURCE,
           ROW_NUMBER() OVER(
               PARTITION BY rr.LINK_CUSTOMER_ORDER_PK
               ORDER BY rr.LOAD_DATE
           ) AS row_number
    FROM "postgres"."dbt"."stg_link_customer_order" AS rr
    WHERE rr.LINK_CUSTOMER_ORDER_PK IS NOT NULL
    AND rr.CUSTOMER_PK IS NOT NULL
    AND rr.ORDER_PK IS NOT NULL
  ) as l
  WHERE row_number = 1
),

records_to_insert AS (
    SELECT a.LINK_CUSTOMER_ORDER_PK, a.CUSTOMER_PK, a.ORDER_PK, a.LOAD_DATE, a.RECORD_SOURCE
    FROM row_rank_1 AS a
    LEFT JOIN "postgres"."dbt"."link_customer_order" AS d
    ON a.LINK_CUSTOMER_ORDER_PK = d.LINK_CUSTOMER_ORDER_PK
    WHERE d.LINK_CUSTOMER_ORDER_PK IS NULL
)

SELECT * FROM records_to_insert
  );
  
  
[0m14:10:17.031843 [debug] [Thread-1  ]: Opening a new connection, currently in state closed
[0m14:10:17.093822 [debug] [Thread-1  ]: SQL status: SELECT 0 in 0 seconds
[0m14:10:17.106453 [debug] [Thread-1  ]: Using postgres connection "model.jaffle_shop_dbtvault.link_customer_order"
[0m14:10:17.109785 [debug] [Thread-1  ]: On model.jaffle_shop_dbtvault.link_customer_order: BEGIN
[0m14:10:17.114402 [debug] [Thread-1  ]: SQL status: BEGIN in 0 seconds
[0m14:10:17.118066 [debug] [Thread-1  ]: Using postgres connection "model.jaffle_shop_dbtvault.link_customer_order"
[0m14:10:17.121756 [debug] [Thread-1  ]: On model.jaffle_shop_dbtvault.link_customer_order: /* {"app": "dbt", "dbt_version": "1.4.0", "profile_name": "jaffle_shop", "target_name": "dev", "node_id": "model.jaffle_shop_dbtvault.link_customer_order"} */

      select
          column_name,
          data_type,
          character_maximum_length,
          numeric_precision,
          numeric_scale

      from INFORMATION_SCHEMA.columns
      where table_name = 'link_customer_order__dbt_tmp141017017255'
        
      order by ordinal_position

  
[0m14:10:17.136323 [debug] [Thread-1  ]: SQL status: SELECT 5 in 0 seconds
[0m14:10:17.153300 [debug] [Thread-1  ]: Using postgres connection "model.jaffle_shop_dbtvault.link_customer_order"
[0m14:10:17.154398 [debug] [Thread-1  ]: On model.jaffle_shop_dbtvault.link_customer_order: /* {"app": "dbt", "dbt_version": "1.4.0", "profile_name": "jaffle_shop", "target_name": "dev", "node_id": "model.jaffle_shop_dbtvault.link_customer_order"} */

      select
          column_name,
          data_type,
          character_maximum_length,
          numeric_precision,
          numeric_scale

      from "postgres".INFORMATION_SCHEMA.columns
      where table_name = 'link_customer_order'
        
        and table_schema = 'dbt'
        
      order by ordinal_position

  
[0m14:10:17.161082 [debug] [Thread-1  ]: SQL status: SELECT 5 in 0 seconds
[0m14:10:17.227378 [debug] [Thread-1  ]: Using postgres connection "model.jaffle_shop_dbtvault.link_customer_order"
[0m14:10:17.228543 [debug] [Thread-1  ]: On model.jaffle_shop_dbtvault.link_customer_order: /* {"app": "dbt", "dbt_version": "1.4.0", "profile_name": "jaffle_shop", "target_name": "dev", "node_id": "model.jaffle_shop_dbtvault.link_customer_order"} */

      select
          column_name,
          data_type,
          character_maximum_length,
          numeric_precision,
          numeric_scale

      from "postgres".INFORMATION_SCHEMA.columns
      where table_name = 'link_customer_order'
        
        and table_schema = 'dbt'
        
      order by ordinal_position

  
[0m14:10:17.236386 [debug] [Thread-1  ]: SQL status: SELECT 5 in 0 seconds
[0m14:10:17.241263 [debug] [Thread-1  ]: Writing runtime sql for node "model.jaffle_shop_dbtvault.link_customer_order"
[0m14:10:17.245712 [debug] [Thread-1  ]: Using postgres connection "model.jaffle_shop_dbtvault.link_customer_order"
[0m14:10:17.246860 [debug] [Thread-1  ]: On model.jaffle_shop_dbtvault.link_customer_order: /* {"app": "dbt", "dbt_version": "1.4.0", "profile_name": "jaffle_shop", "target_name": "dev", "node_id": "model.jaffle_shop_dbtvault.link_customer_order"} */

      insert into "postgres"."dbt"."link_customer_order" ("link_customer_order_pk", "customer_pk", "order_pk", "load_date", "record_source")
    (
        select "link_customer_order_pk", "customer_pk", "order_pk", "load_date", "record_source"
        from "link_customer_order__dbt_tmp141017017255"
    )


  
[0m14:10:17.250014 [debug] [Thread-1  ]: SQL status: INSERT 0 0 in 0 seconds
[0m14:10:17.253695 [debug] [Thread-1  ]: On model.jaffle_shop_dbtvault.link_customer_order: COMMIT
[0m14:10:17.254956 [debug] [Thread-1  ]: Using postgres connection "model.jaffle_shop_dbtvault.link_customer_order"
[0m14:10:17.256352 [debug] [Thread-1  ]: On model.jaffle_shop_dbtvault.link_customer_order: COMMIT
[0m14:10:17.259747 [debug] [Thread-1  ]: SQL status: COMMIT in 0 seconds
[0m14:10:17.262492 [debug] [Thread-1  ]: Timing info for model.jaffle_shop_dbtvault.link_customer_order (execute): 2026-05-19 14:10:17.008775 => 2026-05-19 14:10:17.262424
[0m14:10:17.264390 [debug] [Thread-1  ]: On model.jaffle_shop_dbtvault.link_customer_order: Close
[0m14:10:17.266962 [debug] [Thread-1  ]: Sending event: {'category': 'dbt', 'action': 'run_model', 'label': 'a53e1753-e849-4ce4-b222-ebea30efd952', 'context': [<snowplow_tracker.self_describing_json.SelfDescribingJson object at 0x7f3848e64fa0>]}
[0m14:10:17.270460 [info ] [Thread-1  ]: 14 of 14 OK created sql incremental model dbt.link_customer_order .............. [[32mINSERT 0 0[0m in 0.37s]
[0m14:10:17.273607 [debug] [Thread-1  ]: Finished running node model.jaffle_shop_dbtvault.link_customer_order
[0m14:10:17.278068 [debug] [MainThread]: Acquiring new postgres connection 'master'
[0m14:10:17.280612 [debug] [MainThread]: Using postgres connection "master"
[0m14:10:17.281561 [debug] [MainThread]: On master: BEGIN
[0m14:10:17.282737 [debug] [MainThread]: Opening a new connection, currently in state closed
[0m14:10:17.300910 [debug] [MainThread]: SQL status: BEGIN in 0 seconds
[0m14:10:17.303644 [debug] [MainThread]: On master: COMMIT
[0m14:10:17.306859 [debug] [MainThread]: Using postgres connection "master"
[0m14:10:17.309703 [debug] [MainThread]: On master: COMMIT
[0m14:10:17.312543 [debug] [MainThread]: SQL status: COMMIT in 0 seconds
[0m14:10:17.315982 [debug] [MainThread]: On master: Close
[0m14:10:17.319226 [debug] [MainThread]: Connection 'master' was properly closed.
[0m14:10:17.324279 [debug] [MainThread]: Connection 'model.jaffle_shop_dbtvault.link_customer_order' was properly closed.
[0m14:10:17.326958 [info ] [MainThread]: 
[0m14:10:17.336989 [info ] [MainThread]: Finished running 1 table model, 6 view models, 6 incremental models, 1 pit_incremental model in 0 hours 0 minutes and 6.60 seconds (6.60s).
[0m14:10:17.345598 [debug] [MainThread]: Command end result
[0m14:10:17.409992 [info ] [MainThread]: 
[0m14:10:17.420527 [info ] [MainThread]: [31mCompleted with 2 errors and 0 warnings:[0m
[0m14:10:17.435708 [info ] [MainThread]: 
[0m14:10:17.459145 [error] [MainThread]: [33mDatabase Error in model customer_pit (models/business_vault/customer_pit.sql)[0m
[0m14:10:17.462758 [error] [MainThread]:   syntax error at or near ")"
[0m14:10:17.468958 [error] [MainThread]:   LINE 28:         ) AS l
[0m14:10:17.475734 [error] [MainThread]:                    ^
[0m14:10:17.482275 [info ] [MainThread]: 
[0m14:10:17.492679 [error] [MainThread]: [33mDatabase Error in model our_customer_pit (models/business_vault/our_customer_pit.sql)[0m
[0m14:10:17.499788 [error] [MainThread]:   syntax error at or near "select"
[0m14:10:17.505247 [error] [MainThread]:   LINE 5:     select hc.customer_pk,
[0m14:10:17.510553 [error] [MainThread]:               ^
[0m14:10:17.517334 [error] [MainThread]:   compiled Code at target/run/jaffle_shop_dbtvault/models/business_vault/our_customer_pit.sql
[0m14:10:17.523676 [info ] [MainThread]: 
[0m14:10:17.528743 [info ] [MainThread]: Done. PASS=12 WARN=0 ERROR=2 SKIP=0 TOTAL=14
[0m14:10:17.534844 [debug] [MainThread]: Sending event: {'category': 'dbt', 'action': 'invocation', 'label': 'end', 'context': [<snowplow_tracker.self_describing_json.SelfDescribingJson object at 0x7f3848d43ee0>, <snowplow_tracker.self_describing_json.SelfDescribingJson object at 0x7f384cc565b0>, <snowplow_tracker.self_describing_json.SelfDescribingJson object at 0x7f384b2031f0>]}
[0m14:10:17.539347 [debug] [MainThread]: Flushing usage events


============================== 2026-05-19 14:13:50.648513 | f0e4e73d-e56f-40c8-97eb-a8d0601461c0 ==============================
[0m14:13:50.648513 [info ] [MainThread]: Running with dbt=1.4.0
[0m14:13:50.655429 [debug] [MainThread]: running dbt with arguments {'write_json': True, 'use_colors': True, 'printer_width': 80, 'version_check': True, 'partial_parse': True, 'static_parser': True, 'profiles_dir': '/workspace', 'send_anonymous_usage_stats': True, 'quiet': False, 'no_print': False, 'cache_selected_only': False, 'which': 'run', 'rpc_method': 'run', 'indirect_selection': 'eager'}
[0m14:13:50.660902 [debug] [MainThread]: Tracking: tracking
[0m14:13:50.684418 [debug] [MainThread]: Sending event: {'category': 'dbt', 'action': 'invocation', 'label': 'start', 'context': [<snowplow_tracker.self_describing_json.SelfDescribingJson object at 0x7feeee9e4a90>, <snowplow_tracker.self_describing_json.SelfDescribingJson object at 0x7feeee9e40d0>, <snowplow_tracker.self_describing_json.SelfDescribingJson object at 0x7feeee9e4880>]}
[0m14:13:51.407770 [debug] [MainThread]: Partial parsing enabled: 0 files deleted, 0 files added, 1 files changed.
[0m14:13:51.411158 [debug] [MainThread]: Partial parsing: updated file: jaffle_shop_dbtvault://models/business_vault/customer_pit.sql
[0m14:13:51.471655 [debug] [MainThread]: 1603: static parser failed on business_vault/customer_pit.sql
[0m14:13:51.860426 [debug] [MainThread]: 1602: parser fallback to jinja rendering on business_vault/customer_pit.sql
[0m14:13:51.917889 [debug] [MainThread]: Sending event: {'category': 'dbt', 'action': 'load_project', 'label': 'f0e4e73d-e56f-40c8-97eb-a8d0601461c0', 'context': [<snowplow_tracker.self_describing_json.SelfDescribingJson object at 0x7feeee8ba0d0>]}
[0m14:13:51.984001 [debug] [MainThread]: Sending event: {'category': 'dbt', 'action': 'resource_counts', 'label': 'f0e4e73d-e56f-40c8-97eb-a8d0601461c0', 'context': [<snowplow_tracker.self_describing_json.SelfDescribingJson object at 0x7feeee66f1c0>]}
[0m14:13:51.991243 [info ] [MainThread]: Found 14 models, 0 tests, 0 snapshots, 0 analyses, 658 macros, 0 operations, 3 seed files, 7 sources, 0 exposures, 0 metrics
[0m14:13:51.997149 [debug] [MainThread]: Sending event: {'category': 'dbt', 'action': 'runnable_timing', 'label': 'f0e4e73d-e56f-40c8-97eb-a8d0601461c0', 'context': [<snowplow_tracker.self_describing_json.SelfDescribingJson object at 0x7feeee9da940>]}
[0m14:13:52.006282 [info ] [MainThread]: 
[0m14:13:52.017803 [debug] [MainThread]: Acquiring new postgres connection 'master'
[0m14:13:52.036966 [debug] [ThreadPool]: Acquiring new postgres connection 'list_postgres'
[0m14:13:52.088522 [debug] [ThreadPool]: Using postgres connection "list_postgres"
[0m14:13:52.091629 [debug] [ThreadPool]: On list_postgres: /* {"app": "dbt", "dbt_version": "1.4.0", "profile_name": "jaffle_shop", "target_name": "dev", "connection_name": "list_postgres"} */

    select distinct nspname from pg_namespace
  
[0m14:13:52.096733 [debug] [ThreadPool]: Opening a new connection, currently in state init
[0m14:13:52.135701 [debug] [ThreadPool]: SQL status: SELECT 29 in 0 seconds
[0m14:13:52.143649 [debug] [ThreadPool]: On list_postgres: Close
[0m14:13:52.167214 [debug] [ThreadPool]: Acquiring new postgres connection 'list_postgres_dbt'
[0m14:13:52.212495 [debug] [ThreadPool]: Using postgres connection "list_postgres_dbt"
[0m14:13:52.221450 [debug] [ThreadPool]: On list_postgres_dbt: BEGIN
[0m14:13:52.228851 [debug] [ThreadPool]: Opening a new connection, currently in state closed
[0m14:13:52.249005 [debug] [ThreadPool]: SQL status: BEGIN in 0 seconds
[0m14:13:52.253008 [debug] [ThreadPool]: Using postgres connection "list_postgres_dbt"
[0m14:13:52.256498 [debug] [ThreadPool]: On list_postgres_dbt: /* {"app": "dbt", "dbt_version": "1.4.0", "profile_name": "jaffle_shop", "target_name": "dev", "connection_name": "list_postgres_dbt"} */
select
      'postgres' as database,
      tablename as name,
      schemaname as schema,
      'table' as type
    from pg_tables
    where schemaname ilike 'dbt'
    union all
    select
      'postgres' as database,
      viewname as name,
      schemaname as schema,
      'view' as type
    from pg_views
    where schemaname ilike 'dbt'
  
[0m14:13:52.268380 [debug] [ThreadPool]: SQL status: SELECT 16 in 0 seconds
[0m14:13:52.276000 [debug] [ThreadPool]: On list_postgres_dbt: ROLLBACK
[0m14:13:52.284340 [debug] [ThreadPool]: On list_postgres_dbt: Close
[0m14:13:52.308311 [debug] [MainThread]: Using postgres connection "master"
[0m14:13:52.311507 [debug] [MainThread]: On master: BEGIN
[0m14:13:52.314306 [debug] [MainThread]: Opening a new connection, currently in state init
[0m14:13:52.335652 [debug] [MainThread]: SQL status: BEGIN in 0 seconds
[0m14:13:52.337846 [debug] [MainThread]: Using postgres connection "master"
[0m14:13:52.341755 [debug] [MainThread]: On master: /* {"app": "dbt", "dbt_version": "1.4.0", "profile_name": "jaffle_shop", "target_name": "dev", "connection_name": "master"} */
with relation as (
        select
            pg_rewrite.ev_class as class,
            pg_rewrite.oid as id
        from pg_rewrite
    ),
    class as (
        select
            oid as id,
            relname as name,
            relnamespace as schema,
            relkind as kind
        from pg_class
    ),
    dependency as (
        select distinct
            pg_depend.objid as id,
            pg_depend.refobjid as ref
        from pg_depend
    ),
    schema as (
        select
            pg_namespace.oid as id,
            pg_namespace.nspname as name
        from pg_namespace
        where nspname != 'information_schema' and nspname not like 'pg\_%'
    ),
    referenced as (
        select
            relation.id AS id,
            referenced_class.name ,
            referenced_class.schema ,
            referenced_class.kind
        from relation
        join class as referenced_class on relation.class=referenced_class.id
        where referenced_class.kind in ('r', 'v')
    ),
    relationships as (
        select
            referenced.name as referenced_name,
            referenced.schema as referenced_schema_id,
            dependent_class.name as dependent_name,
            dependent_class.schema as dependent_schema_id,
            referenced.kind as kind
        from referenced
        join dependency on referenced.id=dependency.id
        join class as dependent_class on dependency.ref=dependent_class.id
        where
            (referenced.name != dependent_class.name or
             referenced.schema != dependent_class.schema)
    )

    select
        referenced_schema.name as referenced_schema,
        relationships.referenced_name as referenced_name,
        dependent_schema.name as dependent_schema,
        relationships.dependent_name as dependent_name
    from relationships
    join schema as dependent_schema on relationships.dependent_schema_id=dependent_schema.id
    join schema as referenced_schema on relationships.referenced_schema_id=referenced_schema.id
    group by referenced_schema, referenced_name, dependent_schema, dependent_name
    order by referenced_schema, referenced_name, dependent_schema, dependent_name;
[0m14:13:52.359988 [debug] [MainThread]: SQL status: SELECT 6 in 0 seconds
[0m14:13:52.379651 [debug] [MainThread]: Sending event: {'category': 'dbt', 'action': 'runnable_timing', 'label': 'f0e4e73d-e56f-40c8-97eb-a8d0601461c0', 'context': [<snowplow_tracker.self_describing_json.SelfDescribingJson object at 0x7feeee5fc3a0>]}
[0m14:13:52.388631 [debug] [MainThread]: On master: ROLLBACK
[0m14:13:52.398993 [debug] [MainThread]: Using postgres connection "master"
[0m14:13:52.403669 [debug] [MainThread]: On master: BEGIN
[0m14:13:52.412018 [debug] [MainThread]: SQL status: BEGIN in 0 seconds
[0m14:13:52.416187 [debug] [MainThread]: On master: COMMIT
[0m14:13:52.424079 [debug] [MainThread]: Using postgres connection "master"
[0m14:13:52.432037 [debug] [MainThread]: On master: COMMIT
[0m14:13:52.447525 [debug] [MainThread]: SQL status: COMMIT in 0 seconds
[0m14:13:52.460654 [debug] [MainThread]: On master: Close
[0m14:13:52.471799 [info ] [MainThread]: Concurrency: 1 threads (target='dev')
[0m14:13:52.487473 [info ] [MainThread]: 
[0m14:13:52.534434 [debug] [Thread-1  ]: Began running node model.jaffle_shop_dbtvault.as_of_date
[0m14:13:52.547279 [info ] [Thread-1  ]: 1 of 14 START sql table model dbt.as_of_date ................................... [RUN]
[0m14:13:52.561685 [debug] [Thread-1  ]: Acquiring new postgres connection 'model.jaffle_shop_dbtvault.as_of_date'
[0m14:13:52.573220 [debug] [Thread-1  ]: Began compiling node model.jaffle_shop_dbtvault.as_of_date
[0m14:13:52.680066 [debug] [Thread-1  ]: Using postgres connection "model.jaffle_shop_dbtvault.as_of_date"
[0m14:13:52.687224 [debug] [Thread-1  ]: On model.jaffle_shop_dbtvault.as_of_date: BEGIN
[0m14:13:52.692112 [debug] [Thread-1  ]: Opening a new connection, currently in state closed
[0m14:13:52.737875 [debug] [Thread-1  ]: SQL status: BEGIN in 0 seconds
[0m14:13:52.740849 [debug] [Thread-1  ]: Using postgres connection "model.jaffle_shop_dbtvault.as_of_date"
[0m14:13:52.756897 [debug] [Thread-1  ]: On model.jaffle_shop_dbtvault.as_of_date: /* {"app": "dbt", "dbt_version": "1.4.0", "profile_name": "jaffle_shop", "target_name": "dev", "node_id": "model.jaffle_shop_dbtvault.as_of_date"} */


        select 
        ((TO_DATE('2021/04/01', 'yyyy/mm/dd'))::date - (TO_DATE('2021/01/01', 'yyyy/mm/dd'))::date)
    
[0m14:13:52.771570 [debug] [Thread-1  ]: SQL status: SELECT 1 in 0 seconds
[0m14:13:52.812948 [debug] [Thread-1  ]: Writing injected SQL for node "model.jaffle_shop_dbtvault.as_of_date"
[0m14:13:52.823577 [debug] [Thread-1  ]: Timing info for model.jaffle_shop_dbtvault.as_of_date (compile): 2026-05-19 14:13:52.581774 => 2026-05-19 14:13:52.823365
[0m14:13:52.829926 [debug] [Thread-1  ]: Began executing node model.jaffle_shop_dbtvault.as_of_date
[0m14:13:52.937766 [debug] [Thread-1  ]: Writing runtime sql for node "model.jaffle_shop_dbtvault.as_of_date"
[0m14:13:52.944981 [debug] [Thread-1  ]: Using postgres connection "model.jaffle_shop_dbtvault.as_of_date"
[0m14:13:52.948335 [debug] [Thread-1  ]: On model.jaffle_shop_dbtvault.as_of_date: /* {"app": "dbt", "dbt_version": "1.4.0", "profile_name": "jaffle_shop", "target_name": "dev", "node_id": "model.jaffle_shop_dbtvault.as_of_date"} */

  
    

  create  table "postgres"."dbt"."as_of_date__dbt_tmp"
  as (
    WITH as_of_date AS (
    





with rawdata as (

    

    

    with p as (
        select 0 as generated_number union all select 1
    ), unioned as (

    select

    
    p0.generated_number * power(2, 0)
     + 
    
    p1.generated_number * power(2, 1)
     + 
    
    p2.generated_number * power(2, 2)
     + 
    
    p3.generated_number * power(2, 3)
     + 
    
    p4.generated_number * power(2, 4)
     + 
    
    p5.generated_number * power(2, 5)
     + 
    
    p6.generated_number * power(2, 6)
    
    
    + 1
    as generated_number

    from

    
    p as p0
     cross join 
    
    p as p1
     cross join 
    
    p as p2
     cross join 
    
    p as p3
     cross join 
    
    p as p4
     cross join 
    
    p as p5
     cross join 
    
    p as p6
    
    

    )

    select *
    from unioned
    where generated_number <= 90
    order by generated_number



),

all_periods as (

    select (
        

    TO_DATE('2021/01/01', 'yyyy/mm/dd') + ((interval '1 day') * (row_number() over (order by generated_number) - 1))


    ) as date_day
    from rawdata

),

filtered as (

    select *
    from all_periods
    where date_day <= TO_DATE('2021/04/01', 'yyyy/mm/dd')

)

select * from filtered


)

SELECT DATE_day as AS_OF_DATE FROM as_of_date
  );
  
[0m14:13:52.959988 [debug] [Thread-1  ]: SQL status: SELECT 90 in 0 seconds
[0m14:13:52.985490 [debug] [Thread-1  ]: Using postgres connection "model.jaffle_shop_dbtvault.as_of_date"
[0m14:13:52.989426 [debug] [Thread-1  ]: On model.jaffle_shop_dbtvault.as_of_date: /* {"app": "dbt", "dbt_version": "1.4.0", "profile_name": "jaffle_shop", "target_name": "dev", "node_id": "model.jaffle_shop_dbtvault.as_of_date"} */
alter table "postgres"."dbt"."as_of_date" rename to "as_of_date__dbt_backup"
[0m14:13:52.993520 [debug] [Thread-1  ]: SQL status: ALTER TABLE in 0 seconds
[0m14:13:53.005938 [debug] [Thread-1  ]: Using postgres connection "model.jaffle_shop_dbtvault.as_of_date"
[0m14:13:53.008026 [debug] [Thread-1  ]: On model.jaffle_shop_dbtvault.as_of_date: /* {"app": "dbt", "dbt_version": "1.4.0", "profile_name": "jaffle_shop", "target_name": "dev", "node_id": "model.jaffle_shop_dbtvault.as_of_date"} */
alter table "postgres"."dbt"."as_of_date__dbt_tmp" rename to "as_of_date"
[0m14:13:53.012950 [debug] [Thread-1  ]: SQL status: ALTER TABLE in 0 seconds
[0m14:13:53.098210 [debug] [Thread-1  ]: On model.jaffle_shop_dbtvault.as_of_date: COMMIT
[0m14:13:53.100513 [debug] [Thread-1  ]: Using postgres connection "model.jaffle_shop_dbtvault.as_of_date"
[0m14:13:53.104391 [debug] [Thread-1  ]: On model.jaffle_shop_dbtvault.as_of_date: COMMIT
[0m14:13:53.110614 [debug] [Thread-1  ]: SQL status: COMMIT in 0 seconds
[0m14:13:53.130171 [debug] [Thread-1  ]: Using postgres connection "model.jaffle_shop_dbtvault.as_of_date"
[0m14:13:53.132392 [debug] [Thread-1  ]: On model.jaffle_shop_dbtvault.as_of_date: /* {"app": "dbt", "dbt_version": "1.4.0", "profile_name": "jaffle_shop", "target_name": "dev", "node_id": "model.jaffle_shop_dbtvault.as_of_date"} */
drop table if exists "postgres"."dbt"."as_of_date__dbt_backup" cascade
[0m14:13:53.141969 [debug] [Thread-1  ]: SQL status: DROP TABLE in 0 seconds
[0m14:13:53.150014 [debug] [Thread-1  ]: Timing info for model.jaffle_shop_dbtvault.as_of_date (execute): 2026-05-19 14:13:52.831570 => 2026-05-19 14:13:53.149766
[0m14:13:53.153308 [debug] [Thread-1  ]: On model.jaffle_shop_dbtvault.as_of_date: Close
[0m14:13:53.158508 [debug] [Thread-1  ]: Sending event: {'category': 'dbt', 'action': 'run_model', 'label': 'f0e4e73d-e56f-40c8-97eb-a8d0601461c0', 'context': [<snowplow_tracker.self_describing_json.SelfDescribingJson object at 0x7feeee8ef580>]}
[0m14:13:53.161708 [info ] [Thread-1  ]: 1 of 14 OK created sql table model dbt.as_of_date .............................. [[32mSELECT 90[0m in 0.60s]
[0m14:13:53.168485 [debug] [Thread-1  ]: Finished running node model.jaffle_shop_dbtvault.as_of_date
[0m14:13:53.173151 [debug] [Thread-1  ]: Began running node model.jaffle_shop_dbtvault.stg_customers
[0m14:13:53.176703 [info ] [Thread-1  ]: 2 of 14 START sql view model dbt.stg_customers ................................. [RUN]
[0m14:13:53.180028 [debug] [Thread-1  ]: Acquiring new postgres connection 'model.jaffle_shop_dbtvault.stg_customers'
[0m14:13:53.183347 [debug] [Thread-1  ]: Began compiling node model.jaffle_shop_dbtvault.stg_customers
[0m14:13:53.331462 [debug] [Thread-1  ]: Using postgres connection "model.jaffle_shop_dbtvault.stg_customers"
[0m14:13:53.335846 [debug] [Thread-1  ]: On model.jaffle_shop_dbtvault.stg_customers: BEGIN
[0m14:13:53.342627 [debug] [Thread-1  ]: Opening a new connection, currently in state closed
[0m14:13:53.374771 [debug] [Thread-1  ]: SQL status: BEGIN in 0 seconds
[0m14:13:53.381737 [debug] [Thread-1  ]: Using postgres connection "model.jaffle_shop_dbtvault.stg_customers"
[0m14:13:53.386574 [debug] [Thread-1  ]: On model.jaffle_shop_dbtvault.stg_customers: /* {"app": "dbt", "dbt_version": "1.4.0", "profile_name": "jaffle_shop", "target_name": "dev", "node_id": "model.jaffle_shop_dbtvault.stg_customers"} */

      select
          column_name,
          data_type,
          character_maximum_length,
          numeric_precision,
          numeric_scale

      from "postgres".INFORMATION_SCHEMA.columns
      where table_name = 'source_customers'
        
        and table_schema = 'dbt'
        
      order by ordinal_position

  
[0m14:13:53.415617 [debug] [Thread-1  ]: SQL status: SELECT 4 in 0 seconds
[0m14:13:53.631372 [debug] [Thread-1  ]: Using postgres connection "model.jaffle_shop_dbtvault.stg_customers"
[0m14:13:53.633844 [debug] [Thread-1  ]: On model.jaffle_shop_dbtvault.stg_customers: /* {"app": "dbt", "dbt_version": "1.4.0", "profile_name": "jaffle_shop", "target_name": "dev", "node_id": "model.jaffle_shop_dbtvault.stg_customers"} */

      select
          column_name,
          data_type,
          character_maximum_length,
          numeric_precision,
          numeric_scale

      from "postgres".INFORMATION_SCHEMA.columns
      where table_name = 'source_customers'
        
        and table_schema = 'dbt'
        
      order by ordinal_position

  
[0m14:13:53.649186 [debug] [Thread-1  ]: SQL status: SELECT 4 in 0 seconds
[0m14:13:53.878591 [debug] [Thread-1  ]: Writing injected SQL for node "model.jaffle_shop_dbtvault.stg_customers"
[0m14:13:53.886153 [debug] [Thread-1  ]: Timing info for model.jaffle_shop_dbtvault.stg_customers (compile): 2026-05-19 14:13:53.185109 => 2026-05-19 14:13:53.885915
[0m14:13:53.888440 [debug] [Thread-1  ]: Began executing node model.jaffle_shop_dbtvault.stg_customers
[0m14:13:53.952974 [debug] [Thread-1  ]: Writing runtime sql for node "model.jaffle_shop_dbtvault.stg_customers"
[0m14:13:53.957295 [debug] [Thread-1  ]: Using postgres connection "model.jaffle_shop_dbtvault.stg_customers"
[0m14:13:53.959662 [debug] [Thread-1  ]: On model.jaffle_shop_dbtvault.stg_customers: /* {"app": "dbt", "dbt_version": "1.4.0", "profile_name": "jaffle_shop", "target_name": "dev", "node_id": "model.jaffle_shop_dbtvault.stg_customers"} */

  create view "postgres"."dbt"."stg_customers__dbt_tmp" as (
    





with staging as (
    -- Generated by AutomateDV (formerly known as dbtvault)

    

WITH source_data AS (

    SELECT

    id,
    first_name,
    last_name,
    email

    FROM "postgres"."dbt"."source_customers"
),

derived_columns AS (

    SELECT

    id,
    first_name,
    last_name,
    email,
    email AS CUSTOMER_KEY,
    'CSV_CUSTOMERS'::TEXT AS RECORD_SOURCE

    FROM source_data
),

hashed_columns AS (

    SELECT

    id,
    first_name,
    last_name,
    email,
    CUSTOMER_KEY,
    RECORD_SOURCE,

    DECODE(MD5(NULLIF(UPPER(TRIM(CAST(email AS VARCHAR))), '')), 'hex') AS CUSTOMER_PK,

    DECODE(MD5(CONCAT(
        COALESCE(NULLIF(UPPER(TRIM(CAST(first_name AS VARCHAR))), ''), '^^'), '||',
        COALESCE(NULLIF(UPPER(TRIM(CAST(id AS VARCHAR))), ''), '^^'), '||',
        COALESCE(NULLIF(UPPER(TRIM(CAST(last_name AS VARCHAR))), ''), '^^')
    )), 'hex') AS CUSTOMER_HASHDIFF

    FROM derived_columns
),

columns_to_select AS (

    SELECT

    id,
    first_name,
    last_name,
    email,
    CUSTOMER_KEY,
    RECORD_SOURCE,
    CUSTOMER_PK,
    CUSTOMER_HASHDIFF

    FROM hashed_columns
)

SELECT * FROM columns_to_select
)

select *, current_timestamp as LOAD_DATE,
    current_timestamp AS EFFECTIVE_FROM from staging
  );
[0m14:13:53.969783 [debug] [Thread-1  ]: SQL status: CREATE VIEW in 0 seconds
[0m14:13:53.980028 [debug] [Thread-1  ]: Using postgres connection "model.jaffle_shop_dbtvault.stg_customers"
[0m14:13:53.982430 [debug] [Thread-1  ]: On model.jaffle_shop_dbtvault.stg_customers: /* {"app": "dbt", "dbt_version": "1.4.0", "profile_name": "jaffle_shop", "target_name": "dev", "node_id": "model.jaffle_shop_dbtvault.stg_customers"} */
alter table "postgres"."dbt"."stg_customers" rename to "stg_customers__dbt_backup"
[0m14:13:53.987457 [debug] [Thread-1  ]: SQL status: ALTER TABLE in 0 seconds
[0m14:13:53.998490 [debug] [Thread-1  ]: Using postgres connection "model.jaffle_shop_dbtvault.stg_customers"
[0m14:13:54.002278 [debug] [Thread-1  ]: On model.jaffle_shop_dbtvault.stg_customers: /* {"app": "dbt", "dbt_version": "1.4.0", "profile_name": "jaffle_shop", "target_name": "dev", "node_id": "model.jaffle_shop_dbtvault.stg_customers"} */
alter table "postgres"."dbt"."stg_customers__dbt_tmp" rename to "stg_customers"
[0m14:13:54.006904 [debug] [Thread-1  ]: SQL status: ALTER TABLE in 0 seconds
[0m14:13:54.016490 [debug] [Thread-1  ]: On model.jaffle_shop_dbtvault.stg_customers: COMMIT
[0m14:13:54.018510 [debug] [Thread-1  ]: Using postgres connection "model.jaffle_shop_dbtvault.stg_customers"
[0m14:13:54.022911 [debug] [Thread-1  ]: On model.jaffle_shop_dbtvault.stg_customers: COMMIT
[0m14:13:54.031402 [debug] [Thread-1  ]: SQL status: COMMIT in 0 seconds
[0m14:13:54.040013 [debug] [Thread-1  ]: Using postgres connection "model.jaffle_shop_dbtvault.stg_customers"
[0m14:13:54.042448 [debug] [Thread-1  ]: On model.jaffle_shop_dbtvault.stg_customers: /* {"app": "dbt", "dbt_version": "1.4.0", "profile_name": "jaffle_shop", "target_name": "dev", "node_id": "model.jaffle_shop_dbtvault.stg_customers"} */
drop view if exists "postgres"."dbt"."stg_customers__dbt_backup" cascade
[0m14:13:54.051746 [debug] [Thread-1  ]: SQL status: DROP VIEW in 0 seconds
[0m14:13:54.059446 [debug] [Thread-1  ]: Timing info for model.jaffle_shop_dbtvault.stg_customers (execute): 2026-05-19 14:13:53.896509 => 2026-05-19 14:13:54.059072
[0m14:13:54.061366 [debug] [Thread-1  ]: On model.jaffle_shop_dbtvault.stg_customers: Close
[0m14:13:54.065062 [debug] [Thread-1  ]: Sending event: {'category': 'dbt', 'action': 'run_model', 'label': 'f0e4e73d-e56f-40c8-97eb-a8d0601461c0', 'context': [<snowplow_tracker.self_describing_json.SelfDescribingJson object at 0x7feeee5209a0>]}
[0m14:13:54.072369 [info ] [Thread-1  ]: 2 of 14 OK created sql view model dbt.stg_customers ............................ [[32mCREATE VIEW[0m in 0.89s]
[0m14:13:54.079429 [debug] [Thread-1  ]: Finished running node model.jaffle_shop_dbtvault.stg_customers
[0m14:13:54.084476 [debug] [Thread-1  ]: Began running node model.jaffle_shop_dbtvault.stg_customers_crm
[0m14:13:54.091472 [info ] [Thread-1  ]: 3 of 14 START sql view model dbt.stg_customers_crm ............................. [RUN]
[0m14:13:54.102612 [debug] [Thread-1  ]: Acquiring new postgres connection 'model.jaffle_shop_dbtvault.stg_customers_crm'
[0m14:13:54.112433 [debug] [Thread-1  ]: Began compiling node model.jaffle_shop_dbtvault.stg_customers_crm
[0m14:13:54.160765 [debug] [Thread-1  ]: Using postgres connection "model.jaffle_shop_dbtvault.stg_customers_crm"
[0m14:13:54.163126 [debug] [Thread-1  ]: On model.jaffle_shop_dbtvault.stg_customers_crm: BEGIN
[0m14:13:54.165363 [debug] [Thread-1  ]: Opening a new connection, currently in state closed
[0m14:13:54.195576 [debug] [Thread-1  ]: SQL status: BEGIN in 0 seconds
[0m14:13:54.205062 [debug] [Thread-1  ]: Using postgres connection "model.jaffle_shop_dbtvault.stg_customers_crm"
[0m14:13:54.210531 [debug] [Thread-1  ]: On model.jaffle_shop_dbtvault.stg_customers_crm: /* {"app": "dbt", "dbt_version": "1.4.0", "profile_name": "jaffle_shop", "target_name": "dev", "node_id": "model.jaffle_shop_dbtvault.stg_customers_crm"} */

      select
          column_name,
          data_type,
          character_maximum_length,
          numeric_precision,
          numeric_scale

      from "postgres".INFORMATION_SCHEMA.columns
      where table_name = 'source_customers_crm'
        
        and table_schema = 'dbt'
        
      order by ordinal_position

  
[0m14:13:54.248518 [debug] [Thread-1  ]: SQL status: SELECT 3 in 0 seconds
[0m14:13:54.289765 [debug] [Thread-1  ]: Using postgres connection "model.jaffle_shop_dbtvault.stg_customers_crm"
[0m14:13:54.292668 [debug] [Thread-1  ]: On model.jaffle_shop_dbtvault.stg_customers_crm: /* {"app": "dbt", "dbt_version": "1.4.0", "profile_name": "jaffle_shop", "target_name": "dev", "node_id": "model.jaffle_shop_dbtvault.stg_customers_crm"} */

      select
          column_name,
          data_type,
          character_maximum_length,
          numeric_precision,
          numeric_scale

      from "postgres".INFORMATION_SCHEMA.columns
      where table_name = 'source_customers_crm'
        
        and table_schema = 'dbt'
        
      order by ordinal_position

  
[0m14:13:54.322226 [debug] [Thread-1  ]: SQL status: SELECT 3 in 0 seconds
[0m14:13:54.355507 [debug] [Thread-1  ]: Writing injected SQL for node "model.jaffle_shop_dbtvault.stg_customers_crm"
[0m14:13:54.375656 [debug] [Thread-1  ]: Timing info for model.jaffle_shop_dbtvault.stg_customers_crm (compile): 2026-05-19 14:13:54.114021 => 2026-05-19 14:13:54.375468
[0m14:13:54.381622 [debug] [Thread-1  ]: Began executing node model.jaffle_shop_dbtvault.stg_customers_crm
[0m14:13:54.410713 [debug] [Thread-1  ]: Writing runtime sql for node "model.jaffle_shop_dbtvault.stg_customers_crm"
[0m14:13:54.425649 [debug] [Thread-1  ]: Using postgres connection "model.jaffle_shop_dbtvault.stg_customers_crm"
[0m14:13:54.431216 [debug] [Thread-1  ]: On model.jaffle_shop_dbtvault.stg_customers_crm: /* {"app": "dbt", "dbt_version": "1.4.0", "profile_name": "jaffle_shop", "target_name": "dev", "node_id": "model.jaffle_shop_dbtvault.stg_customers_crm"} */

  create view "postgres"."dbt"."stg_customers_crm__dbt_tmp" as (
    





with staging as (
    -- Generated by AutomateDV (formerly known as dbtvault)

    

WITH source_data AS (

    SELECT

    email,
    country,
    age

    FROM "postgres"."dbt"."source_customers_crm"
),

derived_columns AS (

    SELECT

    email,
    country,
    age,
    email AS CUSTOMER_KEY,
    'CSV_CUSTOMERS'::TEXT AS RECORD_SOURCE

    FROM source_data
),

hashed_columns AS (

    SELECT

    email,
    country,
    age,
    CUSTOMER_KEY,
    RECORD_SOURCE,

    DECODE(MD5(NULLIF(UPPER(TRIM(CAST(email AS VARCHAR))), '')), 'hex') AS CUSTOMER_PK,

    DECODE(MD5(CONCAT(
        COALESCE(NULLIF(UPPER(TRIM(CAST(age AS VARCHAR))), ''), '^^'), '||',
        COALESCE(NULLIF(UPPER(TRIM(CAST(country AS VARCHAR))), ''), '^^')
    )), 'hex') AS CUSTOMER_HASHDIFF

    FROM derived_columns
),

columns_to_select AS (

    SELECT

    email,
    country,
    age,
    CUSTOMER_KEY,
    RECORD_SOURCE,
    CUSTOMER_PK,
    CUSTOMER_HASHDIFF

    FROM hashed_columns
)

SELECT * FROM columns_to_select
)

select *, current_timestamp as LOAD_DATE,
    current_timestamp AS EFFECTIVE_FROM from staging
  );
[0m14:13:54.447770 [debug] [Thread-1  ]: SQL status: CREATE VIEW in 0 seconds
[0m14:13:54.464647 [debug] [Thread-1  ]: Using postgres connection "model.jaffle_shop_dbtvault.stg_customers_crm"
[0m14:13:54.466118 [debug] [Thread-1  ]: On model.jaffle_shop_dbtvault.stg_customers_crm: /* {"app": "dbt", "dbt_version": "1.4.0", "profile_name": "jaffle_shop", "target_name": "dev", "node_id": "model.jaffle_shop_dbtvault.stg_customers_crm"} */
alter table "postgres"."dbt"."stg_customers_crm" rename to "stg_customers_crm__dbt_backup"
[0m14:13:54.478916 [debug] [Thread-1  ]: SQL status: ALTER TABLE in 0 seconds
[0m14:13:54.498244 [debug] [Thread-1  ]: Using postgres connection "model.jaffle_shop_dbtvault.stg_customers_crm"
[0m14:13:54.500437 [debug] [Thread-1  ]: On model.jaffle_shop_dbtvault.stg_customers_crm: /* {"app": "dbt", "dbt_version": "1.4.0", "profile_name": "jaffle_shop", "target_name": "dev", "node_id": "model.jaffle_shop_dbtvault.stg_customers_crm"} */
alter table "postgres"."dbt"."stg_customers_crm__dbt_tmp" rename to "stg_customers_crm"
[0m14:13:54.508380 [debug] [Thread-1  ]: SQL status: ALTER TABLE in 0 seconds
[0m14:13:54.523778 [debug] [Thread-1  ]: On model.jaffle_shop_dbtvault.stg_customers_crm: COMMIT
[0m14:13:54.532230 [debug] [Thread-1  ]: Using postgres connection "model.jaffle_shop_dbtvault.stg_customers_crm"
[0m14:13:54.534864 [debug] [Thread-1  ]: On model.jaffle_shop_dbtvault.stg_customers_crm: COMMIT
[0m14:13:54.565342 [debug] [Thread-1  ]: SQL status: COMMIT in 0 seconds
[0m14:13:54.733441 [debug] [Thread-1  ]: Using postgres connection "model.jaffle_shop_dbtvault.stg_customers_crm"
[0m14:13:54.737316 [debug] [Thread-1  ]: On model.jaffle_shop_dbtvault.stg_customers_crm: /* {"app": "dbt", "dbt_version": "1.4.0", "profile_name": "jaffle_shop", "target_name": "dev", "node_id": "model.jaffle_shop_dbtvault.stg_customers_crm"} */
drop view if exists "postgres"."dbt"."stg_customers_crm__dbt_backup" cascade
[0m14:13:54.745067 [debug] [Thread-1  ]: SQL status: DROP VIEW in 0 seconds
[0m14:13:54.749820 [debug] [Thread-1  ]: Timing info for model.jaffle_shop_dbtvault.stg_customers_crm (execute): 2026-05-19 14:13:54.383307 => 2026-05-19 14:13:54.749690
[0m14:13:54.752117 [debug] [Thread-1  ]: On model.jaffle_shop_dbtvault.stg_customers_crm: Close
[0m14:13:54.755666 [debug] [Thread-1  ]: Sending event: {'category': 'dbt', 'action': 'run_model', 'label': 'f0e4e73d-e56f-40c8-97eb-a8d0601461c0', 'context': [<snowplow_tracker.self_describing_json.SelfDescribingJson object at 0x7feeec3bad30>]}
[0m14:13:54.759423 [info ] [Thread-1  ]: 3 of 14 OK created sql view model dbt.stg_customers_crm ........................ [[32mCREATE VIEW[0m in 0.65s]
[0m14:13:54.765812 [debug] [Thread-1  ]: Finished running node model.jaffle_shop_dbtvault.stg_customers_crm
[0m14:13:54.768500 [debug] [Thread-1  ]: Began running node model.jaffle_shop_dbtvault.stg_orders
[0m14:13:54.776299 [info ] [Thread-1  ]: 4 of 14 START sql view model dbt.stg_orders .................................... [RUN]
[0m14:13:54.790826 [debug] [Thread-1  ]: Acquiring new postgres connection 'model.jaffle_shop_dbtvault.stg_orders'
[0m14:13:54.805563 [debug] [Thread-1  ]: Began compiling node model.jaffle_shop_dbtvault.stg_orders
[0m14:13:54.864983 [debug] [Thread-1  ]: Using postgres connection "model.jaffle_shop_dbtvault.stg_orders"
[0m14:13:54.870910 [debug] [Thread-1  ]: On model.jaffle_shop_dbtvault.stg_orders: BEGIN
[0m14:13:54.876000 [debug] [Thread-1  ]: Opening a new connection, currently in state closed
[0m14:13:54.913728 [debug] [Thread-1  ]: SQL status: BEGIN in 0 seconds
[0m14:13:54.921274 [debug] [Thread-1  ]: Using postgres connection "model.jaffle_shop_dbtvault.stg_orders"
[0m14:13:54.927301 [debug] [Thread-1  ]: On model.jaffle_shop_dbtvault.stg_orders: /* {"app": "dbt", "dbt_version": "1.4.0", "profile_name": "jaffle_shop", "target_name": "dev", "node_id": "model.jaffle_shop_dbtvault.stg_orders"} */

      select
          column_name,
          data_type,
          character_maximum_length,
          numeric_precision,
          numeric_scale

      from "postgres".INFORMATION_SCHEMA.columns
      where table_name = 'source_orders'
        
        and table_schema = 'dbt'
        
      order by ordinal_position

  
[0m14:13:54.969190 [debug] [Thread-1  ]: SQL status: SELECT 4 in 0 seconds
[0m14:13:55.019886 [debug] [Thread-1  ]: Using postgres connection "model.jaffle_shop_dbtvault.stg_orders"
[0m14:13:55.023811 [debug] [Thread-1  ]: On model.jaffle_shop_dbtvault.stg_orders: /* {"app": "dbt", "dbt_version": "1.4.0", "profile_name": "jaffle_shop", "target_name": "dev", "node_id": "model.jaffle_shop_dbtvault.stg_orders"} */

      select
          column_name,
          data_type,
          character_maximum_length,
          numeric_precision,
          numeric_scale

      from "postgres".INFORMATION_SCHEMA.columns
      where table_name = 'source_orders'
        
        and table_schema = 'dbt'
        
      order by ordinal_position

  
[0m14:13:55.045934 [debug] [Thread-1  ]: SQL status: SELECT 4 in 0 seconds
[0m14:13:55.075214 [debug] [Thread-1  ]: Writing injected SQL for node "model.jaffle_shop_dbtvault.stg_orders"
[0m14:13:55.092929 [debug] [Thread-1  ]: Timing info for model.jaffle_shop_dbtvault.stg_orders (compile): 2026-05-19 14:13:54.814690 => 2026-05-19 14:13:55.092690
[0m14:13:55.098787 [debug] [Thread-1  ]: Began executing node model.jaffle_shop_dbtvault.stg_orders
[0m14:13:55.118423 [debug] [Thread-1  ]: Writing runtime sql for node "model.jaffle_shop_dbtvault.stg_orders"
[0m14:13:55.123622 [debug] [Thread-1  ]: Using postgres connection "model.jaffle_shop_dbtvault.stg_orders"
[0m14:13:55.126109 [debug] [Thread-1  ]: On model.jaffle_shop_dbtvault.stg_orders: /* {"app": "dbt", "dbt_version": "1.4.0", "profile_name": "jaffle_shop", "target_name": "dev", "node_id": "model.jaffle_shop_dbtvault.stg_orders"} */

  create view "postgres"."dbt"."stg_orders__dbt_tmp" as (
    








WITH staging AS (
-- Generated by AutomateDV (formerly known as dbtvault)

    

WITH source_data AS (

    SELECT

    id,
    user_id,
    order_date,
    status

    FROM "postgres"."dbt"."source_orders"
),

derived_columns AS (

    SELECT

    id,
    user_id,
    order_date,
    status,
    id AS ORDER_KEY,
    'CSV_ORDERS'::TEXT AS RECORD_SOURCE

    FROM source_data
),

hashed_columns AS (

    SELECT

    id,
    user_id,
    order_date,
    status,
    ORDER_KEY,
    RECORD_SOURCE,

    DECODE(MD5(NULLIF(UPPER(TRIM(CAST(id AS VARCHAR))), '')), 'hex') AS ORDER_PK,

    DECODE(MD5(CONCAT(
        COALESCE(NULLIF(UPPER(TRIM(CAST(order_date AS VARCHAR))), ''), '^^'), '||',
        COALESCE(NULLIF(UPPER(TRIM(CAST(status AS VARCHAR))), ''), '^^')
    )), 'hex') AS ORDER_HASHDIFF

    FROM derived_columns
),

columns_to_select AS (

    SELECT

    id,
    user_id,
    order_date,
    status,
    ORDER_KEY,
    RECORD_SOURCE,
    ORDER_PK,
    ORDER_HASHDIFF

    FROM hashed_columns
)

SELECT * FROM columns_to_select
)

SELECT *,
    current_timestamp AS LOAD_DATE,
    current_timestamp AS EFFECTIVE_FROM
FROM staging
  );
[0m14:13:55.137510 [debug] [Thread-1  ]: SQL status: CREATE VIEW in 0 seconds
[0m14:13:55.152841 [debug] [Thread-1  ]: Using postgres connection "model.jaffle_shop_dbtvault.stg_orders"
[0m14:13:55.155685 [debug] [Thread-1  ]: On model.jaffle_shop_dbtvault.stg_orders: /* {"app": "dbt", "dbt_version": "1.4.0", "profile_name": "jaffle_shop", "target_name": "dev", "node_id": "model.jaffle_shop_dbtvault.stg_orders"} */
alter table "postgres"."dbt"."stg_orders" rename to "stg_orders__dbt_backup"
[0m14:13:55.172860 [debug] [Thread-1  ]: SQL status: ALTER TABLE in 0 seconds
[0m14:13:55.184040 [debug] [Thread-1  ]: Using postgres connection "model.jaffle_shop_dbtvault.stg_orders"
[0m14:13:55.185740 [debug] [Thread-1  ]: On model.jaffle_shop_dbtvault.stg_orders: /* {"app": "dbt", "dbt_version": "1.4.0", "profile_name": "jaffle_shop", "target_name": "dev", "node_id": "model.jaffle_shop_dbtvault.stg_orders"} */
alter table "postgres"."dbt"."stg_orders__dbt_tmp" rename to "stg_orders"
[0m14:13:55.191258 [debug] [Thread-1  ]: SQL status: ALTER TABLE in 0 seconds
[0m14:13:55.199792 [debug] [Thread-1  ]: On model.jaffle_shop_dbtvault.stg_orders: COMMIT
[0m14:13:55.202291 [debug] [Thread-1  ]: Using postgres connection "model.jaffle_shop_dbtvault.stg_orders"
[0m14:13:55.204868 [debug] [Thread-1  ]: On model.jaffle_shop_dbtvault.stg_orders: COMMIT
[0m14:13:55.209892 [debug] [Thread-1  ]: SQL status: COMMIT in 0 seconds
[0m14:13:55.217995 [debug] [Thread-1  ]: Using postgres connection "model.jaffle_shop_dbtvault.stg_orders"
[0m14:13:55.220329 [debug] [Thread-1  ]: On model.jaffle_shop_dbtvault.stg_orders: /* {"app": "dbt", "dbt_version": "1.4.0", "profile_name": "jaffle_shop", "target_name": "dev", "node_id": "model.jaffle_shop_dbtvault.stg_orders"} */
drop view if exists "postgres"."dbt"."stg_orders__dbt_backup" cascade
[0m14:13:55.227294 [debug] [Thread-1  ]: SQL status: DROP VIEW in 0 seconds
[0m14:13:55.232023 [debug] [Thread-1  ]: Timing info for model.jaffle_shop_dbtvault.stg_orders (execute): 2026-05-19 14:13:55.101363 => 2026-05-19 14:13:55.231880
[0m14:13:55.234374 [debug] [Thread-1  ]: On model.jaffle_shop_dbtvault.stg_orders: Close
[0m14:13:55.238052 [debug] [Thread-1  ]: Sending event: {'category': 'dbt', 'action': 'run_model', 'label': 'f0e4e73d-e56f-40c8-97eb-a8d0601461c0', 'context': [<snowplow_tracker.self_describing_json.SelfDescribingJson object at 0x7feeec3a87c0>]}
[0m14:13:55.239799 [info ] [Thread-1  ]: 4 of 14 OK created sql view model dbt.stg_orders ............................... [[32mCREATE VIEW[0m in 0.45s]
[0m14:13:55.242486 [debug] [Thread-1  ]: Finished running node model.jaffle_shop_dbtvault.stg_orders
[0m14:13:55.246064 [debug] [Thread-1  ]: Began running node model.jaffle_shop_dbtvault.sat_customer
[0m14:13:55.248595 [info ] [Thread-1  ]: 5 of 14 START sql incremental model dbt.sat_customer ........................... [RUN]
[0m14:13:55.253047 [debug] [Thread-1  ]: Acquiring new postgres connection 'model.jaffle_shop_dbtvault.sat_customer'
[0m14:13:55.254441 [debug] [Thread-1  ]: Began compiling node model.jaffle_shop_dbtvault.sat_customer
[0m14:13:55.569577 [debug] [Thread-1  ]: Writing injected SQL for node "model.jaffle_shop_dbtvault.sat_customer"
[0m14:13:55.620681 [debug] [Thread-1  ]: Timing info for model.jaffle_shop_dbtvault.sat_customer (compile): 2026-05-19 14:13:55.256331 => 2026-05-19 14:13:55.620283
[0m14:13:55.624855 [debug] [Thread-1  ]: Began executing node model.jaffle_shop_dbtvault.sat_customer
[0m14:13:55.748207 [debug] [Thread-1  ]: Using postgres connection "model.jaffle_shop_dbtvault.sat_customer"
[0m14:13:55.750458 [debug] [Thread-1  ]: On model.jaffle_shop_dbtvault.sat_customer: /* {"app": "dbt", "dbt_version": "1.4.0", "profile_name": "jaffle_shop", "target_name": "dev", "node_id": "model.jaffle_shop_dbtvault.sat_customer"} */

    
  
    

  create temporary table "sat_customer__dbt_tmp141355721337"
  as (
    -- Generated by AutomateDV (formerly known as dbtvault)

    

WITH source_data AS (
    SELECT a.CUSTOMER_PK, a.CUSTOMER_HASHDIFF, a.first_name, a.last_name, a.id, a.EFFECTIVE_FROM, a.LOAD_DATE, a.RECORD_SOURCE
    FROM "postgres"."dbt"."stg_customers" AS a
    WHERE a.CUSTOMER_PK IS NOT NULL
),

latest_records AS (
    SELECT b.CUSTOMER_PK, b.CUSTOMER_HASHDIFF, b.first_name, b.last_name, b.id, b.EFFECTIVE_FROM, b.LOAD_DATE, b.RECORD_SOURCE
    FROM (
        SELECT current_records.CUSTOMER_PK, current_records.CUSTOMER_HASHDIFF, current_records.first_name, current_records.last_name, current_records.id, current_records.EFFECTIVE_FROM, current_records.LOAD_DATE, current_records.RECORD_SOURCE,
            RANK() OVER (
               PARTITION BY current_records.CUSTOMER_PK
               ORDER BY current_records.LOAD_DATE DESC
            ) AS rank
        FROM "postgres"."dbt"."sat_customer" AS current_records
            JOIN (
                SELECT DISTINCT source_data.CUSTOMER_PK
                FROM source_data
            ) AS source_records
                ON source_records.CUSTOMER_PK = current_records.CUSTOMER_PK
    ) AS b
    WHERE b.rank = 1
),

first_record_in_set AS (
    SELECT * FROM (
        SELECT
        sd.CUSTOMER_PK, sd.CUSTOMER_HASHDIFF, sd.first_name, sd.last_name, sd.id, sd.EFFECTIVE_FROM, sd.LOAD_DATE, sd.RECORD_SOURCE,
        RANK() OVER (
                PARTITION BY sd.CUSTOMER_PK
                ORDER BY sd.LOAD_DATE ASC
            ) as asc_rank
        FROM source_data as sd
    ) AS rin
    WHERE rin.asc_rank = 1
),

unique_source_records AS (
    SELECT
        b.CUSTOMER_PK, b.CUSTOMER_HASHDIFF, b.first_name, b.last_name, b.id, b.EFFECTIVE_FROM, b.LOAD_DATE, b.RECORD_SOURCE
    FROM (
        SELECT DISTINCT
            sd.CUSTOMER_PK, sd.CUSTOMER_HASHDIFF, sd.first_name, sd.last_name, sd.id, sd.EFFECTIVE_FROM, sd.LOAD_DATE, sd.RECORD_SOURCE,
            LAG(sd.CUSTOMER_HASHDIFF) OVER (
                PARTITION BY sd.CUSTOMER_PK
                ORDER BY sd.LOAD_DATE ASC) as prev_hashdiff
        FROM source_data as sd
        ) AS b
    WHERE b.CUSTOMER_HASHDIFF != b.prev_hashdiff
),

records_to_insert AS (
        SELECT frin.CUSTOMER_PK, frin.CUSTOMER_HASHDIFF, frin.first_name, frin.last_name, frin.id, frin.EFFECTIVE_FROM, frin.LOAD_DATE, frin.RECORD_SOURCE
        FROM first_record_in_set AS frin
        LEFT JOIN LATEST_RECORDS lr
            ON lr.CUSTOMER_PK = frin.CUSTOMER_PK
            AND lr.CUSTOMER_HASHDIFF = frin.CUSTOMER_HASHDIFF
            WHERE lr.CUSTOMER_HASHDIFF IS NULL
        UNION
        SELECT usr.CUSTOMER_PK, usr.CUSTOMER_HASHDIFF, usr.first_name, usr.last_name, usr.id, usr.EFFECTIVE_FROM, usr.LOAD_DATE, usr.RECORD_SOURCE
        FROM unique_source_records as usr
)

SELECT * FROM records_to_insert
  );
  
  
[0m14:13:55.756418 [debug] [Thread-1  ]: Opening a new connection, currently in state closed
[0m14:13:55.795015 [debug] [Thread-1  ]: SQL status: SELECT 0 in 0 seconds
[0m14:13:55.806238 [debug] [Thread-1  ]: Using postgres connection "model.jaffle_shop_dbtvault.sat_customer"
[0m14:13:55.808729 [debug] [Thread-1  ]: On model.jaffle_shop_dbtvault.sat_customer: BEGIN
[0m14:13:55.813684 [debug] [Thread-1  ]: SQL status: BEGIN in 0 seconds
[0m14:13:55.816568 [debug] [Thread-1  ]: Using postgres connection "model.jaffle_shop_dbtvault.sat_customer"
[0m14:13:55.819449 [debug] [Thread-1  ]: On model.jaffle_shop_dbtvault.sat_customer: /* {"app": "dbt", "dbt_version": "1.4.0", "profile_name": "jaffle_shop", "target_name": "dev", "node_id": "model.jaffle_shop_dbtvault.sat_customer"} */

      select
          column_name,
          data_type,
          character_maximum_length,
          numeric_precision,
          numeric_scale

      from INFORMATION_SCHEMA.columns
      where table_name = 'sat_customer__dbt_tmp141355721337'
        
      order by ordinal_position

  
[0m14:13:55.835466 [debug] [Thread-1  ]: SQL status: SELECT 8 in 0 seconds
[0m14:13:55.849320 [debug] [Thread-1  ]: Using postgres connection "model.jaffle_shop_dbtvault.sat_customer"
[0m14:13:55.852612 [debug] [Thread-1  ]: On model.jaffle_shop_dbtvault.sat_customer: /* {"app": "dbt", "dbt_version": "1.4.0", "profile_name": "jaffle_shop", "target_name": "dev", "node_id": "model.jaffle_shop_dbtvault.sat_customer"} */

      select
          column_name,
          data_type,
          character_maximum_length,
          numeric_precision,
          numeric_scale

      from "postgres".INFORMATION_SCHEMA.columns
      where table_name = 'sat_customer'
        
        and table_schema = 'dbt'
        
      order by ordinal_position

  
[0m14:13:55.861467 [debug] [Thread-1  ]: SQL status: SELECT 8 in 0 seconds
[0m14:13:55.888312 [debug] [Thread-1  ]: Using postgres connection "model.jaffle_shop_dbtvault.sat_customer"
[0m14:13:55.890141 [debug] [Thread-1  ]: On model.jaffle_shop_dbtvault.sat_customer: /* {"app": "dbt", "dbt_version": "1.4.0", "profile_name": "jaffle_shop", "target_name": "dev", "node_id": "model.jaffle_shop_dbtvault.sat_customer"} */

      select
          column_name,
          data_type,
          character_maximum_length,
          numeric_precision,
          numeric_scale

      from "postgres".INFORMATION_SCHEMA.columns
      where table_name = 'sat_customer'
        
        and table_schema = 'dbt'
        
      order by ordinal_position

  
[0m14:13:55.899136 [debug] [Thread-1  ]: SQL status: SELECT 8 in 0 seconds
[0m14:13:55.927021 [debug] [Thread-1  ]: Writing runtime sql for node "model.jaffle_shop_dbtvault.sat_customer"
[0m14:13:55.932981 [debug] [Thread-1  ]: Using postgres connection "model.jaffle_shop_dbtvault.sat_customer"
[0m14:13:55.935992 [debug] [Thread-1  ]: On model.jaffle_shop_dbtvault.sat_customer: /* {"app": "dbt", "dbt_version": "1.4.0", "profile_name": "jaffle_shop", "target_name": "dev", "node_id": "model.jaffle_shop_dbtvault.sat_customer"} */

      insert into "postgres"."dbt"."sat_customer" ("customer_pk", "customer_hashdiff", "first_name", "last_name", "id", "effective_from", "load_date", "record_source")
    (
        select "customer_pk", "customer_hashdiff", "first_name", "last_name", "id", "effective_from", "load_date", "record_source"
        from "sat_customer__dbt_tmp141355721337"
    )


  
[0m14:13:55.944839 [debug] [Thread-1  ]: SQL status: INSERT 0 0 in 0 seconds
[0m14:13:55.950948 [debug] [Thread-1  ]: On model.jaffle_shop_dbtvault.sat_customer: COMMIT
[0m14:13:55.952855 [debug] [Thread-1  ]: Using postgres connection "model.jaffle_shop_dbtvault.sat_customer"
[0m14:13:55.956363 [debug] [Thread-1  ]: On model.jaffle_shop_dbtvault.sat_customer: COMMIT
[0m14:13:55.960644 [debug] [Thread-1  ]: SQL status: COMMIT in 0 seconds
[0m14:13:55.963075 [debug] [Thread-1  ]: Timing info for model.jaffle_shop_dbtvault.sat_customer (execute): 2026-05-19 14:13:55.626893 => 2026-05-19 14:13:55.962984
[0m14:13:55.964560 [debug] [Thread-1  ]: On model.jaffle_shop_dbtvault.sat_customer: Close
[0m14:13:55.968371 [debug] [Thread-1  ]: Sending event: {'category': 'dbt', 'action': 'run_model', 'label': 'f0e4e73d-e56f-40c8-97eb-a8d0601461c0', 'context': [<snowplow_tracker.self_describing_json.SelfDescribingJson object at 0x7feeee463130>]}
[0m14:13:55.971855 [info ] [Thread-1  ]: 5 of 14 OK created sql incremental model dbt.sat_customer ...................... [[32mINSERT 0 0[0m in 0.72s]
[0m14:13:55.977085 [debug] [Thread-1  ]: Finished running node model.jaffle_shop_dbtvault.sat_customer
[0m14:13:55.978551 [debug] [Thread-1  ]: Began running node model.jaffle_shop_dbtvault.hub_customer
[0m14:13:55.979811 [info ] [Thread-1  ]: 6 of 14 START sql incremental model dbt.hub_customer ........................... [RUN]
[0m14:13:55.981663 [debug] [Thread-1  ]: Acquiring new postgres connection 'model.jaffle_shop_dbtvault.hub_customer'
[0m14:13:55.987669 [debug] [Thread-1  ]: Began compiling node model.jaffle_shop_dbtvault.hub_customer
[0m14:13:56.036899 [info ] [Thread-1  ]: 14:13:56 + Loading postgres.dbt.hub_customer from 2 source(s)
[0m14:13:56.129768 [debug] [Thread-1  ]: Writing injected SQL for node "model.jaffle_shop_dbtvault.hub_customer"
[0m14:13:56.146887 [debug] [Thread-1  ]: Timing info for model.jaffle_shop_dbtvault.hub_customer (compile): 2026-05-19 14:13:55.990039 => 2026-05-19 14:13:56.146655
[0m14:13:56.152983 [debug] [Thread-1  ]: Began executing node model.jaffle_shop_dbtvault.hub_customer
[0m14:13:56.204245 [debug] [Thread-1  ]: Using postgres connection "model.jaffle_shop_dbtvault.hub_customer"
[0m14:13:56.208814 [debug] [Thread-1  ]: On model.jaffle_shop_dbtvault.hub_customer: /* {"app": "dbt", "dbt_version": "1.4.0", "profile_name": "jaffle_shop", "target_name": "dev", "node_id": "model.jaffle_shop_dbtvault.hub_customer"} */

    
  
    

  create temporary table "hub_customer__dbt_tmp141356188910"
  as (
    








    -- Generated by AutomateDV (formerly known as dbtvault)

    

WITH row_rank_1 AS (
    SELECT DISTINCT ON (rr.CUSTOMER_PK) rr.CUSTOMER_PK, rr.CUSTOMER_KEY, rr.LOAD_DATE, rr.RECORD_SOURCE
    FROM "postgres"."dbt"."stg_customers" AS rr
    WHERE rr.CUSTOMER_PK IS NOT NULL
    ORDER BY rr.CUSTOMER_PK, rr.LOAD_DATE
),

row_rank_2 AS (
    SELECT DISTINCT ON (rr.CUSTOMER_PK) rr.CUSTOMER_PK, rr.CUSTOMER_KEY, rr.LOAD_DATE, rr.RECORD_SOURCE
    FROM "postgres"."dbt"."stg_customers_crm" AS rr
    WHERE rr.CUSTOMER_PK IS NOT NULL
    ORDER BY rr.CUSTOMER_PK, rr.LOAD_DATE
),

stage_union AS (
    SELECT * FROM row_rank_1
    UNION ALL
    SELECT * FROM row_rank_2
),

row_rank_union AS (SELECT DISTINCT ON (ru.CUSTOMER_PK) ru.*
    FROM stage_union AS ru
    WHERE ru.CUSTOMER_PK IS NOT NULL
    ORDER BY ru.CUSTOMER_PK, ru.LOAD_DATE, ru.RECORD_SOURCE ASC
),

records_to_insert AS (
    SELECT a.CUSTOMER_PK, a.CUSTOMER_KEY, a.LOAD_DATE, a.RECORD_SOURCE
    FROM row_rank_union AS a
    LEFT JOIN "postgres"."dbt"."hub_customer" AS d
    ON a.CUSTOMER_PK = d.CUSTOMER_PK
    WHERE d.CUSTOMER_PK IS NULL
)

SELECT * FROM records_to_insert
  );
  
  
[0m14:13:56.214874 [debug] [Thread-1  ]: Opening a new connection, currently in state closed
[0m14:13:56.280372 [debug] [Thread-1  ]: SQL status: SELECT 0 in 0 seconds
[0m14:13:56.299455 [debug] [Thread-1  ]: Using postgres connection "model.jaffle_shop_dbtvault.hub_customer"
[0m14:13:56.301267 [debug] [Thread-1  ]: On model.jaffle_shop_dbtvault.hub_customer: BEGIN
[0m14:13:56.304397 [debug] [Thread-1  ]: SQL status: BEGIN in 0 seconds
[0m14:13:56.307246 [debug] [Thread-1  ]: Using postgres connection "model.jaffle_shop_dbtvault.hub_customer"
[0m14:13:56.309801 [debug] [Thread-1  ]: On model.jaffle_shop_dbtvault.hub_customer: /* {"app": "dbt", "dbt_version": "1.4.0", "profile_name": "jaffle_shop", "target_name": "dev", "node_id": "model.jaffle_shop_dbtvault.hub_customer"} */

      select
          column_name,
          data_type,
          character_maximum_length,
          numeric_precision,
          numeric_scale

      from INFORMATION_SCHEMA.columns
      where table_name = 'hub_customer__dbt_tmp141356188910'
        
      order by ordinal_position

  
[0m14:13:56.329535 [debug] [Thread-1  ]: SQL status: SELECT 4 in 0 seconds
[0m14:13:56.339986 [debug] [Thread-1  ]: Using postgres connection "model.jaffle_shop_dbtvault.hub_customer"
[0m14:13:56.342415 [debug] [Thread-1  ]: On model.jaffle_shop_dbtvault.hub_customer: /* {"app": "dbt", "dbt_version": "1.4.0", "profile_name": "jaffle_shop", "target_name": "dev", "node_id": "model.jaffle_shop_dbtvault.hub_customer"} */

      select
          column_name,
          data_type,
          character_maximum_length,
          numeric_precision,
          numeric_scale

      from "postgres".INFORMATION_SCHEMA.columns
      where table_name = 'hub_customer'
        
        and table_schema = 'dbt'
        
      order by ordinal_position

  
[0m14:13:56.354277 [debug] [Thread-1  ]: SQL status: SELECT 4 in 0 seconds
[0m14:13:56.363011 [debug] [Thread-1  ]: Using postgres connection "model.jaffle_shop_dbtvault.hub_customer"
[0m14:13:56.365723 [debug] [Thread-1  ]: On model.jaffle_shop_dbtvault.hub_customer: /* {"app": "dbt", "dbt_version": "1.4.0", "profile_name": "jaffle_shop", "target_name": "dev", "node_id": "model.jaffle_shop_dbtvault.hub_customer"} */

      select
          column_name,
          data_type,
          character_maximum_length,
          numeric_precision,
          numeric_scale

      from "postgres".INFORMATION_SCHEMA.columns
      where table_name = 'hub_customer'
        
        and table_schema = 'dbt'
        
      order by ordinal_position

  
[0m14:13:56.376453 [debug] [Thread-1  ]: SQL status: SELECT 4 in 0 seconds
[0m14:13:56.382555 [debug] [Thread-1  ]: Writing runtime sql for node "model.jaffle_shop_dbtvault.hub_customer"
[0m14:13:56.387653 [debug] [Thread-1  ]: Using postgres connection "model.jaffle_shop_dbtvault.hub_customer"
[0m14:13:56.390299 [debug] [Thread-1  ]: On model.jaffle_shop_dbtvault.hub_customer: /* {"app": "dbt", "dbt_version": "1.4.0", "profile_name": "jaffle_shop", "target_name": "dev", "node_id": "model.jaffle_shop_dbtvault.hub_customer"} */

      insert into "postgres"."dbt"."hub_customer" ("customer_pk", "customer_key", "load_date", "record_source")
    (
        select "customer_pk", "customer_key", "load_date", "record_source"
        from "hub_customer__dbt_tmp141356188910"
    )


  
[0m14:13:56.393496 [debug] [Thread-1  ]: SQL status: INSERT 0 0 in 0 seconds
[0m14:13:56.398064 [debug] [Thread-1  ]: On model.jaffle_shop_dbtvault.hub_customer: COMMIT
[0m14:13:56.400071 [debug] [Thread-1  ]: Using postgres connection "model.jaffle_shop_dbtvault.hub_customer"
[0m14:13:56.403697 [debug] [Thread-1  ]: On model.jaffle_shop_dbtvault.hub_customer: COMMIT
[0m14:13:56.408095 [debug] [Thread-1  ]: SQL status: COMMIT in 0 seconds
[0m14:13:56.411370 [debug] [Thread-1  ]: Timing info for model.jaffle_shop_dbtvault.hub_customer (execute): 2026-05-19 14:13:56.158405 => 2026-05-19 14:13:56.411244
[0m14:13:56.414280 [debug] [Thread-1  ]: On model.jaffle_shop_dbtvault.hub_customer: Close
[0m14:13:56.416563 [debug] [Thread-1  ]: Sending event: {'category': 'dbt', 'action': 'run_model', 'label': 'f0e4e73d-e56f-40c8-97eb-a8d0601461c0', 'context': [<snowplow_tracker.self_describing_json.SelfDescribingJson object at 0x7feeec3c56d0>]}
[0m14:13:56.423542 [info ] [Thread-1  ]: 6 of 14 OK created sql incremental model dbt.hub_customer ...................... [[32mINSERT 0 0[0m in 0.44s]
[0m14:13:56.433299 [debug] [Thread-1  ]: Finished running node model.jaffle_shop_dbtvault.hub_customer
[0m14:13:56.435034 [debug] [Thread-1  ]: Began running node model.jaffle_shop_dbtvault.sat_customer_crm
[0m14:13:56.437092 [info ] [Thread-1  ]: 7 of 14 START sql incremental model dbt.sat_customer_crm ....................... [RUN]
[0m14:13:56.447142 [debug] [Thread-1  ]: Acquiring new postgres connection 'model.jaffle_shop_dbtvault.sat_customer_crm'
[0m14:13:56.450503 [debug] [Thread-1  ]: Began compiling node model.jaffle_shop_dbtvault.sat_customer_crm
[0m14:13:56.545556 [debug] [Thread-1  ]: Writing injected SQL for node "model.jaffle_shop_dbtvault.sat_customer_crm"
[0m14:13:56.554095 [debug] [Thread-1  ]: Timing info for model.jaffle_shop_dbtvault.sat_customer_crm (compile): 2026-05-19 14:13:56.454546 => 2026-05-19 14:13:56.553932
[0m14:13:56.557448 [debug] [Thread-1  ]: Began executing node model.jaffle_shop_dbtvault.sat_customer_crm
[0m14:13:56.579849 [debug] [Thread-1  ]: Using postgres connection "model.jaffle_shop_dbtvault.sat_customer_crm"
[0m14:13:56.581849 [debug] [Thread-1  ]: On model.jaffle_shop_dbtvault.sat_customer_crm: /* {"app": "dbt", "dbt_version": "1.4.0", "profile_name": "jaffle_shop", "target_name": "dev", "node_id": "model.jaffle_shop_dbtvault.sat_customer_crm"} */

    
  
    

  create temporary table "sat_customer_crm__dbt_tmp141356569192"
  as (
    -- Generated by AutomateDV (formerly known as dbtvault)

    

WITH source_data AS (
    SELECT a.CUSTOMER_PK, a.CUSTOMER_HASHDIFF, a.age, a.country, a.EFFECTIVE_FROM, a.LOAD_DATE, a.RECORD_SOURCE
    FROM "postgres"."dbt"."stg_customers_crm" AS a
    WHERE a.CUSTOMER_PK IS NOT NULL
),

latest_records AS (
    SELECT b.CUSTOMER_PK, b.CUSTOMER_HASHDIFF, b.age, b.country, b.EFFECTIVE_FROM, b.LOAD_DATE, b.RECORD_SOURCE
    FROM (
        SELECT current_records.CUSTOMER_PK, current_records.CUSTOMER_HASHDIFF, current_records.age, current_records.country, current_records.EFFECTIVE_FROM, current_records.LOAD_DATE, current_records.RECORD_SOURCE,
            RANK() OVER (
               PARTITION BY current_records.CUSTOMER_PK
               ORDER BY current_records.LOAD_DATE DESC
            ) AS rank
        FROM "postgres"."dbt"."sat_customer_crm" AS current_records
            JOIN (
                SELECT DISTINCT source_data.CUSTOMER_PK
                FROM source_data
            ) AS source_records
                ON source_records.CUSTOMER_PK = current_records.CUSTOMER_PK
    ) AS b
    WHERE b.rank = 1
),

first_record_in_set AS (
    SELECT * FROM (
        SELECT
        sd.CUSTOMER_PK, sd.CUSTOMER_HASHDIFF, sd.age, sd.country, sd.EFFECTIVE_FROM, sd.LOAD_DATE, sd.RECORD_SOURCE,
        RANK() OVER (
                PARTITION BY sd.CUSTOMER_PK
                ORDER BY sd.LOAD_DATE ASC
            ) as asc_rank
        FROM source_data as sd
    ) AS rin
    WHERE rin.asc_rank = 1
),

unique_source_records AS (
    SELECT
        b.CUSTOMER_PK, b.CUSTOMER_HASHDIFF, b.age, b.country, b.EFFECTIVE_FROM, b.LOAD_DATE, b.RECORD_SOURCE
    FROM (
        SELECT DISTINCT
            sd.CUSTOMER_PK, sd.CUSTOMER_HASHDIFF, sd.age, sd.country, sd.EFFECTIVE_FROM, sd.LOAD_DATE, sd.RECORD_SOURCE,
            LAG(sd.CUSTOMER_HASHDIFF) OVER (
                PARTITION BY sd.CUSTOMER_PK
                ORDER BY sd.LOAD_DATE ASC) as prev_hashdiff
        FROM source_data as sd
        ) AS b
    WHERE b.CUSTOMER_HASHDIFF != b.prev_hashdiff
),

records_to_insert AS (
        SELECT frin.CUSTOMER_PK, frin.CUSTOMER_HASHDIFF, frin.age, frin.country, frin.EFFECTIVE_FROM, frin.LOAD_DATE, frin.RECORD_SOURCE
        FROM first_record_in_set AS frin
        LEFT JOIN LATEST_RECORDS lr
            ON lr.CUSTOMER_PK = frin.CUSTOMER_PK
            AND lr.CUSTOMER_HASHDIFF = frin.CUSTOMER_HASHDIFF
            WHERE lr.CUSTOMER_HASHDIFF IS NULL
        UNION
        SELECT usr.CUSTOMER_PK, usr.CUSTOMER_HASHDIFF, usr.age, usr.country, usr.EFFECTIVE_FROM, usr.LOAD_DATE, usr.RECORD_SOURCE
        FROM unique_source_records as usr
)

SELECT * FROM records_to_insert
  );
  
  
[0m14:13:56.585956 [debug] [Thread-1  ]: Opening a new connection, currently in state closed
[0m14:13:56.621772 [debug] [Thread-1  ]: SQL status: SELECT 0 in 0 seconds
[0m14:13:56.650726 [debug] [Thread-1  ]: Using postgres connection "model.jaffle_shop_dbtvault.sat_customer_crm"
[0m14:13:56.654574 [debug] [Thread-1  ]: On model.jaffle_shop_dbtvault.sat_customer_crm: BEGIN
[0m14:13:56.660553 [debug] [Thread-1  ]: SQL status: BEGIN in 0 seconds
[0m14:13:56.662444 [debug] [Thread-1  ]: Using postgres connection "model.jaffle_shop_dbtvault.sat_customer_crm"
[0m14:13:56.666036 [debug] [Thread-1  ]: On model.jaffle_shop_dbtvault.sat_customer_crm: /* {"app": "dbt", "dbt_version": "1.4.0", "profile_name": "jaffle_shop", "target_name": "dev", "node_id": "model.jaffle_shop_dbtvault.sat_customer_crm"} */

      select
          column_name,
          data_type,
          character_maximum_length,
          numeric_precision,
          numeric_scale

      from INFORMATION_SCHEMA.columns
      where table_name = 'sat_customer_crm__dbt_tmp141356569192'
        
      order by ordinal_position

  
[0m14:13:56.680529 [debug] [Thread-1  ]: SQL status: SELECT 7 in 0 seconds
[0m14:13:56.691810 [debug] [Thread-1  ]: Using postgres connection "model.jaffle_shop_dbtvault.sat_customer_crm"
[0m14:13:56.694471 [debug] [Thread-1  ]: On model.jaffle_shop_dbtvault.sat_customer_crm: /* {"app": "dbt", "dbt_version": "1.4.0", "profile_name": "jaffle_shop", "target_name": "dev", "node_id": "model.jaffle_shop_dbtvault.sat_customer_crm"} */

      select
          column_name,
          data_type,
          character_maximum_length,
          numeric_precision,
          numeric_scale

      from "postgres".INFORMATION_SCHEMA.columns
      where table_name = 'sat_customer_crm'
        
        and table_schema = 'dbt'
        
      order by ordinal_position

  
[0m14:13:56.704348 [debug] [Thread-1  ]: SQL status: SELECT 7 in 0 seconds
[0m14:13:56.718048 [debug] [Thread-1  ]: Using postgres connection "model.jaffle_shop_dbtvault.sat_customer_crm"
[0m14:13:56.720303 [debug] [Thread-1  ]: On model.jaffle_shop_dbtvault.sat_customer_crm: /* {"app": "dbt", "dbt_version": "1.4.0", "profile_name": "jaffle_shop", "target_name": "dev", "node_id": "model.jaffle_shop_dbtvault.sat_customer_crm"} */

      select
          column_name,
          data_type,
          character_maximum_length,
          numeric_precision,
          numeric_scale

      from "postgres".INFORMATION_SCHEMA.columns
      where table_name = 'sat_customer_crm'
        
        and table_schema = 'dbt'
        
      order by ordinal_position

  
[0m14:13:56.726840 [debug] [Thread-1  ]: SQL status: SELECT 7 in 0 seconds
[0m14:13:56.732832 [debug] [Thread-1  ]: Writing runtime sql for node "model.jaffle_shop_dbtvault.sat_customer_crm"
[0m14:13:56.738174 [debug] [Thread-1  ]: Using postgres connection "model.jaffle_shop_dbtvault.sat_customer_crm"
[0m14:13:56.739371 [debug] [Thread-1  ]: On model.jaffle_shop_dbtvault.sat_customer_crm: /* {"app": "dbt", "dbt_version": "1.4.0", "profile_name": "jaffle_shop", "target_name": "dev", "node_id": "model.jaffle_shop_dbtvault.sat_customer_crm"} */

      insert into "postgres"."dbt"."sat_customer_crm" ("customer_pk", "customer_hashdiff", "age", "country", "effective_from", "load_date", "record_source")
    (
        select "customer_pk", "customer_hashdiff", "age", "country", "effective_from", "load_date", "record_source"
        from "sat_customer_crm__dbt_tmp141356569192"
    )


  
[0m14:13:56.742077 [debug] [Thread-1  ]: SQL status: INSERT 0 0 in 0 seconds
[0m14:13:56.751902 [debug] [Thread-1  ]: On model.jaffle_shop_dbtvault.sat_customer_crm: COMMIT
[0m14:13:56.754004 [debug] [Thread-1  ]: Using postgres connection "model.jaffle_shop_dbtvault.sat_customer_crm"
[0m14:13:56.757113 [debug] [Thread-1  ]: On model.jaffle_shop_dbtvault.sat_customer_crm: COMMIT
[0m14:13:56.761591 [debug] [Thread-1  ]: SQL status: COMMIT in 0 seconds
[0m14:13:56.764124 [debug] [Thread-1  ]: Timing info for model.jaffle_shop_dbtvault.sat_customer_crm (execute): 2026-05-19 14:13:56.561140 => 2026-05-19 14:13:56.764029
[0m14:13:56.765697 [debug] [Thread-1  ]: On model.jaffle_shop_dbtvault.sat_customer_crm: Close
[0m14:13:56.768870 [debug] [Thread-1  ]: Sending event: {'category': 'dbt', 'action': 'run_model', 'label': 'f0e4e73d-e56f-40c8-97eb-a8d0601461c0', 'context': [<snowplow_tracker.self_describing_json.SelfDescribingJson object at 0x7feeee5fdb80>]}
[0m14:13:56.773118 [info ] [Thread-1  ]: 7 of 14 OK created sql incremental model dbt.sat_customer_crm .................. [[32mINSERT 0 0[0m in 0.32s]
[0m14:13:56.777490 [debug] [Thread-1  ]: Finished running node model.jaffle_shop_dbtvault.sat_customer_crm
[0m14:13:56.782435 [debug] [Thread-1  ]: Began running node model.jaffle_shop_dbtvault.hub_order
[0m14:13:56.785841 [info ] [Thread-1  ]: 8 of 14 START sql incremental model dbt.hub_order .............................. [RUN]
[0m14:13:56.790382 [debug] [Thread-1  ]: Acquiring new postgres connection 'model.jaffle_shop_dbtvault.hub_order'
[0m14:13:56.795240 [debug] [Thread-1  ]: Began compiling node model.jaffle_shop_dbtvault.hub_order
[0m14:13:56.833266 [info ] [Thread-1  ]: 14:13:56 + Loading postgres.dbt.hub_order from 1 source(s)
[0m14:13:56.853138 [debug] [Thread-1  ]: Writing injected SQL for node "model.jaffle_shop_dbtvault.hub_order"
[0m14:13:56.863973 [debug] [Thread-1  ]: Timing info for model.jaffle_shop_dbtvault.hub_order (compile): 2026-05-19 14:13:56.799125 => 2026-05-19 14:13:56.863820
[0m14:13:56.869751 [debug] [Thread-1  ]: Began executing node model.jaffle_shop_dbtvault.hub_order
[0m14:13:56.890029 [debug] [Thread-1  ]: Using postgres connection "model.jaffle_shop_dbtvault.hub_order"
[0m14:13:56.896249 [debug] [Thread-1  ]: On model.jaffle_shop_dbtvault.hub_order: /* {"app": "dbt", "dbt_version": "1.4.0", "profile_name": "jaffle_shop", "target_name": "dev", "node_id": "model.jaffle_shop_dbtvault.hub_order"} */

    
  
    

  create temporary table "hub_order__dbt_tmp141356879789"
  as (
    -- Generated by AutomateDV (formerly known as dbtvault)

    

WITH row_rank_1 AS (
    SELECT DISTINCT ON (rr.ORDER_PK) rr.ORDER_PK, rr.ORDER_KEY, rr.LOAD_DATE, rr.RECORD_SOURCE
    FROM "postgres"."dbt"."stg_orders" AS rr
    WHERE rr.ORDER_PK IS NOT NULL
    ORDER BY rr.ORDER_PK, rr.LOAD_DATE
),

records_to_insert AS (
    SELECT a.ORDER_PK, a.ORDER_KEY, a.LOAD_DATE, a.RECORD_SOURCE
    FROM row_rank_1 AS a
    LEFT JOIN "postgres"."dbt"."hub_order" AS d
    ON a.ORDER_PK = d.ORDER_PK
    WHERE d.ORDER_PK IS NULL
)

SELECT * FROM records_to_insert
  );
  
  
[0m14:13:56.904842 [debug] [Thread-1  ]: Opening a new connection, currently in state closed
[0m14:13:56.950033 [debug] [Thread-1  ]: SQL status: SELECT 0 in 0 seconds
[0m14:13:56.960301 [debug] [Thread-1  ]: Using postgres connection "model.jaffle_shop_dbtvault.hub_order"
[0m14:13:56.965879 [debug] [Thread-1  ]: On model.jaffle_shop_dbtvault.hub_order: BEGIN
[0m14:13:56.970591 [debug] [Thread-1  ]: SQL status: BEGIN in 0 seconds
[0m14:13:56.973872 [debug] [Thread-1  ]: Using postgres connection "model.jaffle_shop_dbtvault.hub_order"
[0m14:13:56.976424 [debug] [Thread-1  ]: On model.jaffle_shop_dbtvault.hub_order: /* {"app": "dbt", "dbt_version": "1.4.0", "profile_name": "jaffle_shop", "target_name": "dev", "node_id": "model.jaffle_shop_dbtvault.hub_order"} */

      select
          column_name,
          data_type,
          character_maximum_length,
          numeric_precision,
          numeric_scale

      from INFORMATION_SCHEMA.columns
      where table_name = 'hub_order__dbt_tmp141356879789'
        
      order by ordinal_position

  
[0m14:13:57.002014 [debug] [Thread-1  ]: SQL status: SELECT 4 in 0 seconds
[0m14:13:57.016852 [debug] [Thread-1  ]: Using postgres connection "model.jaffle_shop_dbtvault.hub_order"
[0m14:13:57.018744 [debug] [Thread-1  ]: On model.jaffle_shop_dbtvault.hub_order: /* {"app": "dbt", "dbt_version": "1.4.0", "profile_name": "jaffle_shop", "target_name": "dev", "node_id": "model.jaffle_shop_dbtvault.hub_order"} */

      select
          column_name,
          data_type,
          character_maximum_length,
          numeric_precision,
          numeric_scale

      from "postgres".INFORMATION_SCHEMA.columns
      where table_name = 'hub_order'
        
        and table_schema = 'dbt'
        
      order by ordinal_position

  
[0m14:13:57.025640 [debug] [Thread-1  ]: SQL status: SELECT 4 in 0 seconds
[0m14:13:57.039843 [debug] [Thread-1  ]: Using postgres connection "model.jaffle_shop_dbtvault.hub_order"
[0m14:13:57.041342 [debug] [Thread-1  ]: On model.jaffle_shop_dbtvault.hub_order: /* {"app": "dbt", "dbt_version": "1.4.0", "profile_name": "jaffle_shop", "target_name": "dev", "node_id": "model.jaffle_shop_dbtvault.hub_order"} */

      select
          column_name,
          data_type,
          character_maximum_length,
          numeric_precision,
          numeric_scale

      from "postgres".INFORMATION_SCHEMA.columns
      where table_name = 'hub_order'
        
        and table_schema = 'dbt'
        
      order by ordinal_position

  
[0m14:13:57.053565 [debug] [Thread-1  ]: SQL status: SELECT 4 in 0 seconds
[0m14:13:57.059119 [debug] [Thread-1  ]: Writing runtime sql for node "model.jaffle_shop_dbtvault.hub_order"
[0m14:13:57.064476 [debug] [Thread-1  ]: Using postgres connection "model.jaffle_shop_dbtvault.hub_order"
[0m14:13:57.065804 [debug] [Thread-1  ]: On model.jaffle_shop_dbtvault.hub_order: /* {"app": "dbt", "dbt_version": "1.4.0", "profile_name": "jaffle_shop", "target_name": "dev", "node_id": "model.jaffle_shop_dbtvault.hub_order"} */

      insert into "postgres"."dbt"."hub_order" ("order_pk", "order_key", "load_date", "record_source")
    (
        select "order_pk", "order_key", "load_date", "record_source"
        from "hub_order__dbt_tmp141356879789"
    )


  
[0m14:13:57.067864 [debug] [Thread-1  ]: SQL status: INSERT 0 0 in 0 seconds
[0m14:13:57.074305 [debug] [Thread-1  ]: On model.jaffle_shop_dbtvault.hub_order: COMMIT
[0m14:13:57.075653 [debug] [Thread-1  ]: Using postgres connection "model.jaffle_shop_dbtvault.hub_order"
[0m14:13:57.076980 [debug] [Thread-1  ]: On model.jaffle_shop_dbtvault.hub_order: COMMIT
[0m14:13:57.082372 [debug] [Thread-1  ]: SQL status: COMMIT in 0 seconds
[0m14:13:57.084557 [debug] [Thread-1  ]: Timing info for model.jaffle_shop_dbtvault.hub_order (execute): 2026-05-19 14:13:56.871261 => 2026-05-19 14:13:57.084477
[0m14:13:57.088316 [debug] [Thread-1  ]: On model.jaffle_shop_dbtvault.hub_order: Close
[0m14:13:57.090666 [debug] [Thread-1  ]: Sending event: {'category': 'dbt', 'action': 'run_model', 'label': 'f0e4e73d-e56f-40c8-97eb-a8d0601461c0', 'context': [<snowplow_tracker.self_describing_json.SelfDescribingJson object at 0x7feeec3ef820>]}
[0m14:13:57.092886 [info ] [Thread-1  ]: 8 of 14 OK created sql incremental model dbt.hub_order ......................... [[32mINSERT 0 0[0m in 0.30s]
[0m14:13:57.094950 [debug] [Thread-1  ]: Finished running node model.jaffle_shop_dbtvault.hub_order
[0m14:13:57.097637 [debug] [Thread-1  ]: Began running node model.jaffle_shop_dbtvault.sat_order
[0m14:13:57.099856 [info ] [Thread-1  ]: 9 of 14 START sql incremental model dbt.sat_order .............................. [RUN]
[0m14:13:57.103541 [debug] [Thread-1  ]: Acquiring new postgres connection 'model.jaffle_shop_dbtvault.sat_order'
[0m14:13:57.109534 [debug] [Thread-1  ]: Began compiling node model.jaffle_shop_dbtvault.sat_order
[0m14:13:57.168746 [debug] [Thread-1  ]: Writing injected SQL for node "model.jaffle_shop_dbtvault.sat_order"
[0m14:13:57.174278 [debug] [Thread-1  ]: Timing info for model.jaffle_shop_dbtvault.sat_order (compile): 2026-05-19 14:13:57.119981 => 2026-05-19 14:13:57.173231
[0m14:13:57.179627 [debug] [Thread-1  ]: Began executing node model.jaffle_shop_dbtvault.sat_order
[0m14:13:57.200479 [debug] [Thread-1  ]: Using postgres connection "model.jaffle_shop_dbtvault.sat_order"
[0m14:13:57.204993 [debug] [Thread-1  ]: On model.jaffle_shop_dbtvault.sat_order: /* {"app": "dbt", "dbt_version": "1.4.0", "profile_name": "jaffle_shop", "target_name": "dev", "node_id": "model.jaffle_shop_dbtvault.sat_order"} */

    
  
    

  create temporary table "sat_order__dbt_tmp141357193383"
  as (
    -- Generated by AutomateDV (formerly known as dbtvault)

    

WITH source_data AS (
    SELECT a.ORDER_PK, a.ORDER_HASHDIFF, a.order_date, a.status, a.EFFECTIVE_FROM, a.LOAD_DATE, a.RECORD_SOURCE
    FROM "postgres"."dbt"."stg_orders" AS a
    WHERE a.ORDER_PK IS NOT NULL
),

latest_records AS (
    SELECT b.ORDER_PK, b.ORDER_HASHDIFF, b.order_date, b.status, b.EFFECTIVE_FROM, b.LOAD_DATE, b.RECORD_SOURCE
    FROM (
        SELECT current_records.ORDER_PK, current_records.ORDER_HASHDIFF, current_records.order_date, current_records.status, current_records.EFFECTIVE_FROM, current_records.LOAD_DATE, current_records.RECORD_SOURCE,
            RANK() OVER (
               PARTITION BY current_records.ORDER_PK
               ORDER BY current_records.LOAD_DATE DESC
            ) AS rank
        FROM "postgres"."dbt"."sat_order" AS current_records
            JOIN (
                SELECT DISTINCT source_data.ORDER_PK
                FROM source_data
            ) AS source_records
                ON source_records.ORDER_PK = current_records.ORDER_PK
    ) AS b
    WHERE b.rank = 1
),

first_record_in_set AS (
    SELECT * FROM (
        SELECT
        sd.ORDER_PK, sd.ORDER_HASHDIFF, sd.order_date, sd.status, sd.EFFECTIVE_FROM, sd.LOAD_DATE, sd.RECORD_SOURCE,
        RANK() OVER (
                PARTITION BY sd.ORDER_PK
                ORDER BY sd.LOAD_DATE ASC
            ) as asc_rank
        FROM source_data as sd
    ) AS rin
    WHERE rin.asc_rank = 1
),

unique_source_records AS (
    SELECT
        b.ORDER_PK, b.ORDER_HASHDIFF, b.order_date, b.status, b.EFFECTIVE_FROM, b.LOAD_DATE, b.RECORD_SOURCE
    FROM (
        SELECT DISTINCT
            sd.ORDER_PK, sd.ORDER_HASHDIFF, sd.order_date, sd.status, sd.EFFECTIVE_FROM, sd.LOAD_DATE, sd.RECORD_SOURCE,
            LAG(sd.ORDER_HASHDIFF) OVER (
                PARTITION BY sd.ORDER_PK
                ORDER BY sd.LOAD_DATE ASC) as prev_hashdiff
        FROM source_data as sd
        ) AS b
    WHERE b.ORDER_HASHDIFF != b.prev_hashdiff
),

records_to_insert AS (
        SELECT frin.ORDER_PK, frin.ORDER_HASHDIFF, frin.order_date, frin.status, frin.EFFECTIVE_FROM, frin.LOAD_DATE, frin.RECORD_SOURCE
        FROM first_record_in_set AS frin
        LEFT JOIN LATEST_RECORDS lr
            ON lr.ORDER_PK = frin.ORDER_PK
            AND lr.ORDER_HASHDIFF = frin.ORDER_HASHDIFF
            WHERE lr.ORDER_HASHDIFF IS NULL
        UNION
        SELECT usr.ORDER_PK, usr.ORDER_HASHDIFF, usr.order_date, usr.status, usr.EFFECTIVE_FROM, usr.LOAD_DATE, usr.RECORD_SOURCE
        FROM unique_source_records as usr
)

SELECT * FROM records_to_insert
  );
  
  
[0m14:13:57.210134 [debug] [Thread-1  ]: Opening a new connection, currently in state closed
[0m14:13:57.238087 [debug] [Thread-1  ]: SQL status: SELECT 0 in 0 seconds
[0m14:13:57.250958 [debug] [Thread-1  ]: Using postgres connection "model.jaffle_shop_dbtvault.sat_order"
[0m14:13:57.252737 [debug] [Thread-1  ]: On model.jaffle_shop_dbtvault.sat_order: BEGIN
[0m14:13:57.257319 [debug] [Thread-1  ]: SQL status: BEGIN in 0 seconds
[0m14:13:57.258579 [debug] [Thread-1  ]: Using postgres connection "model.jaffle_shop_dbtvault.sat_order"
[0m14:13:57.259519 [debug] [Thread-1  ]: On model.jaffle_shop_dbtvault.sat_order: /* {"app": "dbt", "dbt_version": "1.4.0", "profile_name": "jaffle_shop", "target_name": "dev", "node_id": "model.jaffle_shop_dbtvault.sat_order"} */

      select
          column_name,
          data_type,
          character_maximum_length,
          numeric_precision,
          numeric_scale

      from INFORMATION_SCHEMA.columns
      where table_name = 'sat_order__dbt_tmp141357193383'
        
      order by ordinal_position

  
[0m14:13:57.271123 [debug] [Thread-1  ]: SQL status: SELECT 7 in 0 seconds
[0m14:13:57.279604 [debug] [Thread-1  ]: Using postgres connection "model.jaffle_shop_dbtvault.sat_order"
[0m14:13:57.281091 [debug] [Thread-1  ]: On model.jaffle_shop_dbtvault.sat_order: /* {"app": "dbt", "dbt_version": "1.4.0", "profile_name": "jaffle_shop", "target_name": "dev", "node_id": "model.jaffle_shop_dbtvault.sat_order"} */

      select
          column_name,
          data_type,
          character_maximum_length,
          numeric_precision,
          numeric_scale

      from "postgres".INFORMATION_SCHEMA.columns
      where table_name = 'sat_order'
        
        and table_schema = 'dbt'
        
      order by ordinal_position

  
[0m14:13:57.288448 [debug] [Thread-1  ]: SQL status: SELECT 7 in 0 seconds
[0m14:13:57.296302 [debug] [Thread-1  ]: Using postgres connection "model.jaffle_shop_dbtvault.sat_order"
[0m14:13:57.297648 [debug] [Thread-1  ]: On model.jaffle_shop_dbtvault.sat_order: /* {"app": "dbt", "dbt_version": "1.4.0", "profile_name": "jaffle_shop", "target_name": "dev", "node_id": "model.jaffle_shop_dbtvault.sat_order"} */

      select
          column_name,
          data_type,
          character_maximum_length,
          numeric_precision,
          numeric_scale

      from "postgres".INFORMATION_SCHEMA.columns
      where table_name = 'sat_order'
        
        and table_schema = 'dbt'
        
      order by ordinal_position

  
[0m14:13:57.303283 [debug] [Thread-1  ]: SQL status: SELECT 7 in 0 seconds
[0m14:13:57.308572 [debug] [Thread-1  ]: Writing runtime sql for node "model.jaffle_shop_dbtvault.sat_order"
[0m14:13:57.312045 [debug] [Thread-1  ]: Using postgres connection "model.jaffle_shop_dbtvault.sat_order"
[0m14:13:57.313693 [debug] [Thread-1  ]: On model.jaffle_shop_dbtvault.sat_order: /* {"app": "dbt", "dbt_version": "1.4.0", "profile_name": "jaffle_shop", "target_name": "dev", "node_id": "model.jaffle_shop_dbtvault.sat_order"} */

      insert into "postgres"."dbt"."sat_order" ("order_pk", "order_hashdiff", "order_date", "status", "effective_from", "load_date", "record_source")
    (
        select "order_pk", "order_hashdiff", "order_date", "status", "effective_from", "load_date", "record_source"
        from "sat_order__dbt_tmp141357193383"
    )


  
[0m14:13:57.316685 [debug] [Thread-1  ]: SQL status: INSERT 0 0 in 0 seconds
[0m14:13:57.321517 [debug] [Thread-1  ]: On model.jaffle_shop_dbtvault.sat_order: COMMIT
[0m14:13:57.322730 [debug] [Thread-1  ]: Using postgres connection "model.jaffle_shop_dbtvault.sat_order"
[0m14:13:57.324063 [debug] [Thread-1  ]: On model.jaffle_shop_dbtvault.sat_order: COMMIT
[0m14:13:57.327898 [debug] [Thread-1  ]: SQL status: COMMIT in 0 seconds
[0m14:13:57.330518 [debug] [Thread-1  ]: Timing info for model.jaffle_shop_dbtvault.sat_order (execute): 2026-05-19 14:13:57.184975 => 2026-05-19 14:13:57.330379
[0m14:13:57.332350 [debug] [Thread-1  ]: On model.jaffle_shop_dbtvault.sat_order: Close
[0m14:13:57.334849 [debug] [Thread-1  ]: Sending event: {'category': 'dbt', 'action': 'run_model', 'label': 'f0e4e73d-e56f-40c8-97eb-a8d0601461c0', 'context': [<snowplow_tracker.self_describing_json.SelfDescribingJson object at 0x7feeec3ef0d0>]}
[0m14:13:57.337535 [info ] [Thread-1  ]: 9 of 14 OK created sql incremental model dbt.sat_order ......................... [[32mINSERT 0 0[0m in 0.23s]
[0m14:13:57.342073 [debug] [Thread-1  ]: Finished running node model.jaffle_shop_dbtvault.sat_order
[0m14:13:57.344037 [debug] [Thread-1  ]: Began running node model.jaffle_shop_dbtvault.stg_customer_order
[0m14:13:57.346742 [info ] [Thread-1  ]: 10 of 14 START sql view model dbt.stg_customer_order ........................... [RUN]
[0m14:13:57.350557 [debug] [Thread-1  ]: Acquiring new postgres connection 'model.jaffle_shop_dbtvault.stg_customer_order'
[0m14:13:57.351628 [debug] [Thread-1  ]: Began compiling node model.jaffle_shop_dbtvault.stg_customer_order
[0m14:13:57.362286 [debug] [Thread-1  ]: Writing injected SQL for node "model.jaffle_shop_dbtvault.stg_customer_order"
[0m14:13:57.371162 [debug] [Thread-1  ]: Timing info for model.jaffle_shop_dbtvault.stg_customer_order (compile): 2026-05-19 14:13:57.352371 => 2026-05-19 14:13:57.371027
[0m14:13:57.373762 [debug] [Thread-1  ]: Began executing node model.jaffle_shop_dbtvault.stg_customer_order
[0m14:13:57.389705 [debug] [Thread-1  ]: Writing runtime sql for node "model.jaffle_shop_dbtvault.stg_customer_order"
[0m14:13:57.397358 [debug] [Thread-1  ]: Using postgres connection "model.jaffle_shop_dbtvault.stg_customer_order"
[0m14:13:57.403717 [debug] [Thread-1  ]: On model.jaffle_shop_dbtvault.stg_customer_order: BEGIN
[0m14:13:57.407071 [debug] [Thread-1  ]: Opening a new connection, currently in state closed
[0m14:13:57.451466 [debug] [Thread-1  ]: SQL status: BEGIN in 0 seconds
[0m14:13:57.456616 [debug] [Thread-1  ]: Using postgres connection "model.jaffle_shop_dbtvault.stg_customer_order"
[0m14:13:57.460948 [debug] [Thread-1  ]: On model.jaffle_shop_dbtvault.stg_customer_order: /* {"app": "dbt", "dbt_version": "1.4.0", "profile_name": "jaffle_shop", "target_name": "dev", "node_id": "model.jaffle_shop_dbtvault.stg_customer_order"} */

  create view "postgres"."dbt"."stg_customer_order__dbt_tmp" as (
    with stg_orders as (
    select ORDER_KEY, ORDER_PK, user_id from "postgres"."dbt"."stg_orders"
),

stg_customers as (
    select id, CUSTOMER_KEY, CUSTOMER_PK from "postgres"."dbt"."stg_customers"
)

select  ORDER_KEY, CUSTOMER_KEY, CUSTOMER_PK, ORDER_PK from stg_orders so
JOIN stg_customers sc ON sc.id = so.user_id
  );
[0m14:13:57.473820 [debug] [Thread-1  ]: SQL status: CREATE VIEW in 0 seconds
[0m14:13:57.494052 [debug] [Thread-1  ]: Using postgres connection "model.jaffle_shop_dbtvault.stg_customer_order"
[0m14:13:57.497255 [debug] [Thread-1  ]: On model.jaffle_shop_dbtvault.stg_customer_order: /* {"app": "dbt", "dbt_version": "1.4.0", "profile_name": "jaffle_shop", "target_name": "dev", "node_id": "model.jaffle_shop_dbtvault.stg_customer_order"} */
alter table "postgres"."dbt"."stg_customer_order__dbt_tmp" rename to "stg_customer_order"
[0m14:13:57.506638 [debug] [Thread-1  ]: SQL status: ALTER TABLE in 0 seconds
[0m14:13:57.516208 [debug] [Thread-1  ]: On model.jaffle_shop_dbtvault.stg_customer_order: COMMIT
[0m14:13:57.522619 [debug] [Thread-1  ]: Using postgres connection "model.jaffle_shop_dbtvault.stg_customer_order"
[0m14:13:57.526342 [debug] [Thread-1  ]: On model.jaffle_shop_dbtvault.stg_customer_order: COMMIT
[0m14:13:57.537051 [debug] [Thread-1  ]: SQL status: COMMIT in 0 seconds
[0m14:13:57.554821 [debug] [Thread-1  ]: Using postgres connection "model.jaffle_shop_dbtvault.stg_customer_order"
[0m14:13:57.558402 [debug] [Thread-1  ]: On model.jaffle_shop_dbtvault.stg_customer_order: /* {"app": "dbt", "dbt_version": "1.4.0", "profile_name": "jaffle_shop", "target_name": "dev", "node_id": "model.jaffle_shop_dbtvault.stg_customer_order"} */
drop view if exists "postgres"."dbt"."stg_customer_order__dbt_backup" cascade
[0m14:13:57.561687 [debug] [Thread-1  ]: SQL status: DROP VIEW in 0 seconds
[0m14:13:57.572016 [debug] [Thread-1  ]: Timing info for model.jaffle_shop_dbtvault.stg_customer_order (execute): 2026-05-19 14:13:57.377027 => 2026-05-19 14:13:57.571821
[0m14:13:57.576354 [debug] [Thread-1  ]: On model.jaffle_shop_dbtvault.stg_customer_order: Close
[0m14:13:57.582997 [debug] [Thread-1  ]: Sending event: {'category': 'dbt', 'action': 'run_model', 'label': 'f0e4e73d-e56f-40c8-97eb-a8d0601461c0', 'context': [<snowplow_tracker.self_describing_json.SelfDescribingJson object at 0x7feeec3abf40>]}
[0m14:13:57.591517 [info ] [Thread-1  ]: 10 of 14 OK created sql view model dbt.stg_customer_order ...................... [[32mCREATE VIEW[0m in 0.23s]
[0m14:13:57.594463 [debug] [Thread-1  ]: Finished running node model.jaffle_shop_dbtvault.stg_customer_order
[0m14:13:57.598609 [debug] [Thread-1  ]: Began running node model.jaffle_shop_dbtvault.customer_pit
[0m14:13:57.604575 [info ] [Thread-1  ]: 11 of 14 START sql pit_incremental model dbt.customer_pit ...................... [RUN]
[0m14:13:57.614097 [debug] [Thread-1  ]: Acquiring new postgres connection 'model.jaffle_shop_dbtvault.customer_pit'
[0m14:13:57.623484 [debug] [Thread-1  ]: Began compiling node model.jaffle_shop_dbtvault.customer_pit
[0m14:13:57.697400 [debug] [Thread-1  ]: Writing injected SQL for node "model.jaffle_shop_dbtvault.customer_pit"
[0m14:13:57.711080 [debug] [Thread-1  ]: Timing info for model.jaffle_shop_dbtvault.customer_pit (compile): 2026-05-19 14:13:57.625385 => 2026-05-19 14:13:57.710838
[0m14:13:57.719934 [debug] [Thread-1  ]: Began executing node model.jaffle_shop_dbtvault.customer_pit
[0m14:13:57.757957 [debug] [Thread-1  ]: Using postgres connection "model.jaffle_shop_dbtvault.customer_pit"
[0m14:13:57.760833 [debug] [Thread-1  ]: On model.jaffle_shop_dbtvault.customer_pit: /* {"app": "dbt", "dbt_version": "1.4.0", "profile_name": "jaffle_shop", "target_name": "dev", "node_id": "model.jaffle_shop_dbtvault.customer_pit"} */

    
  
    

  create temporary table "customer_pit__dbt_tmp141357756725"
  as (
    








-- Generated by AutomateDV (formerly known as dbtvault)
        -- depends_on: "postgres"."dbt"."stg_customers"
        -- depends_on: "postgres"."dbt"."stg_customers_crm"

WITH as_of_dates AS (
    SELECT * FROM "postgres"."dbt"."as_of_date"
),

last_safe_load_datetime AS (
    SELECT MIN(LOAD_DATETIME) AS LAST_SAFE_LOAD_DATETIME
    FROM (

        SELECT MIN(load_date) AS LOAD_DATETIME FROM "postgres"."dbt"."stg_customers"
             UNION ALL 
        SELECT MIN(load_date) AS LOAD_DATETIME FROM "postgres"."dbt"."stg_customers_crm"
            
        ) AS l
),

as_of_grain_old_entries AS (
    SELECT DISTINCT AS_OF_DATE
    FROM "postgres"."dbt"."customer_pit"
),

as_of_grain_lost_entries AS (
    SELECT a.AS_OF_DATE
    FROM as_of_grain_old_entries AS a
    LEFT OUTER JOIN as_of_dates AS b
        ON a.AS_OF_DATE = b.AS_OF_DATE
    WHERE b.AS_OF_DATE IS NULL
),

as_of_grain_new_entries AS (
    SELECT a.AS_OF_DATE
    FROM as_of_dates AS a
    LEFT OUTER JOIN as_of_grain_old_entries AS b
        ON a.AS_OF_DATE = b.AS_OF_DATE
    WHERE b.AS_OF_DATE IS NULL
),

min_date AS (
    SELECT MIN(AS_OF_DATE) AS MIN_DATE
    FROM as_of_dates
),

backfill_as_of AS (
    SELECT AS_OF_DATE
    FROM as_of_dates AS a

    
    WHERE a.AS_OF_DATE < (SELECT LAST_SAFE_LOAD_DATETIME FROM last_safe_load_datetime)
),

new_rows_pks AS (
    SELECT h.customer_pk
    FROM "postgres"."dbt"."hub_customer" AS h

    
    WHERE h.load_date >= (SELECT LAST_SAFE_LOAD_DATETIME FROM last_safe_load_datetime)
),

new_rows_as_of AS (
    SELECT AS_OF_DATE
    FROM as_of_dates AS a
    
    WHERE a.AS_OF_DATE >= (SELECT LAST_SAFE_LOAD_DATETIME FROM last_safe_load_datetime)
    UNION
    SELECT as_of_date
    FROM as_of_grain_new_entries
),

overlap_pks AS (
    SELECT a.*
    FROM "postgres"."dbt"."customer_pit" AS a
    INNER JOIN "postgres"."dbt"."hub_customer" as b
        ON a.customer_pk = b.customer_pk
    
    WHERE a.AS_OF_DATE >= (SELECT MIN_DATE FROM min_date)
        AND a.AS_OF_DATE < (SELECT LAST_SAFE_LOAD_DATETIME FROM last_safe_load_datetime)
        AND a.AS_OF_DATE NOT IN (SELECT AS_OF_DATE FROM as_of_grain_lost_entries)
),

overlap_as_of AS (
    SELECT p.AS_OF_DATE
    FROM as_of_dates AS p
    
    WHERE p.AS_OF_DATE >= (SELECT MIN_DATE FROM min_date)
        AND p.AS_OF_DATE < (SELECT LAST_SAFE_LOAD_DATETIME FROM last_safe_load_datetime)
        AND p.AS_OF_DATE NOT IN (SELECT AS_OF_DATE FROM as_of_grain_lost_entries)
    
),

backfill_rows_as_of_dates AS (
    SELECT
        a.customer_pk,
        b.AS_OF_DATE
    FROM new_rows_pks AS a
    INNER JOIN backfill_as_of AS b
        ON (1=1)
),

backfill AS (
    SELECT
        a.customer_pk,
        a.AS_OF_DATE,

        COALESCE(DECODE(MAX(ENCODE(sat_customer_src.customer_pk, 'hex')), 'hex'),
                 CAST('0000000000000000' AS BYTEA))
        AS sat_customer_PK,

        COALESCE(MAX(sat_customer_src.load_date),
                 to_char(timestamp '1900-01-01 00:00:00.000', 'YYYY-MM-DD HH24:MI:SS.MS')::timestamp)
        AS sat_customer_LDTS,

        COALESCE(DECODE(MAX(ENCODE(sat_customer_crm_src.customer_pk, 'hex')), 'hex'),
                 CAST('0000000000000000' AS BYTEA))
        AS sat_customer_crm_PK,

        COALESCE(MAX(sat_customer_crm_src.load_date),
                 to_char(timestamp '1900-01-01 00:00:00.000', 'YYYY-MM-DD HH24:MI:SS.MS')::timestamp)
        AS sat_customer_crm_LDTS

    FROM backfill_rows_as_of_dates AS a

        LEFT OUTER JOIN "postgres"."dbt"."sat_customer" AS sat_customer_src
            ON a.customer_pk = sat_customer_src.customer_pk
            AND sat_customer_src.load_date <= a.AS_OF_DATE
    

        LEFT OUTER JOIN "postgres"."dbt"."sat_customer_crm" AS sat_customer_crm_src
            ON a.customer_pk = sat_customer_crm_src.customer_pk
            AND sat_customer_crm_src.load_date <= a.AS_OF_DATE
    

    GROUP BY
        a.customer_pk, a.AS_OF_DATE
),

new_rows_as_of_dates AS (
    SELECT
        a.customer_pk,
        b.AS_OF_DATE
    FROM "postgres"."dbt"."hub_customer" AS a
    INNER JOIN new_rows_as_of AS b
    ON (1=1)
),

new_rows AS (
    SELECT
        a.customer_pk,
        a.AS_OF_DATE,

        COALESCE(DECODE(MAX(ENCODE(sat_customer_src.customer_pk, 'hex')), 'hex'),
                 CAST('0000000000000000' AS BYTEA))
        AS sat_customer_PK,

        COALESCE(MAX(sat_customer_src.load_date),
                 to_char(timestamp '1900-01-01 00:00:00.000', 'YYYY-MM-DD HH24:MI:SS.MS')::timestamp)
        AS sat_customer_LDTS,

        COALESCE(DECODE(MAX(ENCODE(sat_customer_crm_src.customer_pk, 'hex')), 'hex'),
                 CAST('0000000000000000' AS BYTEA))
        AS sat_customer_crm_PK,

        COALESCE(MAX(sat_customer_crm_src.load_date),
                 to_char(timestamp '1900-01-01 00:00:00.000', 'YYYY-MM-DD HH24:MI:SS.MS')::timestamp)
        AS sat_customer_crm_LDTS

    FROM new_rows_as_of_dates AS a

        LEFT OUTER JOIN "postgres"."dbt"."sat_customer" AS sat_customer_src
            ON a.customer_pk = sat_customer_src.customer_pk
            AND sat_customer_src.load_date <= a.AS_OF_DATE
    

        LEFT OUTER JOIN "postgres"."dbt"."sat_customer_crm" AS sat_customer_crm_src
            ON a.customer_pk = sat_customer_crm_src.customer_pk
            AND sat_customer_crm_src.load_date <= a.AS_OF_DATE
    

    GROUP BY
        a.customer_pk,
        a.AS_OF_DATE
),

pit AS (
    SELECT * FROM new_rows
    UNION ALL
    SELECT * FROM overlap_pks
    UNION ALL
    SELECT * FROM backfill
    
)

SELECT DISTINCT * FROM pit
  );
  
  
[0m14:13:57.763585 [debug] [Thread-1  ]: Opening a new connection, currently in state closed
[0m14:13:57.861610 [debug] [Thread-1  ]: SQL status: SELECT 9450 in 0 seconds
[0m14:13:57.880273 [debug] [Thread-1  ]: Using postgres connection "model.jaffle_shop_dbtvault.customer_pit"
[0m14:13:57.885797 [debug] [Thread-1  ]: On model.jaffle_shop_dbtvault.customer_pit: BEGIN
[0m14:13:57.888036 [debug] [Thread-1  ]: SQL status: BEGIN in 0 seconds
[0m14:13:57.889758 [debug] [Thread-1  ]: Using postgres connection "model.jaffle_shop_dbtvault.customer_pit"
[0m14:13:57.901864 [debug] [Thread-1  ]: On model.jaffle_shop_dbtvault.customer_pit: /* {"app": "dbt", "dbt_version": "1.4.0", "profile_name": "jaffle_shop", "target_name": "dev", "node_id": "model.jaffle_shop_dbtvault.customer_pit"} */

      select
          column_name,
          data_type,
          character_maximum_length,
          numeric_precision,
          numeric_scale

      from INFORMATION_SCHEMA.columns
      where table_name = 'customer_pit__dbt_tmp141357756725'
        
      order by ordinal_position

  
[0m14:13:57.948732 [debug] [Thread-1  ]: SQL status: SELECT 6 in 0 seconds
[0m14:13:57.966148 [debug] [Thread-1  ]: Using postgres connection "model.jaffle_shop_dbtvault.customer_pit"
[0m14:13:57.968509 [debug] [Thread-1  ]: On model.jaffle_shop_dbtvault.customer_pit: /* {"app": "dbt", "dbt_version": "1.4.0", "profile_name": "jaffle_shop", "target_name": "dev", "node_id": "model.jaffle_shop_dbtvault.customer_pit"} */

      select
          column_name,
          data_type,
          character_maximum_length,
          numeric_precision,
          numeric_scale

      from "postgres".INFORMATION_SCHEMA.columns
      where table_name = 'customer_pit'
        
        and table_schema = 'dbt'
        
      order by ordinal_position

  
[0m14:13:57.983886 [debug] [Thread-1  ]: SQL status: SELECT 6 in 0 seconds
[0m14:13:58.009969 [debug] [Thread-1  ]: Using postgres connection "model.jaffle_shop_dbtvault.customer_pit"
[0m14:13:58.012126 [debug] [Thread-1  ]: On model.jaffle_shop_dbtvault.customer_pit: /* {"app": "dbt", "dbt_version": "1.4.0", "profile_name": "jaffle_shop", "target_name": "dev", "node_id": "model.jaffle_shop_dbtvault.customer_pit"} */

      select
          column_name,
          data_type,
          character_maximum_length,
          numeric_precision,
          numeric_scale

      from "postgres".INFORMATION_SCHEMA.columns
      where table_name = 'customer_pit'
        
        and table_schema = 'dbt'
        
      order by ordinal_position

  
[0m14:13:58.020189 [debug] [Thread-1  ]: SQL status: SELECT 6 in 0 seconds
[0m14:13:58.035313 [debug] [Thread-1  ]: Writing runtime sql for node "model.jaffle_shop_dbtvault.customer_pit"
[0m14:13:58.057306 [debug] [Thread-1  ]: Using postgres connection "model.jaffle_shop_dbtvault.customer_pit"
[0m14:13:58.059998 [debug] [Thread-1  ]: On model.jaffle_shop_dbtvault.customer_pit: /* {"app": "dbt", "dbt_version": "1.4.0", "profile_name": "jaffle_shop", "target_name": "dev", "node_id": "model.jaffle_shop_dbtvault.customer_pit"} */


    TRUNCATE TABLE "postgres"."dbt"."customer_pit";

    INSERT INTO "postgres"."dbt"."customer_pit" ("customer_pk", "as_of_date", "sat_customer_pk", "sat_customer_ldts", "sat_customer_crm_pk", "sat_customer_crm_ldts")
    (
       SELECT "customer_pk", "as_of_date", "sat_customer_pk", "sat_customer_ldts", "sat_customer_crm_pk", "sat_customer_crm_ldts"
       FROM "customer_pit__dbt_tmp141357756725"
    );
[0m14:13:58.096960 [debug] [Thread-1  ]: SQL status: INSERT 0 9450 in 0 seconds
[0m14:13:58.100572 [debug] [Thread-1  ]: On model.jaffle_shop_dbtvault.customer_pit: COMMIT
[0m14:13:58.104902 [debug] [Thread-1  ]: Using postgres connection "model.jaffle_shop_dbtvault.customer_pit"
[0m14:13:58.109994 [debug] [Thread-1  ]: On model.jaffle_shop_dbtvault.customer_pit: COMMIT
[0m14:13:58.123088 [debug] [Thread-1  ]: SQL status: COMMIT in 0 seconds
[0m14:13:58.126520 [debug] [Thread-1  ]: Timing info for model.jaffle_shop_dbtvault.customer_pit (execute): 2026-05-19 14:13:57.722054 => 2026-05-19 14:13:58.126406
[0m14:13:58.129045 [debug] [Thread-1  ]: On model.jaffle_shop_dbtvault.customer_pit: Close
[0m14:13:58.133946 [debug] [Thread-1  ]: Sending event: {'category': 'dbt', 'action': 'run_model', 'label': 'f0e4e73d-e56f-40c8-97eb-a8d0601461c0', 'context': [<snowplow_tracker.self_describing_json.SelfDescribingJson object at 0x7feeee619400>]}
[0m14:13:58.138805 [info ] [Thread-1  ]: 11 of 14 OK created sql pit_incremental model dbt.customer_pit ................. [[32mINSERT 0 9450[0m in 0.52s]
[0m14:13:58.144520 [debug] [Thread-1  ]: Finished running node model.jaffle_shop_dbtvault.customer_pit
[0m14:13:58.146416 [debug] [Thread-1  ]: Began running node model.jaffle_shop_dbtvault.our_customer_pit
[0m14:13:58.148830 [info ] [Thread-1  ]: 12 of 14 START sql view model dbt.our_customer_pit ............................. [RUN]
[0m14:13:58.151266 [debug] [Thread-1  ]: Acquiring new postgres connection 'model.jaffle_shop_dbtvault.our_customer_pit'
[0m14:13:58.156859 [debug] [Thread-1  ]: Began compiling node model.jaffle_shop_dbtvault.our_customer_pit
[0m14:13:58.178450 [debug] [Thread-1  ]: Writing injected SQL for node "model.jaffle_shop_dbtvault.our_customer_pit"
[0m14:13:58.189253 [debug] [Thread-1  ]: Timing info for model.jaffle_shop_dbtvault.our_customer_pit (compile): 2026-05-19 14:13:58.159691 => 2026-05-19 14:13:58.188978
[0m14:13:58.192943 [debug] [Thread-1  ]: Began executing node model.jaffle_shop_dbtvault.our_customer_pit
[0m14:13:58.224444 [debug] [Thread-1  ]: Writing runtime sql for node "model.jaffle_shop_dbtvault.our_customer_pit"
[0m14:13:58.234178 [debug] [Thread-1  ]: Using postgres connection "model.jaffle_shop_dbtvault.our_customer_pit"
[0m14:13:58.238620 [debug] [Thread-1  ]: On model.jaffle_shop_dbtvault.our_customer_pit: BEGIN
[0m14:13:58.241776 [debug] [Thread-1  ]: Opening a new connection, currently in state closed
[0m14:13:58.267611 [debug] [Thread-1  ]: SQL status: BEGIN in 0 seconds
[0m14:13:58.270668 [debug] [Thread-1  ]: Using postgres connection "model.jaffle_shop_dbtvault.our_customer_pit"
[0m14:13:58.273128 [debug] [Thread-1  ]: On model.jaffle_shop_dbtvault.our_customer_pit: /* {"app": "dbt", "dbt_version": "1.4.0", "profile_name": "jaffle_shop", "target_name": "dev", "node_id": "model.jaffle_shop_dbtvault.our_customer_pit"} */

  create view "postgres"."dbt"."our_customer_pit__dbt_tmp" as (
    with all_history (
    select hc.customer_pk,
    sc.last_name,
    sc.first_name,
    scc.age,
    sc.effective_from as sc_effective_from,
                  coalesce(lead(sc.effective_from) OVER (PARTITION BY hc.customer_pk ORDER BY sc.effective_from), '9999-12-31') as sc_effective_to,
    scc.effective_from as scc_effective_from,
                  coalesce(lead(scc.effective_from) OVER (PARTITION BY hc.customer_pk ORDER BY scc.effective_from), '9999-12-31') as scc_effective_to
    from "postgres"."dbt"."hub_customer" hc
    LEFT JOIN "postgres"."dbt"."sat_customer" sc ON sc.customer_pk = hc.customer_pk
    LEFT JOIN "postgres"."dbt"."sat_customer_crm" scc ON scc.customer_pk = hc.customer_pk
)

SELECT customer_pk, last_name, first_name, age, sc_effective_from, scc_effective_from
from all_history
where 1=1
  );
[0m14:13:58.283534 [debug] [Thread-1  ]: Postgres adapter: Postgres error: syntax error at or near "select"
LINE 5:     select hc.customer_pk,
            ^

[0m14:13:58.290225 [debug] [Thread-1  ]: On model.jaffle_shop_dbtvault.our_customer_pit: ROLLBACK
[0m14:13:58.293031 [debug] [Thread-1  ]: Timing info for model.jaffle_shop_dbtvault.our_customer_pit (execute): 2026-05-19 14:13:58.198585 => 2026-05-19 14:13:58.292819
[0m14:13:58.310095 [debug] [Thread-1  ]: On model.jaffle_shop_dbtvault.our_customer_pit: Close
[0m14:13:58.320107 [debug] [Thread-1  ]: Database Error in model our_customer_pit (models/business_vault/our_customer_pit.sql)
  syntax error at or near "select"
  LINE 5:     select hc.customer_pk,
              ^
  compiled Code at target/run/jaffle_shop_dbtvault/models/business_vault/our_customer_pit.sql
[0m14:13:58.324644 [debug] [Thread-1  ]: Sending event: {'category': 'dbt', 'action': 'run_model', 'label': 'f0e4e73d-e56f-40c8-97eb-a8d0601461c0', 'context': [<snowplow_tracker.self_describing_json.SelfDescribingJson object at 0x7feeee600c10>]}
[0m14:13:58.329459 [error] [Thread-1  ]: 12 of 14 ERROR creating sql view model dbt.our_customer_pit .................... [[31mERROR[0m in 0.17s]
[0m14:13:58.338182 [debug] [Thread-1  ]: Finished running node model.jaffle_shop_dbtvault.our_customer_pit
[0m14:13:58.352979 [debug] [Thread-1  ]: Began running node model.jaffle_shop_dbtvault.stg_link_customer_order
[0m14:13:58.363373 [info ] [Thread-1  ]: 13 of 14 START sql view model dbt.stg_link_customer_order ...................... [RUN]
[0m14:13:58.375440 [debug] [Thread-1  ]: Acquiring new postgres connection 'model.jaffle_shop_dbtvault.stg_link_customer_order'
[0m14:13:58.382441 [debug] [Thread-1  ]: Began compiling node model.jaffle_shop_dbtvault.stg_link_customer_order
[0m14:13:58.498284 [debug] [Thread-1  ]: Using postgres connection "model.jaffle_shop_dbtvault.stg_link_customer_order"
[0m14:13:58.499840 [debug] [Thread-1  ]: On model.jaffle_shop_dbtvault.stg_link_customer_order: BEGIN
[0m14:13:58.505727 [debug] [Thread-1  ]: Opening a new connection, currently in state closed
[0m14:13:58.542453 [debug] [Thread-1  ]: SQL status: BEGIN in 0 seconds
[0m14:13:58.549279 [debug] [Thread-1  ]: Using postgres connection "model.jaffle_shop_dbtvault.stg_link_customer_order"
[0m14:13:58.553396 [debug] [Thread-1  ]: On model.jaffle_shop_dbtvault.stg_link_customer_order: /* {"app": "dbt", "dbt_version": "1.4.0", "profile_name": "jaffle_shop", "target_name": "dev", "node_id": "model.jaffle_shop_dbtvault.stg_link_customer_order"} */

      select
          column_name,
          data_type,
          character_maximum_length,
          numeric_precision,
          numeric_scale

      from "postgres".INFORMATION_SCHEMA.columns
      where table_name = 'stg_customer_order'
        
        and table_schema = 'dbt'
        
      order by ordinal_position

  
[0m14:13:58.577913 [debug] [Thread-1  ]: SQL status: SELECT 4 in 0 seconds
[0m14:13:58.601384 [debug] [Thread-1  ]: Using postgres connection "model.jaffle_shop_dbtvault.stg_link_customer_order"
[0m14:13:58.602787 [debug] [Thread-1  ]: On model.jaffle_shop_dbtvault.stg_link_customer_order: /* {"app": "dbt", "dbt_version": "1.4.0", "profile_name": "jaffle_shop", "target_name": "dev", "node_id": "model.jaffle_shop_dbtvault.stg_link_customer_order"} */

      select
          column_name,
          data_type,
          character_maximum_length,
          numeric_precision,
          numeric_scale

      from "postgres".INFORMATION_SCHEMA.columns
      where table_name = 'stg_customer_order'
        
        and table_schema = 'dbt'
        
      order by ordinal_position

  
[0m14:13:58.610753 [debug] [Thread-1  ]: SQL status: SELECT 4 in 0 seconds
[0m14:13:58.630277 [debug] [Thread-1  ]: Writing injected SQL for node "model.jaffle_shop_dbtvault.stg_link_customer_order"
[0m14:13:58.636796 [debug] [Thread-1  ]: Timing info for model.jaffle_shop_dbtvault.stg_link_customer_order (compile): 2026-05-19 14:13:58.384886 => 2026-05-19 14:13:58.636651
[0m14:13:58.639409 [debug] [Thread-1  ]: Began executing node model.jaffle_shop_dbtvault.stg_link_customer_order
[0m14:13:58.652980 [debug] [Thread-1  ]: Writing runtime sql for node "model.jaffle_shop_dbtvault.stg_link_customer_order"
[0m14:13:58.658052 [debug] [Thread-1  ]: Using postgres connection "model.jaffle_shop_dbtvault.stg_link_customer_order"
[0m14:13:58.660290 [debug] [Thread-1  ]: On model.jaffle_shop_dbtvault.stg_link_customer_order: /* {"app": "dbt", "dbt_version": "1.4.0", "profile_name": "jaffle_shop", "target_name": "dev", "node_id": "model.jaffle_shop_dbtvault.stg_link_customer_order"} */

  create view "postgres"."dbt"."stg_link_customer_order__dbt_tmp" as (
    





with staging as (
    -- Generated by AutomateDV (formerly known as dbtvault)

    

WITH source_data AS (

    SELECT

    order_key,
    customer_key,
    customer_pk,
    order_pk

    FROM "postgres"."dbt"."stg_customer_order"
),

derived_columns AS (

    SELECT

    order_key,
    customer_key,
    customer_pk,
    order_pk,
    'CSV_CUSTOMERS'::TEXT AS RECORD_SOURCE

    FROM source_data
),

hashed_columns AS (

    SELECT

    order_key,
    customer_key,
    customer_pk,
    order_pk,
    RECORD_SOURCE,

    DECODE(MD5(NULLIF(CONCAT(
        COALESCE(NULLIF(UPPER(TRIM(CAST(ORDER_KEY AS VARCHAR))), ''), '^^'), '||',
        COALESCE(NULLIF(UPPER(TRIM(CAST(CUSTOMER_KEY AS VARCHAR))), ''), '^^')
    ), '^^||^^')), 'hex') AS LINK_CUSTOMER_ORDER_PK

    FROM derived_columns
),

columns_to_select AS (

    SELECT

    order_key,
    customer_key,
    customer_pk,
    order_pk,
    RECORD_SOURCE,
    LINK_CUSTOMER_ORDER_PK

    FROM hashed_columns
)

SELECT * FROM columns_to_select
)

select *, current_timestamp as LOAD_DATE,
    current_timestamp AS EFFECTIVE_FROM from staging
  );
[0m14:13:58.666649 [debug] [Thread-1  ]: SQL status: CREATE VIEW in 0 seconds
[0m14:13:58.674947 [debug] [Thread-1  ]: Using postgres connection "model.jaffle_shop_dbtvault.stg_link_customer_order"
[0m14:13:58.676548 [debug] [Thread-1  ]: On model.jaffle_shop_dbtvault.stg_link_customer_order: /* {"app": "dbt", "dbt_version": "1.4.0", "profile_name": "jaffle_shop", "target_name": "dev", "node_id": "model.jaffle_shop_dbtvault.stg_link_customer_order"} */
alter table "postgres"."dbt"."stg_link_customer_order__dbt_tmp" rename to "stg_link_customer_order"
[0m14:13:58.679197 [debug] [Thread-1  ]: SQL status: ALTER TABLE in 0 seconds
[0m14:13:58.683893 [debug] [Thread-1  ]: On model.jaffle_shop_dbtvault.stg_link_customer_order: COMMIT
[0m14:13:58.685868 [debug] [Thread-1  ]: Using postgres connection "model.jaffle_shop_dbtvault.stg_link_customer_order"
[0m14:13:58.688369 [debug] [Thread-1  ]: On model.jaffle_shop_dbtvault.stg_link_customer_order: COMMIT
[0m14:13:58.693507 [debug] [Thread-1  ]: SQL status: COMMIT in 0 seconds
[0m14:13:58.701316 [debug] [Thread-1  ]: Using postgres connection "model.jaffle_shop_dbtvault.stg_link_customer_order"
[0m14:13:58.702694 [debug] [Thread-1  ]: On model.jaffle_shop_dbtvault.stg_link_customer_order: /* {"app": "dbt", "dbt_version": "1.4.0", "profile_name": "jaffle_shop", "target_name": "dev", "node_id": "model.jaffle_shop_dbtvault.stg_link_customer_order"} */
drop view if exists "postgres"."dbt"."stg_link_customer_order__dbt_backup" cascade
[0m14:13:58.705468 [debug] [Thread-1  ]: SQL status: DROP VIEW in 0 seconds
[0m14:13:58.709423 [debug] [Thread-1  ]: Timing info for model.jaffle_shop_dbtvault.stg_link_customer_order (execute): 2026-05-19 14:13:58.641818 => 2026-05-19 14:13:58.709353
[0m14:13:58.710340 [debug] [Thread-1  ]: On model.jaffle_shop_dbtvault.stg_link_customer_order: Close
[0m14:13:58.712901 [debug] [Thread-1  ]: Sending event: {'category': 'dbt', 'action': 'run_model', 'label': 'f0e4e73d-e56f-40c8-97eb-a8d0601461c0', 'context': [<snowplow_tracker.self_describing_json.SelfDescribingJson object at 0x7feeec2fcfa0>]}
[0m14:13:58.717031 [info ] [Thread-1  ]: 13 of 14 OK created sql view model dbt.stg_link_customer_order ................. [[32mCREATE VIEW[0m in 0.34s]
[0m14:13:58.718915 [debug] [Thread-1  ]: Finished running node model.jaffle_shop_dbtvault.stg_link_customer_order
[0m14:13:58.722679 [debug] [Thread-1  ]: Began running node model.jaffle_shop_dbtvault.link_customer_order
[0m14:13:58.724368 [info ] [Thread-1  ]: 14 of 14 START sql incremental model dbt.link_customer_order ................... [RUN]
[0m14:13:58.727586 [debug] [Thread-1  ]: Acquiring new postgres connection 'model.jaffle_shop_dbtvault.link_customer_order'
[0m14:13:58.734843 [debug] [Thread-1  ]: Began compiling node model.jaffle_shop_dbtvault.link_customer_order
[0m14:13:58.783981 [info ] [Thread-1  ]: 14:13:58 + Loading postgres.dbt.link_customer_order from 1 source(s)
[0m14:13:58.896102 [debug] [Thread-1  ]: Writing injected SQL for node "model.jaffle_shop_dbtvault.link_customer_order"
[0m14:13:58.906990 [debug] [Thread-1  ]: Timing info for model.jaffle_shop_dbtvault.link_customer_order (compile): 2026-05-19 14:13:58.736461 => 2026-05-19 14:13:58.906736
[0m14:13:58.910043 [debug] [Thread-1  ]: Began executing node model.jaffle_shop_dbtvault.link_customer_order
[0m14:13:58.926170 [debug] [Thread-1  ]: Using postgres connection "model.jaffle_shop_dbtvault.link_customer_order"
[0m14:13:58.927657 [debug] [Thread-1  ]: On model.jaffle_shop_dbtvault.link_customer_order: /* {"app": "dbt", "dbt_version": "1.4.0", "profile_name": "jaffle_shop", "target_name": "dev", "node_id": "model.jaffle_shop_dbtvault.link_customer_order"} */

    
  
    

  create temporary table "link_customer_order__dbt_tmp141358918929"
  as (
    -- Generated by AutomateDV (formerly known as dbtvault)

    

WITH row_rank_1 AS (
  SELECT * FROM (
    SELECT rr.LINK_CUSTOMER_ORDER_PK, rr.CUSTOMER_PK, rr.ORDER_PK, rr.LOAD_DATE, rr.RECORD_SOURCE,
           ROW_NUMBER() OVER(
               PARTITION BY rr.LINK_CUSTOMER_ORDER_PK
               ORDER BY rr.LOAD_DATE
           ) AS row_number
    FROM "postgres"."dbt"."stg_link_customer_order" AS rr
    WHERE rr.LINK_CUSTOMER_ORDER_PK IS NOT NULL
    AND rr.CUSTOMER_PK IS NOT NULL
    AND rr.ORDER_PK IS NOT NULL
  ) as l
  WHERE row_number = 1
),

records_to_insert AS (
    SELECT a.LINK_CUSTOMER_ORDER_PK, a.CUSTOMER_PK, a.ORDER_PK, a.LOAD_DATE, a.RECORD_SOURCE
    FROM row_rank_1 AS a
    LEFT JOIN "postgres"."dbt"."link_customer_order" AS d
    ON a.LINK_CUSTOMER_ORDER_PK = d.LINK_CUSTOMER_ORDER_PK
    WHERE d.LINK_CUSTOMER_ORDER_PK IS NULL
)

SELECT * FROM records_to_insert
  );
  
  
[0m14:13:58.930711 [debug] [Thread-1  ]: Opening a new connection, currently in state closed
[0m14:13:58.954022 [debug] [Thread-1  ]: SQL status: SELECT 0 in 0 seconds
[0m14:13:58.962246 [debug] [Thread-1  ]: Using postgres connection "model.jaffle_shop_dbtvault.link_customer_order"
[0m14:13:58.965063 [debug] [Thread-1  ]: On model.jaffle_shop_dbtvault.link_customer_order: BEGIN
[0m14:13:58.969040 [debug] [Thread-1  ]: SQL status: BEGIN in 0 seconds
[0m14:13:58.972402 [debug] [Thread-1  ]: Using postgres connection "model.jaffle_shop_dbtvault.link_customer_order"
[0m14:13:58.973731 [debug] [Thread-1  ]: On model.jaffle_shop_dbtvault.link_customer_order: /* {"app": "dbt", "dbt_version": "1.4.0", "profile_name": "jaffle_shop", "target_name": "dev", "node_id": "model.jaffle_shop_dbtvault.link_customer_order"} */

      select
          column_name,
          data_type,
          character_maximum_length,
          numeric_precision,
          numeric_scale

      from INFORMATION_SCHEMA.columns
      where table_name = 'link_customer_order__dbt_tmp141358918929'
        
      order by ordinal_position

  
[0m14:13:58.983480 [debug] [Thread-1  ]: SQL status: SELECT 5 in 0 seconds
[0m14:13:58.994497 [debug] [Thread-1  ]: Using postgres connection "model.jaffle_shop_dbtvault.link_customer_order"
[0m14:13:58.995964 [debug] [Thread-1  ]: On model.jaffle_shop_dbtvault.link_customer_order: /* {"app": "dbt", "dbt_version": "1.4.0", "profile_name": "jaffle_shop", "target_name": "dev", "node_id": "model.jaffle_shop_dbtvault.link_customer_order"} */

      select
          column_name,
          data_type,
          character_maximum_length,
          numeric_precision,
          numeric_scale

      from "postgres".INFORMATION_SCHEMA.columns
      where table_name = 'link_customer_order'
        
        and table_schema = 'dbt'
        
      order by ordinal_position

  
[0m14:13:59.002339 [debug] [Thread-1  ]: SQL status: SELECT 5 in 0 seconds
[0m14:13:59.009250 [debug] [Thread-1  ]: Using postgres connection "model.jaffle_shop_dbtvault.link_customer_order"
[0m14:13:59.012177 [debug] [Thread-1  ]: On model.jaffle_shop_dbtvault.link_customer_order: /* {"app": "dbt", "dbt_version": "1.4.0", "profile_name": "jaffle_shop", "target_name": "dev", "node_id": "model.jaffle_shop_dbtvault.link_customer_order"} */

      select
          column_name,
          data_type,
          character_maximum_length,
          numeric_precision,
          numeric_scale

      from "postgres".INFORMATION_SCHEMA.columns
      where table_name = 'link_customer_order'
        
        and table_schema = 'dbt'
        
      order by ordinal_position

  
[0m14:13:59.018173 [debug] [Thread-1  ]: SQL status: SELECT 5 in 0 seconds
[0m14:13:59.025483 [debug] [Thread-1  ]: Writing runtime sql for node "model.jaffle_shop_dbtvault.link_customer_order"
[0m14:13:59.030912 [debug] [Thread-1  ]: Using postgres connection "model.jaffle_shop_dbtvault.link_customer_order"
[0m14:13:59.035030 [debug] [Thread-1  ]: On model.jaffle_shop_dbtvault.link_customer_order: /* {"app": "dbt", "dbt_version": "1.4.0", "profile_name": "jaffle_shop", "target_name": "dev", "node_id": "model.jaffle_shop_dbtvault.link_customer_order"} */

      insert into "postgres"."dbt"."link_customer_order" ("link_customer_order_pk", "customer_pk", "order_pk", "load_date", "record_source")
    (
        select "link_customer_order_pk", "customer_pk", "order_pk", "load_date", "record_source"
        from "link_customer_order__dbt_tmp141358918929"
    )


  
[0m14:13:59.037537 [debug] [Thread-1  ]: SQL status: INSERT 0 0 in 0 seconds
[0m14:13:59.042142 [debug] [Thread-1  ]: On model.jaffle_shop_dbtvault.link_customer_order: COMMIT
[0m14:13:59.043586 [debug] [Thread-1  ]: Using postgres connection "model.jaffle_shop_dbtvault.link_customer_order"
[0m14:13:59.045049 [debug] [Thread-1  ]: On model.jaffle_shop_dbtvault.link_customer_order: COMMIT
[0m14:13:59.048977 [debug] [Thread-1  ]: SQL status: COMMIT in 0 seconds
[0m14:13:59.051615 [debug] [Thread-1  ]: Timing info for model.jaffle_shop_dbtvault.link_customer_order (execute): 2026-05-19 14:13:58.911740 => 2026-05-19 14:13:59.051365
[0m14:13:59.053072 [debug] [Thread-1  ]: On model.jaffle_shop_dbtvault.link_customer_order: Close
[0m14:13:59.056329 [debug] [Thread-1  ]: Sending event: {'category': 'dbt', 'action': 'run_model', 'label': 'f0e4e73d-e56f-40c8-97eb-a8d0601461c0', 'context': [<snowplow_tracker.self_describing_json.SelfDescribingJson object at 0x7feeee5297c0>]}
[0m14:13:59.058749 [info ] [Thread-1  ]: 14 of 14 OK created sql incremental model dbt.link_customer_order .............. [[32mINSERT 0 0[0m in 0.33s]
[0m14:13:59.068716 [debug] [Thread-1  ]: Finished running node model.jaffle_shop_dbtvault.link_customer_order
[0m14:13:59.074820 [debug] [MainThread]: Acquiring new postgres connection 'master'
[0m14:13:59.079683 [debug] [MainThread]: Using postgres connection "master"
[0m14:13:59.084556 [debug] [MainThread]: On master: BEGIN
[0m14:13:59.086759 [debug] [MainThread]: Opening a new connection, currently in state closed
[0m14:13:59.101039 [debug] [MainThread]: SQL status: BEGIN in 0 seconds
[0m14:13:59.102390 [debug] [MainThread]: On master: COMMIT
[0m14:13:59.105206 [debug] [MainThread]: Using postgres connection "master"
[0m14:13:59.109350 [debug] [MainThread]: On master: COMMIT
[0m14:13:59.112590 [debug] [MainThread]: SQL status: COMMIT in 0 seconds
[0m14:13:59.115580 [debug] [MainThread]: On master: Close
[0m14:13:59.121303 [debug] [MainThread]: Connection 'master' was properly closed.
[0m14:13:59.125256 [debug] [MainThread]: Connection 'model.jaffle_shop_dbtvault.link_customer_order' was properly closed.
[0m14:13:59.128491 [info ] [MainThread]: 
[0m14:13:59.130925 [info ] [MainThread]: Finished running 1 table model, 6 view models, 6 incremental models, 1 pit_incremental model in 0 hours 0 minutes and 7.12 seconds (7.12s).
[0m14:13:59.134046 [debug] [MainThread]: Command end result
[0m14:13:59.180428 [info ] [MainThread]: 
[0m14:13:59.193004 [info ] [MainThread]: [31mCompleted with 1 error and 0 warnings:[0m
[0m14:13:59.197814 [info ] [MainThread]: 
[0m14:13:59.208148 [error] [MainThread]: [33mDatabase Error in model our_customer_pit (models/business_vault/our_customer_pit.sql)[0m
[0m14:13:59.214673 [error] [MainThread]:   syntax error at or near "select"
[0m14:13:59.218351 [error] [MainThread]:   LINE 5:     select hc.customer_pk,
[0m14:13:59.223259 [error] [MainThread]:               ^
[0m14:13:59.229195 [error] [MainThread]:   compiled Code at target/run/jaffle_shop_dbtvault/models/business_vault/our_customer_pit.sql
[0m14:13:59.237425 [info ] [MainThread]: 
[0m14:13:59.240844 [info ] [MainThread]: Done. PASS=13 WARN=0 ERROR=1 SKIP=0 TOTAL=14
[0m14:13:59.245612 [debug] [MainThread]: Sending event: {'category': 'dbt', 'action': 'invocation', 'label': 'end', 'context': [<snowplow_tracker.self_describing_json.SelfDescribingJson object at 0x7feeee58ceb0>, <snowplow_tracker.self_describing_json.SelfDescribingJson object at 0x7feeee58c9a0>, <snowplow_tracker.self_describing_json.SelfDescribingJson object at 0x7feeee58c280>]}
[0m14:13:59.251956 [debug] [MainThread]: Flushing usage events


============================== 2026-05-19 14:15:52.565002 | e4e019ff-bb38-474b-b5c3-c7bcf2e436f6 ==============================
[0m14:15:52.565002 [info ] [MainThread]: Running with dbt=1.4.0
[0m14:15:52.574024 [debug] [MainThread]: running dbt with arguments {'write_json': True, 'use_colors': True, 'printer_width': 80, 'version_check': True, 'partial_parse': True, 'static_parser': True, 'profiles_dir': '/workspace', 'send_anonymous_usage_stats': True, 'quiet': False, 'no_print': False, 'cache_selected_only': False, 'which': 'run', 'rpc_method': 'run', 'indirect_selection': 'eager'}
[0m14:15:52.576492 [debug] [MainThread]: Tracking: tracking
[0m14:15:52.596469 [debug] [MainThread]: Sending event: {'category': 'dbt', 'action': 'invocation', 'label': 'start', 'context': [<snowplow_tracker.self_describing_json.SelfDescribingJson object at 0x7fbac8bca250>, <snowplow_tracker.self_describing_json.SelfDescribingJson object at 0x7fbac642e430>, <snowplow_tracker.self_describing_json.SelfDescribingJson object at 0x7fbac642e190>]}
[0m14:15:53.167517 [debug] [MainThread]: Partial parsing enabled: 0 files deleted, 0 files added, 1 files changed.
[0m14:15:53.171673 [debug] [MainThread]: Partial parsing: updated file: jaffle_shop_dbtvault://models/business_vault/our_customer_pit.sql
[0m14:15:53.231737 [debug] [MainThread]: 1699: static parser successfully parsed business_vault/our_customer_pit.sql
[0m14:15:53.311708 [debug] [MainThread]: Sending event: {'category': 'dbt', 'action': 'load_project', 'label': 'e4e019ff-bb38-474b-b5c3-c7bcf2e436f6', 'context': [<snowplow_tracker.self_describing_json.SelfDescribingJson object at 0x7fbac63170d0>]}
[0m14:15:53.349996 [debug] [MainThread]: Sending event: {'category': 'dbt', 'action': 'resource_counts', 'label': 'e4e019ff-bb38-474b-b5c3-c7bcf2e436f6', 'context': [<snowplow_tracker.self_describing_json.SelfDescribingJson object at 0x7fbac63c2be0>]}
[0m14:15:53.357641 [info ] [MainThread]: Found 14 models, 0 tests, 0 snapshots, 0 analyses, 658 macros, 0 operations, 3 seed files, 7 sources, 0 exposures, 0 metrics
[0m14:15:53.358735 [debug] [MainThread]: Sending event: {'category': 'dbt', 'action': 'runnable_timing', 'label': 'e4e019ff-bb38-474b-b5c3-c7bcf2e436f6', 'context': [<snowplow_tracker.self_describing_json.SelfDescribingJson object at 0x7fbac60b3160>]}
[0m14:15:53.363107 [info ] [MainThread]: 
[0m14:15:53.369230 [debug] [MainThread]: Acquiring new postgres connection 'master'
[0m14:15:53.378597 [debug] [ThreadPool]: Acquiring new postgres connection 'list_postgres'
[0m14:15:53.409197 [debug] [ThreadPool]: Using postgres connection "list_postgres"
[0m14:15:53.412694 [debug] [ThreadPool]: On list_postgres: /* {"app": "dbt", "dbt_version": "1.4.0", "profile_name": "jaffle_shop", "target_name": "dev", "connection_name": "list_postgres"} */

    select distinct nspname from pg_namespace
  
[0m14:15:53.417187 [debug] [ThreadPool]: Opening a new connection, currently in state init
[0m14:15:53.468823 [debug] [ThreadPool]: SQL status: SELECT 43 in 0 seconds
[0m14:15:53.493235 [debug] [ThreadPool]: On list_postgres: Close
[0m14:15:53.548741 [debug] [ThreadPool]: Acquiring new postgres connection 'list_postgres_dbt'
[0m14:15:53.655196 [debug] [ThreadPool]: Using postgres connection "list_postgres_dbt"
[0m14:15:53.663913 [debug] [ThreadPool]: On list_postgres_dbt: BEGIN
[0m14:15:53.671102 [debug] [ThreadPool]: Opening a new connection, currently in state closed
[0m14:15:53.685385 [debug] [ThreadPool]: SQL status: BEGIN in 0 seconds
[0m14:15:53.689332 [debug] [ThreadPool]: Using postgres connection "list_postgres_dbt"
[0m14:15:53.694691 [debug] [ThreadPool]: On list_postgres_dbt: /* {"app": "dbt", "dbt_version": "1.4.0", "profile_name": "jaffle_shop", "target_name": "dev", "connection_name": "list_postgres_dbt"} */
select
      'postgres' as database,
      tablename as name,
      schemaname as schema,
      'table' as type
    from pg_tables
    where schemaname ilike 'dbt'
    union all
    select
      'postgres' as database,
      viewname as name,
      schemaname as schema,
      'view' as type
    from pg_views
    where schemaname ilike 'dbt'
  
[0m14:15:53.700651 [debug] [ThreadPool]: SQL status: SELECT 16 in 0 seconds
[0m14:15:53.705601 [debug] [ThreadPool]: On list_postgres_dbt: ROLLBACK
[0m14:15:53.707863 [debug] [ThreadPool]: On list_postgres_dbt: Close
[0m14:15:53.729941 [debug] [MainThread]: Using postgres connection "master"
[0m14:15:53.731623 [debug] [MainThread]: On master: BEGIN
[0m14:15:53.733844 [debug] [MainThread]: Opening a new connection, currently in state init
[0m14:15:53.746315 [debug] [MainThread]: SQL status: BEGIN in 0 seconds
[0m14:15:53.748882 [debug] [MainThread]: Using postgres connection "master"
[0m14:15:53.750196 [debug] [MainThread]: On master: /* {"app": "dbt", "dbt_version": "1.4.0", "profile_name": "jaffle_shop", "target_name": "dev", "connection_name": "master"} */
with relation as (
        select
            pg_rewrite.ev_class as class,
            pg_rewrite.oid as id
        from pg_rewrite
    ),
    class as (
        select
            oid as id,
            relname as name,
            relnamespace as schema,
            relkind as kind
        from pg_class
    ),
    dependency as (
        select distinct
            pg_depend.objid as id,
            pg_depend.refobjid as ref
        from pg_depend
    ),
    schema as (
        select
            pg_namespace.oid as id,
            pg_namespace.nspname as name
        from pg_namespace
        where nspname != 'information_schema' and nspname not like 'pg\_%'
    ),
    referenced as (
        select
            relation.id AS id,
            referenced_class.name ,
            referenced_class.schema ,
            referenced_class.kind
        from relation
        join class as referenced_class on relation.class=referenced_class.id
        where referenced_class.kind in ('r', 'v')
    ),
    relationships as (
        select
            referenced.name as referenced_name,
            referenced.schema as referenced_schema_id,
            dependent_class.name as dependent_name,
            dependent_class.schema as dependent_schema_id,
            referenced.kind as kind
        from referenced
        join dependency on referenced.id=dependency.id
        join class as dependent_class on dependency.ref=dependent_class.id
        where
            (referenced.name != dependent_class.name or
             referenced.schema != dependent_class.schema)
    )

    select
        referenced_schema.name as referenced_schema,
        relationships.referenced_name as referenced_name,
        dependent_schema.name as dependent_schema,
        relationships.dependent_name as dependent_name
    from relationships
    join schema as dependent_schema on relationships.dependent_schema_id=dependent_schema.id
    join schema as referenced_schema on relationships.referenced_schema_id=referenced_schema.id
    group by referenced_schema, referenced_name, dependent_schema, dependent_name
    order by referenced_schema, referenced_name, dependent_schema, dependent_name;
[0m14:15:53.761308 [debug] [MainThread]: SQL status: SELECT 6 in 0 seconds
[0m14:15:53.765359 [debug] [MainThread]: Sending event: {'category': 'dbt', 'action': 'runnable_timing', 'label': 'e4e019ff-bb38-474b-b5c3-c7bcf2e436f6', 'context': [<snowplow_tracker.self_describing_json.SelfDescribingJson object at 0x7fbac6426130>]}
[0m14:15:53.766856 [debug] [MainThread]: On master: ROLLBACK
[0m14:15:53.770110 [debug] [MainThread]: Using postgres connection "master"
[0m14:15:53.773091 [debug] [MainThread]: On master: BEGIN
[0m14:15:53.774919 [debug] [MainThread]: SQL status: BEGIN in 0 seconds
[0m14:15:53.776391 [debug] [MainThread]: On master: COMMIT
[0m14:15:53.777434 [debug] [MainThread]: Using postgres connection "master"
[0m14:15:53.781608 [debug] [MainThread]: On master: COMMIT
[0m14:15:53.783096 [debug] [MainThread]: SQL status: COMMIT in 0 seconds
[0m14:15:53.789419 [debug] [MainThread]: On master: Close
[0m14:15:53.792978 [info ] [MainThread]: Concurrency: 1 threads (target='dev')
[0m14:15:53.795821 [info ] [MainThread]: 
[0m14:15:53.809232 [debug] [Thread-1  ]: Began running node model.jaffle_shop_dbtvault.as_of_date
[0m14:15:53.815655 [info ] [Thread-1  ]: 1 of 14 START sql table model dbt.as_of_date ................................... [RUN]
[0m14:15:53.823550 [debug] [Thread-1  ]: Acquiring new postgres connection 'model.jaffle_shop_dbtvault.as_of_date'
[0m14:15:53.828673 [debug] [Thread-1  ]: Began compiling node model.jaffle_shop_dbtvault.as_of_date
[0m14:15:53.905953 [debug] [Thread-1  ]: Using postgres connection "model.jaffle_shop_dbtvault.as_of_date"
[0m14:15:53.907960 [debug] [Thread-1  ]: On model.jaffle_shop_dbtvault.as_of_date: BEGIN
[0m14:15:53.908942 [debug] [Thread-1  ]: Opening a new connection, currently in state closed
[0m14:15:53.948565 [debug] [Thread-1  ]: SQL status: BEGIN in 0 seconds
[0m14:15:53.950016 [debug] [Thread-1  ]: Using postgres connection "model.jaffle_shop_dbtvault.as_of_date"
[0m14:15:53.951986 [debug] [Thread-1  ]: On model.jaffle_shop_dbtvault.as_of_date: /* {"app": "dbt", "dbt_version": "1.4.0", "profile_name": "jaffle_shop", "target_name": "dev", "node_id": "model.jaffle_shop_dbtvault.as_of_date"} */


        select 
        ((TO_DATE('2021/04/01', 'yyyy/mm/dd'))::date - (TO_DATE('2021/01/01', 'yyyy/mm/dd'))::date)
    
[0m14:15:53.954938 [debug] [Thread-1  ]: SQL status: SELECT 1 in 0 seconds
[0m14:15:53.981168 [debug] [Thread-1  ]: Writing injected SQL for node "model.jaffle_shop_dbtvault.as_of_date"
[0m14:15:53.988099 [debug] [Thread-1  ]: Timing info for model.jaffle_shop_dbtvault.as_of_date (compile): 2026-05-19 14:15:53.834095 => 2026-05-19 14:15:53.987882
[0m14:15:53.990401 [debug] [Thread-1  ]: Began executing node model.jaffle_shop_dbtvault.as_of_date
[0m14:15:54.060968 [debug] [Thread-1  ]: Writing runtime sql for node "model.jaffle_shop_dbtvault.as_of_date"
[0m14:15:54.069139 [debug] [Thread-1  ]: Using postgres connection "model.jaffle_shop_dbtvault.as_of_date"
[0m14:15:54.072031 [debug] [Thread-1  ]: On model.jaffle_shop_dbtvault.as_of_date: /* {"app": "dbt", "dbt_version": "1.4.0", "profile_name": "jaffle_shop", "target_name": "dev", "node_id": "model.jaffle_shop_dbtvault.as_of_date"} */

  
    

  create  table "postgres"."dbt"."as_of_date__dbt_tmp"
  as (
    WITH as_of_date AS (
    





with rawdata as (

    

    

    with p as (
        select 0 as generated_number union all select 1
    ), unioned as (

    select

    
    p0.generated_number * power(2, 0)
     + 
    
    p1.generated_number * power(2, 1)
     + 
    
    p2.generated_number * power(2, 2)
     + 
    
    p3.generated_number * power(2, 3)
     + 
    
    p4.generated_number * power(2, 4)
     + 
    
    p5.generated_number * power(2, 5)
     + 
    
    p6.generated_number * power(2, 6)
    
    
    + 1
    as generated_number

    from

    
    p as p0
     cross join 
    
    p as p1
     cross join 
    
    p as p2
     cross join 
    
    p as p3
     cross join 
    
    p as p4
     cross join 
    
    p as p5
     cross join 
    
    p as p6
    
    

    )

    select *
    from unioned
    where generated_number <= 90
    order by generated_number



),

all_periods as (

    select (
        

    TO_DATE('2021/01/01', 'yyyy/mm/dd') + ((interval '1 day') * (row_number() over (order by generated_number) - 1))


    ) as date_day
    from rawdata

),

filtered as (

    select *
    from all_periods
    where date_day <= TO_DATE('2021/04/01', 'yyyy/mm/dd')

)

select * from filtered


)

SELECT DATE_day as AS_OF_DATE FROM as_of_date
  );
  
[0m14:15:54.088651 [debug] [Thread-1  ]: SQL status: SELECT 90 in 0 seconds
[0m14:15:54.109696 [debug] [Thread-1  ]: Using postgres connection "model.jaffle_shop_dbtvault.as_of_date"
[0m14:15:54.112004 [debug] [Thread-1  ]: On model.jaffle_shop_dbtvault.as_of_date: /* {"app": "dbt", "dbt_version": "1.4.0", "profile_name": "jaffle_shop", "target_name": "dev", "node_id": "model.jaffle_shop_dbtvault.as_of_date"} */
alter table "postgres"."dbt"."as_of_date" rename to "as_of_date__dbt_backup"
[0m14:15:54.115762 [debug] [Thread-1  ]: SQL status: ALTER TABLE in 0 seconds
[0m14:15:54.136274 [debug] [Thread-1  ]: Using postgres connection "model.jaffle_shop_dbtvault.as_of_date"
[0m14:15:54.138496 [debug] [Thread-1  ]: On model.jaffle_shop_dbtvault.as_of_date: /* {"app": "dbt", "dbt_version": "1.4.0", "profile_name": "jaffle_shop", "target_name": "dev", "node_id": "model.jaffle_shop_dbtvault.as_of_date"} */
alter table "postgres"."dbt"."as_of_date__dbt_tmp" rename to "as_of_date"
[0m14:15:54.141011 [debug] [Thread-1  ]: SQL status: ALTER TABLE in 0 seconds
[0m14:15:54.205884 [debug] [Thread-1  ]: On model.jaffle_shop_dbtvault.as_of_date: COMMIT
[0m14:15:54.207672 [debug] [Thread-1  ]: Using postgres connection "model.jaffle_shop_dbtvault.as_of_date"
[0m14:15:54.209627 [debug] [Thread-1  ]: On model.jaffle_shop_dbtvault.as_of_date: COMMIT
[0m14:15:54.217935 [debug] [Thread-1  ]: SQL status: COMMIT in 0 seconds
[0m14:15:54.236789 [debug] [Thread-1  ]: Using postgres connection "model.jaffle_shop_dbtvault.as_of_date"
[0m14:15:54.239442 [debug] [Thread-1  ]: On model.jaffle_shop_dbtvault.as_of_date: /* {"app": "dbt", "dbt_version": "1.4.0", "profile_name": "jaffle_shop", "target_name": "dev", "node_id": "model.jaffle_shop_dbtvault.as_of_date"} */
drop table if exists "postgres"."dbt"."as_of_date__dbt_backup" cascade
[0m14:15:54.249172 [debug] [Thread-1  ]: SQL status: DROP TABLE in 0 seconds
[0m14:15:54.259262 [debug] [Thread-1  ]: Timing info for model.jaffle_shop_dbtvault.as_of_date (execute): 2026-05-19 14:15:53.991520 => 2026-05-19 14:15:54.259140
[0m14:15:54.261312 [debug] [Thread-1  ]: On model.jaffle_shop_dbtvault.as_of_date: Close
[0m14:15:54.263936 [debug] [Thread-1  ]: Sending event: {'category': 'dbt', 'action': 'run_model', 'label': 'e4e019ff-bb38-474b-b5c3-c7bcf2e436f6', 'context': [<snowplow_tracker.self_describing_json.SelfDescribingJson object at 0x7fbac6353a00>]}
[0m14:15:54.266325 [info ] [Thread-1  ]: 1 of 14 OK created sql table model dbt.as_of_date .............................. [[32mSELECT 90[0m in 0.44s]
[0m14:15:54.277777 [debug] [Thread-1  ]: Finished running node model.jaffle_shop_dbtvault.as_of_date
[0m14:15:54.281863 [debug] [Thread-1  ]: Began running node model.jaffle_shop_dbtvault.stg_customers
[0m14:15:54.285772 [info ] [Thread-1  ]: 2 of 14 START sql view model dbt.stg_customers ................................. [RUN]
[0m14:15:54.288391 [debug] [Thread-1  ]: Acquiring new postgres connection 'model.jaffle_shop_dbtvault.stg_customers'
[0m14:15:54.290539 [debug] [Thread-1  ]: Began compiling node model.jaffle_shop_dbtvault.stg_customers
[0m14:15:54.462494 [debug] [Thread-1  ]: Using postgres connection "model.jaffle_shop_dbtvault.stg_customers"
[0m14:15:54.469095 [debug] [Thread-1  ]: On model.jaffle_shop_dbtvault.stg_customers: BEGIN
[0m14:15:54.470623 [debug] [Thread-1  ]: Opening a new connection, currently in state closed
[0m14:15:54.534385 [debug] [Thread-1  ]: SQL status: BEGIN in 0 seconds
[0m14:15:54.537944 [debug] [Thread-1  ]: Using postgres connection "model.jaffle_shop_dbtvault.stg_customers"
[0m14:15:54.542464 [debug] [Thread-1  ]: On model.jaffle_shop_dbtvault.stg_customers: /* {"app": "dbt", "dbt_version": "1.4.0", "profile_name": "jaffle_shop", "target_name": "dev", "node_id": "model.jaffle_shop_dbtvault.stg_customers"} */

      select
          column_name,
          data_type,
          character_maximum_length,
          numeric_precision,
          numeric_scale

      from "postgres".INFORMATION_SCHEMA.columns
      where table_name = 'source_customers'
        
        and table_schema = 'dbt'
        
      order by ordinal_position

  
[0m14:15:54.599911 [debug] [Thread-1  ]: SQL status: SELECT 4 in 0 seconds
[0m14:15:54.889925 [debug] [Thread-1  ]: Using postgres connection "model.jaffle_shop_dbtvault.stg_customers"
[0m14:15:54.891894 [debug] [Thread-1  ]: On model.jaffle_shop_dbtvault.stg_customers: /* {"app": "dbt", "dbt_version": "1.4.0", "profile_name": "jaffle_shop", "target_name": "dev", "node_id": "model.jaffle_shop_dbtvault.stg_customers"} */

      select
          column_name,
          data_type,
          character_maximum_length,
          numeric_precision,
          numeric_scale

      from "postgres".INFORMATION_SCHEMA.columns
      where table_name = 'source_customers'
        
        and table_schema = 'dbt'
        
      order by ordinal_position

  
[0m14:15:54.913364 [debug] [Thread-1  ]: SQL status: SELECT 4 in 0 seconds
[0m14:15:55.130003 [debug] [Thread-1  ]: Writing injected SQL for node "model.jaffle_shop_dbtvault.stg_customers"
[0m14:15:55.141193 [debug] [Thread-1  ]: Timing info for model.jaffle_shop_dbtvault.stg_customers (compile): 2026-05-19 14:15:54.297548 => 2026-05-19 14:15:55.141023
[0m14:15:55.144135 [debug] [Thread-1  ]: Began executing node model.jaffle_shop_dbtvault.stg_customers
[0m14:15:55.194188 [debug] [Thread-1  ]: Writing runtime sql for node "model.jaffle_shop_dbtvault.stg_customers"
[0m14:15:55.202086 [debug] [Thread-1  ]: Using postgres connection "model.jaffle_shop_dbtvault.stg_customers"
[0m14:15:55.204447 [debug] [Thread-1  ]: On model.jaffle_shop_dbtvault.stg_customers: /* {"app": "dbt", "dbt_version": "1.4.0", "profile_name": "jaffle_shop", "target_name": "dev", "node_id": "model.jaffle_shop_dbtvault.stg_customers"} */

  create view "postgres"."dbt"."stg_customers__dbt_tmp" as (
    





with staging as (
    -- Generated by AutomateDV (formerly known as dbtvault)

    

WITH source_data AS (

    SELECT

    id,
    first_name,
    last_name,
    email

    FROM "postgres"."dbt"."source_customers"
),

derived_columns AS (

    SELECT

    id,
    first_name,
    last_name,
    email,
    email AS CUSTOMER_KEY,
    'CSV_CUSTOMERS'::TEXT AS RECORD_SOURCE

    FROM source_data
),

hashed_columns AS (

    SELECT

    id,
    first_name,
    last_name,
    email,
    CUSTOMER_KEY,
    RECORD_SOURCE,

    DECODE(MD5(NULLIF(UPPER(TRIM(CAST(email AS VARCHAR))), '')), 'hex') AS CUSTOMER_PK,

    DECODE(MD5(CONCAT(
        COALESCE(NULLIF(UPPER(TRIM(CAST(first_name AS VARCHAR))), ''), '^^'), '||',
        COALESCE(NULLIF(UPPER(TRIM(CAST(id AS VARCHAR))), ''), '^^'), '||',
        COALESCE(NULLIF(UPPER(TRIM(CAST(last_name AS VARCHAR))), ''), '^^')
    )), 'hex') AS CUSTOMER_HASHDIFF

    FROM derived_columns
),

columns_to_select AS (

    SELECT

    id,
    first_name,
    last_name,
    email,
    CUSTOMER_KEY,
    RECORD_SOURCE,
    CUSTOMER_PK,
    CUSTOMER_HASHDIFF

    FROM hashed_columns
)

SELECT * FROM columns_to_select
)

select *, current_timestamp as LOAD_DATE,
    current_timestamp AS EFFECTIVE_FROM from staging
  );
[0m14:15:55.219157 [debug] [Thread-1  ]: SQL status: CREATE VIEW in 0 seconds
[0m14:15:55.229487 [debug] [Thread-1  ]: Using postgres connection "model.jaffle_shop_dbtvault.stg_customers"
[0m14:15:55.230923 [debug] [Thread-1  ]: On model.jaffle_shop_dbtvault.stg_customers: /* {"app": "dbt", "dbt_version": "1.4.0", "profile_name": "jaffle_shop", "target_name": "dev", "node_id": "model.jaffle_shop_dbtvault.stg_customers"} */
alter table "postgres"."dbt"."stg_customers" rename to "stg_customers__dbt_backup"
[0m14:15:55.236888 [debug] [Thread-1  ]: SQL status: ALTER TABLE in 0 seconds
[0m14:15:55.248317 [debug] [Thread-1  ]: Using postgres connection "model.jaffle_shop_dbtvault.stg_customers"
[0m14:15:55.251265 [debug] [Thread-1  ]: On model.jaffle_shop_dbtvault.stg_customers: /* {"app": "dbt", "dbt_version": "1.4.0", "profile_name": "jaffle_shop", "target_name": "dev", "node_id": "model.jaffle_shop_dbtvault.stg_customers"} */
alter table "postgres"."dbt"."stg_customers__dbt_tmp" rename to "stg_customers"
[0m14:15:55.257589 [debug] [Thread-1  ]: SQL status: ALTER TABLE in 0 seconds
[0m14:15:55.263612 [debug] [Thread-1  ]: On model.jaffle_shop_dbtvault.stg_customers: COMMIT
[0m14:15:55.266503 [debug] [Thread-1  ]: Using postgres connection "model.jaffle_shop_dbtvault.stg_customers"
[0m14:15:55.275491 [debug] [Thread-1  ]: On model.jaffle_shop_dbtvault.stg_customers: COMMIT
[0m14:15:55.281997 [debug] [Thread-1  ]: SQL status: COMMIT in 0 seconds
[0m14:15:55.292539 [debug] [Thread-1  ]: Using postgres connection "model.jaffle_shop_dbtvault.stg_customers"
[0m14:15:55.294381 [debug] [Thread-1  ]: On model.jaffle_shop_dbtvault.stg_customers: /* {"app": "dbt", "dbt_version": "1.4.0", "profile_name": "jaffle_shop", "target_name": "dev", "node_id": "model.jaffle_shop_dbtvault.stg_customers"} */
drop view if exists "postgres"."dbt"."stg_customers__dbt_backup" cascade
[0m14:15:55.305612 [debug] [Thread-1  ]: SQL status: DROP VIEW in 0 seconds
[0m14:15:55.314615 [debug] [Thread-1  ]: Timing info for model.jaffle_shop_dbtvault.stg_customers (execute): 2026-05-19 14:15:55.146225 => 2026-05-19 14:15:55.314292
[0m14:15:55.317038 [debug] [Thread-1  ]: On model.jaffle_shop_dbtvault.stg_customers: Close
[0m14:15:55.326740 [debug] [Thread-1  ]: Sending event: {'category': 'dbt', 'action': 'run_model', 'label': 'e4e019ff-bb38-474b-b5c3-c7bcf2e436f6', 'context': [<snowplow_tracker.self_describing_json.SelfDescribingJson object at 0x7fbac59aa9a0>]}
[0m14:15:55.330100 [info ] [Thread-1  ]: 2 of 14 OK created sql view model dbt.stg_customers ............................ [[32mCREATE VIEW[0m in 1.04s]
[0m14:15:55.340382 [debug] [Thread-1  ]: Finished running node model.jaffle_shop_dbtvault.stg_customers
[0m14:15:55.343635 [debug] [Thread-1  ]: Began running node model.jaffle_shop_dbtvault.stg_customers_crm
[0m14:15:55.348633 [info ] [Thread-1  ]: 3 of 14 START sql view model dbt.stg_customers_crm ............................. [RUN]
[0m14:15:55.358262 [debug] [Thread-1  ]: Acquiring new postgres connection 'model.jaffle_shop_dbtvault.stg_customers_crm'
[0m14:15:55.362592 [debug] [Thread-1  ]: Began compiling node model.jaffle_shop_dbtvault.stg_customers_crm
[0m14:15:55.417181 [debug] [Thread-1  ]: Using postgres connection "model.jaffle_shop_dbtvault.stg_customers_crm"
[0m14:15:55.422703 [debug] [Thread-1  ]: On model.jaffle_shop_dbtvault.stg_customers_crm: BEGIN
[0m14:15:55.426827 [debug] [Thread-1  ]: Opening a new connection, currently in state closed
[0m14:15:55.457210 [debug] [Thread-1  ]: SQL status: BEGIN in 0 seconds
[0m14:15:55.460789 [debug] [Thread-1  ]: Using postgres connection "model.jaffle_shop_dbtvault.stg_customers_crm"
[0m14:15:55.465224 [debug] [Thread-1  ]: On model.jaffle_shop_dbtvault.stg_customers_crm: /* {"app": "dbt", "dbt_version": "1.4.0", "profile_name": "jaffle_shop", "target_name": "dev", "node_id": "model.jaffle_shop_dbtvault.stg_customers_crm"} */

      select
          column_name,
          data_type,
          character_maximum_length,
          numeric_precision,
          numeric_scale

      from "postgres".INFORMATION_SCHEMA.columns
      where table_name = 'source_customers_crm'
        
        and table_schema = 'dbt'
        
      order by ordinal_position

  
[0m14:15:55.513945 [debug] [Thread-1  ]: SQL status: SELECT 3 in 0 seconds
[0m14:15:55.562124 [debug] [Thread-1  ]: Using postgres connection "model.jaffle_shop_dbtvault.stg_customers_crm"
[0m14:15:55.565338 [debug] [Thread-1  ]: On model.jaffle_shop_dbtvault.stg_customers_crm: /* {"app": "dbt", "dbt_version": "1.4.0", "profile_name": "jaffle_shop", "target_name": "dev", "node_id": "model.jaffle_shop_dbtvault.stg_customers_crm"} */

      select
          column_name,
          data_type,
          character_maximum_length,
          numeric_precision,
          numeric_scale

      from "postgres".INFORMATION_SCHEMA.columns
      where table_name = 'source_customers_crm'
        
        and table_schema = 'dbt'
        
      order by ordinal_position

  
[0m14:15:55.594850 [debug] [Thread-1  ]: SQL status: SELECT 3 in 0 seconds
[0m14:15:55.628575 [debug] [Thread-1  ]: Writing injected SQL for node "model.jaffle_shop_dbtvault.stg_customers_crm"
[0m14:15:55.635754 [debug] [Thread-1  ]: Timing info for model.jaffle_shop_dbtvault.stg_customers_crm (compile): 2026-05-19 14:15:55.369065 => 2026-05-19 14:15:55.635572
[0m14:15:55.638437 [debug] [Thread-1  ]: Began executing node model.jaffle_shop_dbtvault.stg_customers_crm
[0m14:15:55.657144 [debug] [Thread-1  ]: Writing runtime sql for node "model.jaffle_shop_dbtvault.stg_customers_crm"
[0m14:15:55.661884 [debug] [Thread-1  ]: Using postgres connection "model.jaffle_shop_dbtvault.stg_customers_crm"
[0m14:15:55.663642 [debug] [Thread-1  ]: On model.jaffle_shop_dbtvault.stg_customers_crm: /* {"app": "dbt", "dbt_version": "1.4.0", "profile_name": "jaffle_shop", "target_name": "dev", "node_id": "model.jaffle_shop_dbtvault.stg_customers_crm"} */

  create view "postgres"."dbt"."stg_customers_crm__dbt_tmp" as (
    





with staging as (
    -- Generated by AutomateDV (formerly known as dbtvault)

    

WITH source_data AS (

    SELECT

    email,
    country,
    age

    FROM "postgres"."dbt"."source_customers_crm"
),

derived_columns AS (

    SELECT

    email,
    country,
    age,
    email AS CUSTOMER_KEY,
    'CSV_CUSTOMERS'::TEXT AS RECORD_SOURCE

    FROM source_data
),

hashed_columns AS (

    SELECT

    email,
    country,
    age,
    CUSTOMER_KEY,
    RECORD_SOURCE,

    DECODE(MD5(NULLIF(UPPER(TRIM(CAST(email AS VARCHAR))), '')), 'hex') AS CUSTOMER_PK,

    DECODE(MD5(CONCAT(
        COALESCE(NULLIF(UPPER(TRIM(CAST(age AS VARCHAR))), ''), '^^'), '||',
        COALESCE(NULLIF(UPPER(TRIM(CAST(country AS VARCHAR))), ''), '^^')
    )), 'hex') AS CUSTOMER_HASHDIFF

    FROM derived_columns
),

columns_to_select AS (

    SELECT

    email,
    country,
    age,
    CUSTOMER_KEY,
    RECORD_SOURCE,
    CUSTOMER_PK,
    CUSTOMER_HASHDIFF

    FROM hashed_columns
)

SELECT * FROM columns_to_select
)

select *, current_timestamp as LOAD_DATE,
    current_timestamp AS EFFECTIVE_FROM from staging
  );
[0m14:15:55.672556 [debug] [Thread-1  ]: SQL status: CREATE VIEW in 0 seconds
[0m14:15:55.685537 [debug] [Thread-1  ]: Using postgres connection "model.jaffle_shop_dbtvault.stg_customers_crm"
[0m14:15:55.687192 [debug] [Thread-1  ]: On model.jaffle_shop_dbtvault.stg_customers_crm: /* {"app": "dbt", "dbt_version": "1.4.0", "profile_name": "jaffle_shop", "target_name": "dev", "node_id": "model.jaffle_shop_dbtvault.stg_customers_crm"} */
alter table "postgres"."dbt"."stg_customers_crm" rename to "stg_customers_crm__dbt_backup"
[0m14:15:55.691437 [debug] [Thread-1  ]: SQL status: ALTER TABLE in 0 seconds
[0m14:15:55.700111 [debug] [Thread-1  ]: Using postgres connection "model.jaffle_shop_dbtvault.stg_customers_crm"
[0m14:15:55.702674 [debug] [Thread-1  ]: On model.jaffle_shop_dbtvault.stg_customers_crm: /* {"app": "dbt", "dbt_version": "1.4.0", "profile_name": "jaffle_shop", "target_name": "dev", "node_id": "model.jaffle_shop_dbtvault.stg_customers_crm"} */
alter table "postgres"."dbt"."stg_customers_crm__dbt_tmp" rename to "stg_customers_crm"
[0m14:15:55.704798 [debug] [Thread-1  ]: SQL status: ALTER TABLE in 0 seconds
[0m14:15:55.709791 [debug] [Thread-1  ]: On model.jaffle_shop_dbtvault.stg_customers_crm: COMMIT
[0m14:15:55.711145 [debug] [Thread-1  ]: Using postgres connection "model.jaffle_shop_dbtvault.stg_customers_crm"
[0m14:15:55.716410 [debug] [Thread-1  ]: On model.jaffle_shop_dbtvault.stg_customers_crm: COMMIT
[0m14:15:55.721101 [debug] [Thread-1  ]: SQL status: COMMIT in 0 seconds
[0m14:15:55.727587 [debug] [Thread-1  ]: Using postgres connection "model.jaffle_shop_dbtvault.stg_customers_crm"
[0m14:15:55.729101 [debug] [Thread-1  ]: On model.jaffle_shop_dbtvault.stg_customers_crm: /* {"app": "dbt", "dbt_version": "1.4.0", "profile_name": "jaffle_shop", "target_name": "dev", "node_id": "model.jaffle_shop_dbtvault.stg_customers_crm"} */
drop view if exists "postgres"."dbt"."stg_customers_crm__dbt_backup" cascade
[0m14:15:55.737726 [debug] [Thread-1  ]: SQL status: DROP VIEW in 0 seconds
[0m14:15:55.741200 [debug] [Thread-1  ]: Timing info for model.jaffle_shop_dbtvault.stg_customers_crm (execute): 2026-05-19 14:15:55.642105 => 2026-05-19 14:15:55.741047
[0m14:15:55.742631 [debug] [Thread-1  ]: On model.jaffle_shop_dbtvault.stg_customers_crm: Close
[0m14:15:55.745566 [debug] [Thread-1  ]: Sending event: {'category': 'dbt', 'action': 'run_model', 'label': 'e4e019ff-bb38-474b-b5c3-c7bcf2e436f6', 'context': [<snowplow_tracker.self_describing_json.SelfDescribingJson object at 0x7fbac6353a00>]}
[0m14:15:55.748481 [info ] [Thread-1  ]: 3 of 14 OK created sql view model dbt.stg_customers_crm ........................ [[32mCREATE VIEW[0m in 0.39s]
[0m14:15:55.749982 [debug] [Thread-1  ]: Finished running node model.jaffle_shop_dbtvault.stg_customers_crm
[0m14:15:55.751633 [debug] [Thread-1  ]: Began running node model.jaffle_shop_dbtvault.stg_orders
[0m14:15:55.755760 [info ] [Thread-1  ]: 4 of 14 START sql view model dbt.stg_orders .................................... [RUN]
[0m14:15:55.758256 [debug] [Thread-1  ]: Acquiring new postgres connection 'model.jaffle_shop_dbtvault.stg_orders'
[0m14:15:55.760247 [debug] [Thread-1  ]: Began compiling node model.jaffle_shop_dbtvault.stg_orders
[0m14:15:55.794059 [debug] [Thread-1  ]: Using postgres connection "model.jaffle_shop_dbtvault.stg_orders"
[0m14:15:55.796602 [debug] [Thread-1  ]: On model.jaffle_shop_dbtvault.stg_orders: BEGIN
[0m14:15:55.799843 [debug] [Thread-1  ]: Opening a new connection, currently in state closed
[0m14:15:55.835161 [debug] [Thread-1  ]: SQL status: BEGIN in 0 seconds
[0m14:15:55.838824 [debug] [Thread-1  ]: Using postgres connection "model.jaffle_shop_dbtvault.stg_orders"
[0m14:15:55.843876 [debug] [Thread-1  ]: On model.jaffle_shop_dbtvault.stg_orders: /* {"app": "dbt", "dbt_version": "1.4.0", "profile_name": "jaffle_shop", "target_name": "dev", "node_id": "model.jaffle_shop_dbtvault.stg_orders"} */

      select
          column_name,
          data_type,
          character_maximum_length,
          numeric_precision,
          numeric_scale

      from "postgres".INFORMATION_SCHEMA.columns
      where table_name = 'source_orders'
        
        and table_schema = 'dbt'
        
      order by ordinal_position

  
[0m14:15:55.886306 [debug] [Thread-1  ]: SQL status: SELECT 4 in 0 seconds
[0m14:15:55.989394 [debug] [Thread-1  ]: Using postgres connection "model.jaffle_shop_dbtvault.stg_orders"
[0m14:15:55.991125 [debug] [Thread-1  ]: On model.jaffle_shop_dbtvault.stg_orders: /* {"app": "dbt", "dbt_version": "1.4.0", "profile_name": "jaffle_shop", "target_name": "dev", "node_id": "model.jaffle_shop_dbtvault.stg_orders"} */

      select
          column_name,
          data_type,
          character_maximum_length,
          numeric_precision,
          numeric_scale

      from "postgres".INFORMATION_SCHEMA.columns
      where table_name = 'source_orders'
        
        and table_schema = 'dbt'
        
      order by ordinal_position

  
[0m14:15:56.002143 [debug] [Thread-1  ]: SQL status: SELECT 4 in 0 seconds
[0m14:15:56.026708 [debug] [Thread-1  ]: Writing injected SQL for node "model.jaffle_shop_dbtvault.stg_orders"
[0m14:15:56.034550 [debug] [Thread-1  ]: Timing info for model.jaffle_shop_dbtvault.stg_orders (compile): 2026-05-19 14:15:55.764651 => 2026-05-19 14:15:56.034289
[0m14:15:56.037325 [debug] [Thread-1  ]: Began executing node model.jaffle_shop_dbtvault.stg_orders
[0m14:15:56.052206 [debug] [Thread-1  ]: Writing runtime sql for node "model.jaffle_shop_dbtvault.stg_orders"
[0m14:15:56.059195 [debug] [Thread-1  ]: Using postgres connection "model.jaffle_shop_dbtvault.stg_orders"
[0m14:15:56.060845 [debug] [Thread-1  ]: On model.jaffle_shop_dbtvault.stg_orders: /* {"app": "dbt", "dbt_version": "1.4.0", "profile_name": "jaffle_shop", "target_name": "dev", "node_id": "model.jaffle_shop_dbtvault.stg_orders"} */

  create view "postgres"."dbt"."stg_orders__dbt_tmp" as (
    








WITH staging AS (
-- Generated by AutomateDV (formerly known as dbtvault)

    

WITH source_data AS (

    SELECT

    id,
    user_id,
    order_date,
    status

    FROM "postgres"."dbt"."source_orders"
),

derived_columns AS (

    SELECT

    id,
    user_id,
    order_date,
    status,
    id AS ORDER_KEY,
    'CSV_ORDERS'::TEXT AS RECORD_SOURCE

    FROM source_data
),

hashed_columns AS (

    SELECT

    id,
    user_id,
    order_date,
    status,
    ORDER_KEY,
    RECORD_SOURCE,

    DECODE(MD5(NULLIF(UPPER(TRIM(CAST(id AS VARCHAR))), '')), 'hex') AS ORDER_PK,

    DECODE(MD5(CONCAT(
        COALESCE(NULLIF(UPPER(TRIM(CAST(order_date AS VARCHAR))), ''), '^^'), '||',
        COALESCE(NULLIF(UPPER(TRIM(CAST(status AS VARCHAR))), ''), '^^')
    )), 'hex') AS ORDER_HASHDIFF

    FROM derived_columns
),

columns_to_select AS (

    SELECT

    id,
    user_id,
    order_date,
    status,
    ORDER_KEY,
    RECORD_SOURCE,
    ORDER_PK,
    ORDER_HASHDIFF

    FROM hashed_columns
)

SELECT * FROM columns_to_select
)

SELECT *,
    current_timestamp AS LOAD_DATE,
    current_timestamp AS EFFECTIVE_FROM
FROM staging
  );
[0m14:15:56.068295 [debug] [Thread-1  ]: SQL status: CREATE VIEW in 0 seconds
[0m14:15:56.080438 [debug] [Thread-1  ]: Using postgres connection "model.jaffle_shop_dbtvault.stg_orders"
[0m14:15:56.082014 [debug] [Thread-1  ]: On model.jaffle_shop_dbtvault.stg_orders: /* {"app": "dbt", "dbt_version": "1.4.0", "profile_name": "jaffle_shop", "target_name": "dev", "node_id": "model.jaffle_shop_dbtvault.stg_orders"} */
alter table "postgres"."dbt"."stg_orders" rename to "stg_orders__dbt_backup"
[0m14:15:56.087004 [debug] [Thread-1  ]: SQL status: ALTER TABLE in 0 seconds
[0m14:15:56.097859 [debug] [Thread-1  ]: Using postgres connection "model.jaffle_shop_dbtvault.stg_orders"
[0m14:15:56.100485 [debug] [Thread-1  ]: On model.jaffle_shop_dbtvault.stg_orders: /* {"app": "dbt", "dbt_version": "1.4.0", "profile_name": "jaffle_shop", "target_name": "dev", "node_id": "model.jaffle_shop_dbtvault.stg_orders"} */
alter table "postgres"."dbt"."stg_orders__dbt_tmp" rename to "stg_orders"
[0m14:15:56.103397 [debug] [Thread-1  ]: SQL status: ALTER TABLE in 0 seconds
[0m14:15:56.111692 [debug] [Thread-1  ]: On model.jaffle_shop_dbtvault.stg_orders: COMMIT
[0m14:15:56.117011 [debug] [Thread-1  ]: Using postgres connection "model.jaffle_shop_dbtvault.stg_orders"
[0m14:15:56.119234 [debug] [Thread-1  ]: On model.jaffle_shop_dbtvault.stg_orders: COMMIT
[0m14:15:56.127586 [debug] [Thread-1  ]: SQL status: COMMIT in 0 seconds
[0m14:15:56.137829 [debug] [Thread-1  ]: Using postgres connection "model.jaffle_shop_dbtvault.stg_orders"
[0m14:15:56.140181 [debug] [Thread-1  ]: On model.jaffle_shop_dbtvault.stg_orders: /* {"app": "dbt", "dbt_version": "1.4.0", "profile_name": "jaffle_shop", "target_name": "dev", "node_id": "model.jaffle_shop_dbtvault.stg_orders"} */
drop view if exists "postgres"."dbt"."stg_orders__dbt_backup" cascade
[0m14:15:56.151936 [debug] [Thread-1  ]: SQL status: DROP VIEW in 0 seconds
[0m14:15:56.159879 [debug] [Thread-1  ]: Timing info for model.jaffle_shop_dbtvault.stg_orders (execute): 2026-05-19 14:15:56.039735 => 2026-05-19 14:15:56.159772
[0m14:15:56.161621 [debug] [Thread-1  ]: On model.jaffle_shop_dbtvault.stg_orders: Close
[0m14:15:56.164888 [debug] [Thread-1  ]: Sending event: {'category': 'dbt', 'action': 'run_model', 'label': 'e4e019ff-bb38-474b-b5c3-c7bcf2e436f6', 'context': [<snowplow_tracker.self_describing_json.SelfDescribingJson object at 0x7fbac63534f0>]}
[0m14:15:56.170460 [info ] [Thread-1  ]: 4 of 14 OK created sql view model dbt.stg_orders ............................... [[32mCREATE VIEW[0m in 0.41s]
[0m14:15:56.173794 [debug] [Thread-1  ]: Finished running node model.jaffle_shop_dbtvault.stg_orders
[0m14:15:56.179173 [debug] [Thread-1  ]: Began running node model.jaffle_shop_dbtvault.sat_customer
[0m14:15:56.182949 [info ] [Thread-1  ]: 5 of 14 START sql incremental model dbt.sat_customer ........................... [RUN]
[0m14:15:56.192134 [debug] [Thread-1  ]: Acquiring new postgres connection 'model.jaffle_shop_dbtvault.sat_customer'
[0m14:15:56.195691 [debug] [Thread-1  ]: Began compiling node model.jaffle_shop_dbtvault.sat_customer
[0m14:15:56.514948 [debug] [Thread-1  ]: Writing injected SQL for node "model.jaffle_shop_dbtvault.sat_customer"
[0m14:15:56.521370 [debug] [Thread-1  ]: Timing info for model.jaffle_shop_dbtvault.sat_customer (compile): 2026-05-19 14:15:56.202370 => 2026-05-19 14:15:56.521237
[0m14:15:56.524048 [debug] [Thread-1  ]: Began executing node model.jaffle_shop_dbtvault.sat_customer
[0m14:15:56.595890 [debug] [Thread-1  ]: Using postgres connection "model.jaffle_shop_dbtvault.sat_customer"
[0m14:15:56.597784 [debug] [Thread-1  ]: On model.jaffle_shop_dbtvault.sat_customer: /* {"app": "dbt", "dbt_version": "1.4.0", "profile_name": "jaffle_shop", "target_name": "dev", "node_id": "model.jaffle_shop_dbtvault.sat_customer"} */

    
  
    

  create temporary table "sat_customer__dbt_tmp141556582523"
  as (
    -- Generated by AutomateDV (formerly known as dbtvault)

    

WITH source_data AS (
    SELECT a.CUSTOMER_PK, a.CUSTOMER_HASHDIFF, a.first_name, a.last_name, a.id, a.EFFECTIVE_FROM, a.LOAD_DATE, a.RECORD_SOURCE
    FROM "postgres"."dbt"."stg_customers" AS a
    WHERE a.CUSTOMER_PK IS NOT NULL
),

latest_records AS (
    SELECT b.CUSTOMER_PK, b.CUSTOMER_HASHDIFF, b.first_name, b.last_name, b.id, b.EFFECTIVE_FROM, b.LOAD_DATE, b.RECORD_SOURCE
    FROM (
        SELECT current_records.CUSTOMER_PK, current_records.CUSTOMER_HASHDIFF, current_records.first_name, current_records.last_name, current_records.id, current_records.EFFECTIVE_FROM, current_records.LOAD_DATE, current_records.RECORD_SOURCE,
            RANK() OVER (
               PARTITION BY current_records.CUSTOMER_PK
               ORDER BY current_records.LOAD_DATE DESC
            ) AS rank
        FROM "postgres"."dbt"."sat_customer" AS current_records
            JOIN (
                SELECT DISTINCT source_data.CUSTOMER_PK
                FROM source_data
            ) AS source_records
                ON source_records.CUSTOMER_PK = current_records.CUSTOMER_PK
    ) AS b
    WHERE b.rank = 1
),

first_record_in_set AS (
    SELECT * FROM (
        SELECT
        sd.CUSTOMER_PK, sd.CUSTOMER_HASHDIFF, sd.first_name, sd.last_name, sd.id, sd.EFFECTIVE_FROM, sd.LOAD_DATE, sd.RECORD_SOURCE,
        RANK() OVER (
                PARTITION BY sd.CUSTOMER_PK
                ORDER BY sd.LOAD_DATE ASC
            ) as asc_rank
        FROM source_data as sd
    ) AS rin
    WHERE rin.asc_rank = 1
),

unique_source_records AS (
    SELECT
        b.CUSTOMER_PK, b.CUSTOMER_HASHDIFF, b.first_name, b.last_name, b.id, b.EFFECTIVE_FROM, b.LOAD_DATE, b.RECORD_SOURCE
    FROM (
        SELECT DISTINCT
            sd.CUSTOMER_PK, sd.CUSTOMER_HASHDIFF, sd.first_name, sd.last_name, sd.id, sd.EFFECTIVE_FROM, sd.LOAD_DATE, sd.RECORD_SOURCE,
            LAG(sd.CUSTOMER_HASHDIFF) OVER (
                PARTITION BY sd.CUSTOMER_PK
                ORDER BY sd.LOAD_DATE ASC) as prev_hashdiff
        FROM source_data as sd
        ) AS b
    WHERE b.CUSTOMER_HASHDIFF != b.prev_hashdiff
),

records_to_insert AS (
        SELECT frin.CUSTOMER_PK, frin.CUSTOMER_HASHDIFF, frin.first_name, frin.last_name, frin.id, frin.EFFECTIVE_FROM, frin.LOAD_DATE, frin.RECORD_SOURCE
        FROM first_record_in_set AS frin
        LEFT JOIN LATEST_RECORDS lr
            ON lr.CUSTOMER_PK = frin.CUSTOMER_PK
            AND lr.CUSTOMER_HASHDIFF = frin.CUSTOMER_HASHDIFF
            WHERE lr.CUSTOMER_HASHDIFF IS NULL
        UNION
        SELECT usr.CUSTOMER_PK, usr.CUSTOMER_HASHDIFF, usr.first_name, usr.last_name, usr.id, usr.EFFECTIVE_FROM, usr.LOAD_DATE, usr.RECORD_SOURCE
        FROM unique_source_records as usr
)

SELECT * FROM records_to_insert
  );
  
  
[0m14:15:56.601748 [debug] [Thread-1  ]: Opening a new connection, currently in state closed
[0m14:15:56.629888 [debug] [Thread-1  ]: SQL status: SELECT 0 in 0 seconds
[0m14:15:56.638704 [debug] [Thread-1  ]: Using postgres connection "model.jaffle_shop_dbtvault.sat_customer"
[0m14:15:56.639950 [debug] [Thread-1  ]: On model.jaffle_shop_dbtvault.sat_customer: BEGIN
[0m14:15:56.642398 [debug] [Thread-1  ]: SQL status: BEGIN in 0 seconds
[0m14:15:56.644177 [debug] [Thread-1  ]: Using postgres connection "model.jaffle_shop_dbtvault.sat_customer"
[0m14:15:56.646479 [debug] [Thread-1  ]: On model.jaffle_shop_dbtvault.sat_customer: /* {"app": "dbt", "dbt_version": "1.4.0", "profile_name": "jaffle_shop", "target_name": "dev", "node_id": "model.jaffle_shop_dbtvault.sat_customer"} */

      select
          column_name,
          data_type,
          character_maximum_length,
          numeric_precision,
          numeric_scale

      from INFORMATION_SCHEMA.columns
      where table_name = 'sat_customer__dbt_tmp141556582523'
        
      order by ordinal_position

  
[0m14:15:56.660906 [debug] [Thread-1  ]: SQL status: SELECT 8 in 0 seconds
[0m14:15:56.669914 [debug] [Thread-1  ]: Using postgres connection "model.jaffle_shop_dbtvault.sat_customer"
[0m14:15:56.671817 [debug] [Thread-1  ]: On model.jaffle_shop_dbtvault.sat_customer: /* {"app": "dbt", "dbt_version": "1.4.0", "profile_name": "jaffle_shop", "target_name": "dev", "node_id": "model.jaffle_shop_dbtvault.sat_customer"} */

      select
          column_name,
          data_type,
          character_maximum_length,
          numeric_precision,
          numeric_scale

      from "postgres".INFORMATION_SCHEMA.columns
      where table_name = 'sat_customer'
        
        and table_schema = 'dbt'
        
      order by ordinal_position

  
[0m14:15:56.679923 [debug] [Thread-1  ]: SQL status: SELECT 8 in 0 seconds
[0m14:15:56.698421 [debug] [Thread-1  ]: Using postgres connection "model.jaffle_shop_dbtvault.sat_customer"
[0m14:15:56.699753 [debug] [Thread-1  ]: On model.jaffle_shop_dbtvault.sat_customer: /* {"app": "dbt", "dbt_version": "1.4.0", "profile_name": "jaffle_shop", "target_name": "dev", "node_id": "model.jaffle_shop_dbtvault.sat_customer"} */

      select
          column_name,
          data_type,
          character_maximum_length,
          numeric_precision,
          numeric_scale

      from "postgres".INFORMATION_SCHEMA.columns
      where table_name = 'sat_customer'
        
        and table_schema = 'dbt'
        
      order by ordinal_position

  
[0m14:15:56.707116 [debug] [Thread-1  ]: SQL status: SELECT 8 in 0 seconds
[0m14:15:56.732346 [debug] [Thread-1  ]: Writing runtime sql for node "model.jaffle_shop_dbtvault.sat_customer"
[0m14:15:56.737989 [debug] [Thread-1  ]: Using postgres connection "model.jaffle_shop_dbtvault.sat_customer"
[0m14:15:56.740444 [debug] [Thread-1  ]: On model.jaffle_shop_dbtvault.sat_customer: /* {"app": "dbt", "dbt_version": "1.4.0", "profile_name": "jaffle_shop", "target_name": "dev", "node_id": "model.jaffle_shop_dbtvault.sat_customer"} */

      insert into "postgres"."dbt"."sat_customer" ("customer_pk", "customer_hashdiff", "first_name", "last_name", "id", "effective_from", "load_date", "record_source")
    (
        select "customer_pk", "customer_hashdiff", "first_name", "last_name", "id", "effective_from", "load_date", "record_source"
        from "sat_customer__dbt_tmp141556582523"
    )


  
[0m14:15:56.755314 [debug] [Thread-1  ]: SQL status: INSERT 0 0 in 0 seconds
[0m14:15:56.760965 [debug] [Thread-1  ]: On model.jaffle_shop_dbtvault.sat_customer: COMMIT
[0m14:15:56.762560 [debug] [Thread-1  ]: Using postgres connection "model.jaffle_shop_dbtvault.sat_customer"
[0m14:15:56.764124 [debug] [Thread-1  ]: On model.jaffle_shop_dbtvault.sat_customer: COMMIT
[0m14:15:56.776330 [debug] [Thread-1  ]: SQL status: COMMIT in 0 seconds
[0m14:15:56.780077 [debug] [Thread-1  ]: Timing info for model.jaffle_shop_dbtvault.sat_customer (execute): 2026-05-19 14:15:56.526514 => 2026-05-19 14:15:56.779982
[0m14:15:56.785081 [debug] [Thread-1  ]: On model.jaffle_shop_dbtvault.sat_customer: Close
[0m14:15:56.793865 [debug] [Thread-1  ]: Sending event: {'category': 'dbt', 'action': 'run_model', 'label': 'e4e019ff-bb38-474b-b5c3-c7bcf2e436f6', 'context': [<snowplow_tracker.self_describing_json.SelfDescribingJson object at 0x7fbac6353700>]}
[0m14:15:56.806696 [info ] [Thread-1  ]: 5 of 14 OK created sql incremental model dbt.sat_customer ...................... [[32mINSERT 0 0[0m in 0.60s]
[0m14:15:56.813088 [debug] [Thread-1  ]: Finished running node model.jaffle_shop_dbtvault.sat_customer
[0m14:15:56.818057 [debug] [Thread-1  ]: Began running node model.jaffle_shop_dbtvault.hub_customer
[0m14:15:56.825021 [info ] [Thread-1  ]: 6 of 14 START sql incremental model dbt.hub_customer ........................... [RUN]
[0m14:15:56.828042 [debug] [Thread-1  ]: Acquiring new postgres connection 'model.jaffle_shop_dbtvault.hub_customer'
[0m14:15:56.843954 [debug] [Thread-1  ]: Began compiling node model.jaffle_shop_dbtvault.hub_customer
[0m14:15:56.910629 [info ] [Thread-1  ]: 14:15:56 + Loading postgres.dbt.hub_customer from 2 source(s)
[0m14:15:56.987086 [debug] [Thread-1  ]: Writing injected SQL for node "model.jaffle_shop_dbtvault.hub_customer"
[0m14:15:57.004030 [debug] [Thread-1  ]: Timing info for model.jaffle_shop_dbtvault.hub_customer (compile): 2026-05-19 14:15:56.848171 => 2026-05-19 14:15:57.003719
[0m14:15:57.006328 [debug] [Thread-1  ]: Began executing node model.jaffle_shop_dbtvault.hub_customer
[0m14:15:57.036349 [debug] [Thread-1  ]: Using postgres connection "model.jaffle_shop_dbtvault.hub_customer"
[0m14:15:57.039776 [debug] [Thread-1  ]: On model.jaffle_shop_dbtvault.hub_customer: /* {"app": "dbt", "dbt_version": "1.4.0", "profile_name": "jaffle_shop", "target_name": "dev", "node_id": "model.jaffle_shop_dbtvault.hub_customer"} */

    
  
    

  create temporary table "hub_customer__dbt_tmp141557028018"
  as (
    








    -- Generated by AutomateDV (formerly known as dbtvault)

    

WITH row_rank_1 AS (
    SELECT DISTINCT ON (rr.CUSTOMER_PK) rr.CUSTOMER_PK, rr.CUSTOMER_KEY, rr.LOAD_DATE, rr.RECORD_SOURCE
    FROM "postgres"."dbt"."stg_customers" AS rr
    WHERE rr.CUSTOMER_PK IS NOT NULL
    ORDER BY rr.CUSTOMER_PK, rr.LOAD_DATE
),

row_rank_2 AS (
    SELECT DISTINCT ON (rr.CUSTOMER_PK) rr.CUSTOMER_PK, rr.CUSTOMER_KEY, rr.LOAD_DATE, rr.RECORD_SOURCE
    FROM "postgres"."dbt"."stg_customers_crm" AS rr
    WHERE rr.CUSTOMER_PK IS NOT NULL
    ORDER BY rr.CUSTOMER_PK, rr.LOAD_DATE
),

stage_union AS (
    SELECT * FROM row_rank_1
    UNION ALL
    SELECT * FROM row_rank_2
),

row_rank_union AS (SELECT DISTINCT ON (ru.CUSTOMER_PK) ru.*
    FROM stage_union AS ru
    WHERE ru.CUSTOMER_PK IS NOT NULL
    ORDER BY ru.CUSTOMER_PK, ru.LOAD_DATE, ru.RECORD_SOURCE ASC
),

records_to_insert AS (
    SELECT a.CUSTOMER_PK, a.CUSTOMER_KEY, a.LOAD_DATE, a.RECORD_SOURCE
    FROM row_rank_union AS a
    LEFT JOIN "postgres"."dbt"."hub_customer" AS d
    ON a.CUSTOMER_PK = d.CUSTOMER_PK
    WHERE d.CUSTOMER_PK IS NULL
)

SELECT * FROM records_to_insert
  );
  
  
[0m14:15:57.046533 [debug] [Thread-1  ]: Opening a new connection, currently in state closed
[0m14:15:57.095800 [debug] [Thread-1  ]: SQL status: SELECT 0 in 0 seconds
[0m14:15:57.109915 [debug] [Thread-1  ]: Using postgres connection "model.jaffle_shop_dbtvault.hub_customer"
[0m14:15:57.111538 [debug] [Thread-1  ]: On model.jaffle_shop_dbtvault.hub_customer: BEGIN
[0m14:15:57.114396 [debug] [Thread-1  ]: SQL status: BEGIN in 0 seconds
[0m14:15:57.117325 [debug] [Thread-1  ]: Using postgres connection "model.jaffle_shop_dbtvault.hub_customer"
[0m14:15:57.120300 [debug] [Thread-1  ]: On model.jaffle_shop_dbtvault.hub_customer: /* {"app": "dbt", "dbt_version": "1.4.0", "profile_name": "jaffle_shop", "target_name": "dev", "node_id": "model.jaffle_shop_dbtvault.hub_customer"} */

      select
          column_name,
          data_type,
          character_maximum_length,
          numeric_precision,
          numeric_scale

      from INFORMATION_SCHEMA.columns
      where table_name = 'hub_customer__dbt_tmp141557028018'
        
      order by ordinal_position

  
[0m14:15:57.139775 [debug] [Thread-1  ]: SQL status: SELECT 4 in 0 seconds
[0m14:15:57.152341 [debug] [Thread-1  ]: Using postgres connection "model.jaffle_shop_dbtvault.hub_customer"
[0m14:15:57.153815 [debug] [Thread-1  ]: On model.jaffle_shop_dbtvault.hub_customer: /* {"app": "dbt", "dbt_version": "1.4.0", "profile_name": "jaffle_shop", "target_name": "dev", "node_id": "model.jaffle_shop_dbtvault.hub_customer"} */

      select
          column_name,
          data_type,
          character_maximum_length,
          numeric_precision,
          numeric_scale

      from "postgres".INFORMATION_SCHEMA.columns
      where table_name = 'hub_customer'
        
        and table_schema = 'dbt'
        
      order by ordinal_position

  
[0m14:15:57.163958 [debug] [Thread-1  ]: SQL status: SELECT 4 in 0 seconds
[0m14:15:57.176465 [debug] [Thread-1  ]: Using postgres connection "model.jaffle_shop_dbtvault.hub_customer"
[0m14:15:57.178626 [debug] [Thread-1  ]: On model.jaffle_shop_dbtvault.hub_customer: /* {"app": "dbt", "dbt_version": "1.4.0", "profile_name": "jaffle_shop", "target_name": "dev", "node_id": "model.jaffle_shop_dbtvault.hub_customer"} */

      select
          column_name,
          data_type,
          character_maximum_length,
          numeric_precision,
          numeric_scale

      from "postgres".INFORMATION_SCHEMA.columns
      where table_name = 'hub_customer'
        
        and table_schema = 'dbt'
        
      order by ordinal_position

  
[0m14:15:57.185093 [debug] [Thread-1  ]: SQL status: SELECT 4 in 0 seconds
[0m14:15:57.192671 [debug] [Thread-1  ]: Writing runtime sql for node "model.jaffle_shop_dbtvault.hub_customer"
[0m14:15:57.199836 [debug] [Thread-1  ]: Using postgres connection "model.jaffle_shop_dbtvault.hub_customer"
[0m14:15:57.202104 [debug] [Thread-1  ]: On model.jaffle_shop_dbtvault.hub_customer: /* {"app": "dbt", "dbt_version": "1.4.0", "profile_name": "jaffle_shop", "target_name": "dev", "node_id": "model.jaffle_shop_dbtvault.hub_customer"} */

      insert into "postgres"."dbt"."hub_customer" ("customer_pk", "customer_key", "load_date", "record_source")
    (
        select "customer_pk", "customer_key", "load_date", "record_source"
        from "hub_customer__dbt_tmp141557028018"
    )


  
[0m14:15:57.206702 [debug] [Thread-1  ]: SQL status: INSERT 0 0 in 0 seconds
[0m14:15:57.211005 [debug] [Thread-1  ]: On model.jaffle_shop_dbtvault.hub_customer: COMMIT
[0m14:15:57.213676 [debug] [Thread-1  ]: Using postgres connection "model.jaffle_shop_dbtvault.hub_customer"
[0m14:15:57.214466 [debug] [Thread-1  ]: On model.jaffle_shop_dbtvault.hub_customer: COMMIT
[0m14:15:57.218113 [debug] [Thread-1  ]: SQL status: COMMIT in 0 seconds
[0m14:15:57.223034 [debug] [Thread-1  ]: Timing info for model.jaffle_shop_dbtvault.hub_customer (execute): 2026-05-19 14:15:57.011322 => 2026-05-19 14:15:57.222948
[0m14:15:57.224529 [debug] [Thread-1  ]: On model.jaffle_shop_dbtvault.hub_customer: Close
[0m14:15:57.227486 [debug] [Thread-1  ]: Sending event: {'category': 'dbt', 'action': 'run_model', 'label': 'e4e019ff-bb38-474b-b5c3-c7bcf2e436f6', 'context': [<snowplow_tracker.self_describing_json.SelfDescribingJson object at 0x7fbac63531c0>]}
[0m14:15:57.232157 [info ] [Thread-1  ]: 6 of 14 OK created sql incremental model dbt.hub_customer ...................... [[32mINSERT 0 0[0m in 0.40s]
[0m14:15:57.236456 [debug] [Thread-1  ]: Finished running node model.jaffle_shop_dbtvault.hub_customer
[0m14:15:57.239029 [debug] [Thread-1  ]: Began running node model.jaffle_shop_dbtvault.sat_customer_crm
[0m14:15:57.241226 [info ] [Thread-1  ]: 7 of 14 START sql incremental model dbt.sat_customer_crm ....................... [RUN]
[0m14:15:57.245846 [debug] [Thread-1  ]: Acquiring new postgres connection 'model.jaffle_shop_dbtvault.sat_customer_crm'
[0m14:15:57.249574 [debug] [Thread-1  ]: Began compiling node model.jaffle_shop_dbtvault.sat_customer_crm
[0m14:15:57.311914 [debug] [Thread-1  ]: Writing injected SQL for node "model.jaffle_shop_dbtvault.sat_customer_crm"
[0m14:15:57.319874 [debug] [Thread-1  ]: Timing info for model.jaffle_shop_dbtvault.sat_customer_crm (compile): 2026-05-19 14:15:57.252381 => 2026-05-19 14:15:57.319719
[0m14:15:57.328058 [debug] [Thread-1  ]: Began executing node model.jaffle_shop_dbtvault.sat_customer_crm
[0m14:15:57.374068 [debug] [Thread-1  ]: Using postgres connection "model.jaffle_shop_dbtvault.sat_customer_crm"
[0m14:15:57.378659 [debug] [Thread-1  ]: On model.jaffle_shop_dbtvault.sat_customer_crm: /* {"app": "dbt", "dbt_version": "1.4.0", "profile_name": "jaffle_shop", "target_name": "dev", "node_id": "model.jaffle_shop_dbtvault.sat_customer_crm"} */

    
  
    

  create temporary table "sat_customer_crm__dbt_tmp141557362416"
  as (
    -- Generated by AutomateDV (formerly known as dbtvault)

    

WITH source_data AS (
    SELECT a.CUSTOMER_PK, a.CUSTOMER_HASHDIFF, a.age, a.country, a.EFFECTIVE_FROM, a.LOAD_DATE, a.RECORD_SOURCE
    FROM "postgres"."dbt"."stg_customers_crm" AS a
    WHERE a.CUSTOMER_PK IS NOT NULL
),

latest_records AS (
    SELECT b.CUSTOMER_PK, b.CUSTOMER_HASHDIFF, b.age, b.country, b.EFFECTIVE_FROM, b.LOAD_DATE, b.RECORD_SOURCE
    FROM (
        SELECT current_records.CUSTOMER_PK, current_records.CUSTOMER_HASHDIFF, current_records.age, current_records.country, current_records.EFFECTIVE_FROM, current_records.LOAD_DATE, current_records.RECORD_SOURCE,
            RANK() OVER (
               PARTITION BY current_records.CUSTOMER_PK
               ORDER BY current_records.LOAD_DATE DESC
            ) AS rank
        FROM "postgres"."dbt"."sat_customer_crm" AS current_records
            JOIN (
                SELECT DISTINCT source_data.CUSTOMER_PK
                FROM source_data
            ) AS source_records
                ON source_records.CUSTOMER_PK = current_records.CUSTOMER_PK
    ) AS b
    WHERE b.rank = 1
),

first_record_in_set AS (
    SELECT * FROM (
        SELECT
        sd.CUSTOMER_PK, sd.CUSTOMER_HASHDIFF, sd.age, sd.country, sd.EFFECTIVE_FROM, sd.LOAD_DATE, sd.RECORD_SOURCE,
        RANK() OVER (
                PARTITION BY sd.CUSTOMER_PK
                ORDER BY sd.LOAD_DATE ASC
            ) as asc_rank
        FROM source_data as sd
    ) AS rin
    WHERE rin.asc_rank = 1
),

unique_source_records AS (
    SELECT
        b.CUSTOMER_PK, b.CUSTOMER_HASHDIFF, b.age, b.country, b.EFFECTIVE_FROM, b.LOAD_DATE, b.RECORD_SOURCE
    FROM (
        SELECT DISTINCT
            sd.CUSTOMER_PK, sd.CUSTOMER_HASHDIFF, sd.age, sd.country, sd.EFFECTIVE_FROM, sd.LOAD_DATE, sd.RECORD_SOURCE,
            LAG(sd.CUSTOMER_HASHDIFF) OVER (
                PARTITION BY sd.CUSTOMER_PK
                ORDER BY sd.LOAD_DATE ASC) as prev_hashdiff
        FROM source_data as sd
        ) AS b
    WHERE b.CUSTOMER_HASHDIFF != b.prev_hashdiff
),

records_to_insert AS (
        SELECT frin.CUSTOMER_PK, frin.CUSTOMER_HASHDIFF, frin.age, frin.country, frin.EFFECTIVE_FROM, frin.LOAD_DATE, frin.RECORD_SOURCE
        FROM first_record_in_set AS frin
        LEFT JOIN LATEST_RECORDS lr
            ON lr.CUSTOMER_PK = frin.CUSTOMER_PK
            AND lr.CUSTOMER_HASHDIFF = frin.CUSTOMER_HASHDIFF
            WHERE lr.CUSTOMER_HASHDIFF IS NULL
        UNION
        SELECT usr.CUSTOMER_PK, usr.CUSTOMER_HASHDIFF, usr.age, usr.country, usr.EFFECTIVE_FROM, usr.LOAD_DATE, usr.RECORD_SOURCE
        FROM unique_source_records as usr
)

SELECT * FROM records_to_insert
  );
  
  
[0m14:15:57.381568 [debug] [Thread-1  ]: Opening a new connection, currently in state closed
[0m14:15:57.459672 [debug] [Thread-1  ]: SQL status: SELECT 0 in 0 seconds
[0m14:15:57.486923 [debug] [Thread-1  ]: Using postgres connection "model.jaffle_shop_dbtvault.sat_customer_crm"
[0m14:15:57.490590 [debug] [Thread-1  ]: On model.jaffle_shop_dbtvault.sat_customer_crm: BEGIN
[0m14:15:57.500663 [debug] [Thread-1  ]: SQL status: BEGIN in 0 seconds
[0m14:15:57.508743 [debug] [Thread-1  ]: Using postgres connection "model.jaffle_shop_dbtvault.sat_customer_crm"
[0m14:15:57.516444 [debug] [Thread-1  ]: On model.jaffle_shop_dbtvault.sat_customer_crm: /* {"app": "dbt", "dbt_version": "1.4.0", "profile_name": "jaffle_shop", "target_name": "dev", "node_id": "model.jaffle_shop_dbtvault.sat_customer_crm"} */

      select
          column_name,
          data_type,
          character_maximum_length,
          numeric_precision,
          numeric_scale

      from INFORMATION_SCHEMA.columns
      where table_name = 'sat_customer_crm__dbt_tmp141557362416'
        
      order by ordinal_position

  
[0m14:15:57.535001 [debug] [Thread-1  ]: SQL status: SELECT 7 in 0 seconds
[0m14:15:57.543941 [debug] [Thread-1  ]: Using postgres connection "model.jaffle_shop_dbtvault.sat_customer_crm"
[0m14:15:57.545383 [debug] [Thread-1  ]: On model.jaffle_shop_dbtvault.sat_customer_crm: /* {"app": "dbt", "dbt_version": "1.4.0", "profile_name": "jaffle_shop", "target_name": "dev", "node_id": "model.jaffle_shop_dbtvault.sat_customer_crm"} */

      select
          column_name,
          data_type,
          character_maximum_length,
          numeric_precision,
          numeric_scale

      from "postgres".INFORMATION_SCHEMA.columns
      where table_name = 'sat_customer_crm'
        
        and table_schema = 'dbt'
        
      order by ordinal_position

  
[0m14:15:57.556080 [debug] [Thread-1  ]: SQL status: SELECT 7 in 0 seconds
[0m14:15:57.564083 [debug] [Thread-1  ]: Using postgres connection "model.jaffle_shop_dbtvault.sat_customer_crm"
[0m14:15:57.565337 [debug] [Thread-1  ]: On model.jaffle_shop_dbtvault.sat_customer_crm: /* {"app": "dbt", "dbt_version": "1.4.0", "profile_name": "jaffle_shop", "target_name": "dev", "node_id": "model.jaffle_shop_dbtvault.sat_customer_crm"} */

      select
          column_name,
          data_type,
          character_maximum_length,
          numeric_precision,
          numeric_scale

      from "postgres".INFORMATION_SCHEMA.columns
      where table_name = 'sat_customer_crm'
        
        and table_schema = 'dbt'
        
      order by ordinal_position

  
[0m14:15:57.574010 [debug] [Thread-1  ]: SQL status: SELECT 7 in 0 seconds
[0m14:15:57.580647 [debug] [Thread-1  ]: Writing runtime sql for node "model.jaffle_shop_dbtvault.sat_customer_crm"
[0m14:15:57.584534 [debug] [Thread-1  ]: Using postgres connection "model.jaffle_shop_dbtvault.sat_customer_crm"
[0m14:15:57.586709 [debug] [Thread-1  ]: On model.jaffle_shop_dbtvault.sat_customer_crm: /* {"app": "dbt", "dbt_version": "1.4.0", "profile_name": "jaffle_shop", "target_name": "dev", "node_id": "model.jaffle_shop_dbtvault.sat_customer_crm"} */

      insert into "postgres"."dbt"."sat_customer_crm" ("customer_pk", "customer_hashdiff", "age", "country", "effective_from", "load_date", "record_source")
    (
        select "customer_pk", "customer_hashdiff", "age", "country", "effective_from", "load_date", "record_source"
        from "sat_customer_crm__dbt_tmp141557362416"
    )


  
[0m14:15:57.591356 [debug] [Thread-1  ]: SQL status: INSERT 0 0 in 0 seconds
[0m14:15:57.596182 [debug] [Thread-1  ]: On model.jaffle_shop_dbtvault.sat_customer_crm: COMMIT
[0m14:15:57.598252 [debug] [Thread-1  ]: Using postgres connection "model.jaffle_shop_dbtvault.sat_customer_crm"
[0m14:15:57.599969 [debug] [Thread-1  ]: On model.jaffle_shop_dbtvault.sat_customer_crm: COMMIT
[0m14:15:57.603240 [debug] [Thread-1  ]: SQL status: COMMIT in 0 seconds
[0m14:15:57.605694 [debug] [Thread-1  ]: Timing info for model.jaffle_shop_dbtvault.sat_customer_crm (execute): 2026-05-19 14:15:57.332488 => 2026-05-19 14:15:57.605614
[0m14:15:57.607190 [debug] [Thread-1  ]: On model.jaffle_shop_dbtvault.sat_customer_crm: Close
[0m14:15:57.610332 [debug] [Thread-1  ]: Sending event: {'category': 'dbt', 'action': 'run_model', 'label': 'e4e019ff-bb38-474b-b5c3-c7bcf2e436f6', 'context': [<snowplow_tracker.self_describing_json.SelfDescribingJson object at 0x7fbac4031f70>]}
[0m14:15:57.615841 [info ] [Thread-1  ]: 7 of 14 OK created sql incremental model dbt.sat_customer_crm .................. [[32mINSERT 0 0[0m in 0.37s]
[0m14:15:57.619691 [debug] [Thread-1  ]: Finished running node model.jaffle_shop_dbtvault.sat_customer_crm
[0m14:15:57.621577 [debug] [Thread-1  ]: Began running node model.jaffle_shop_dbtvault.hub_order
[0m14:15:57.624034 [info ] [Thread-1  ]: 8 of 14 START sql incremental model dbt.hub_order .............................. [RUN]
[0m14:15:57.627039 [debug] [Thread-1  ]: Acquiring new postgres connection 'model.jaffle_shop_dbtvault.hub_order'
[0m14:15:57.631022 [debug] [Thread-1  ]: Began compiling node model.jaffle_shop_dbtvault.hub_order
[0m14:15:57.649847 [info ] [Thread-1  ]: 14:15:57 + Loading postgres.dbt.hub_order from 1 source(s)
[0m14:15:57.668942 [debug] [Thread-1  ]: Writing injected SQL for node "model.jaffle_shop_dbtvault.hub_order"
[0m14:15:57.673274 [debug] [Thread-1  ]: Timing info for model.jaffle_shop_dbtvault.hub_order (compile): 2026-05-19 14:15:57.634806 => 2026-05-19 14:15:57.673097
[0m14:15:57.675141 [debug] [Thread-1  ]: Began executing node model.jaffle_shop_dbtvault.hub_order
[0m14:15:57.699408 [debug] [Thread-1  ]: Using postgres connection "model.jaffle_shop_dbtvault.hub_order"
[0m14:15:57.702645 [debug] [Thread-1  ]: On model.jaffle_shop_dbtvault.hub_order: /* {"app": "dbt", "dbt_version": "1.4.0", "profile_name": "jaffle_shop", "target_name": "dev", "node_id": "model.jaffle_shop_dbtvault.hub_order"} */

    
  
    

  create temporary table "hub_order__dbt_tmp141557689290"
  as (
    -- Generated by AutomateDV (formerly known as dbtvault)

    

WITH row_rank_1 AS (
    SELECT DISTINCT ON (rr.ORDER_PK) rr.ORDER_PK, rr.ORDER_KEY, rr.LOAD_DATE, rr.RECORD_SOURCE
    FROM "postgres"."dbt"."stg_orders" AS rr
    WHERE rr.ORDER_PK IS NOT NULL
    ORDER BY rr.ORDER_PK, rr.LOAD_DATE
),

records_to_insert AS (
    SELECT a.ORDER_PK, a.ORDER_KEY, a.LOAD_DATE, a.RECORD_SOURCE
    FROM row_rank_1 AS a
    LEFT JOIN "postgres"."dbt"."hub_order" AS d
    ON a.ORDER_PK = d.ORDER_PK
    WHERE d.ORDER_PK IS NULL
)

SELECT * FROM records_to_insert
  );
  
  
[0m14:15:57.706701 [debug] [Thread-1  ]: Opening a new connection, currently in state closed
[0m14:15:57.765281 [debug] [Thread-1  ]: SQL status: SELECT 0 in 0 seconds
[0m14:15:57.784334 [debug] [Thread-1  ]: Using postgres connection "model.jaffle_shop_dbtvault.hub_order"
[0m14:15:57.788223 [debug] [Thread-1  ]: On model.jaffle_shop_dbtvault.hub_order: BEGIN
[0m14:15:57.809675 [debug] [Thread-1  ]: SQL status: BEGIN in 0 seconds
[0m14:15:57.814427 [debug] [Thread-1  ]: Using postgres connection "model.jaffle_shop_dbtvault.hub_order"
[0m14:15:57.819288 [debug] [Thread-1  ]: On model.jaffle_shop_dbtvault.hub_order: /* {"app": "dbt", "dbt_version": "1.4.0", "profile_name": "jaffle_shop", "target_name": "dev", "node_id": "model.jaffle_shop_dbtvault.hub_order"} */

      select
          column_name,
          data_type,
          character_maximum_length,
          numeric_precision,
          numeric_scale

      from INFORMATION_SCHEMA.columns
      where table_name = 'hub_order__dbt_tmp141557689290'
        
      order by ordinal_position

  
[0m14:15:57.854933 [debug] [Thread-1  ]: SQL status: SELECT 4 in 0 seconds
[0m14:15:57.871621 [debug] [Thread-1  ]: Using postgres connection "model.jaffle_shop_dbtvault.hub_order"
[0m14:15:57.872956 [debug] [Thread-1  ]: On model.jaffle_shop_dbtvault.hub_order: /* {"app": "dbt", "dbt_version": "1.4.0", "profile_name": "jaffle_shop", "target_name": "dev", "node_id": "model.jaffle_shop_dbtvault.hub_order"} */

      select
          column_name,
          data_type,
          character_maximum_length,
          numeric_precision,
          numeric_scale

      from "postgres".INFORMATION_SCHEMA.columns
      where table_name = 'hub_order'
        
        and table_schema = 'dbt'
        
      order by ordinal_position

  
[0m14:15:57.890302 [debug] [Thread-1  ]: SQL status: SELECT 4 in 0 seconds
[0m14:15:57.912297 [debug] [Thread-1  ]: Using postgres connection "model.jaffle_shop_dbtvault.hub_order"
[0m14:15:57.913979 [debug] [Thread-1  ]: On model.jaffle_shop_dbtvault.hub_order: /* {"app": "dbt", "dbt_version": "1.4.0", "profile_name": "jaffle_shop", "target_name": "dev", "node_id": "model.jaffle_shop_dbtvault.hub_order"} */

      select
          column_name,
          data_type,
          character_maximum_length,
          numeric_precision,
          numeric_scale

      from "postgres".INFORMATION_SCHEMA.columns
      where table_name = 'hub_order'
        
        and table_schema = 'dbt'
        
      order by ordinal_position

  
[0m14:15:57.931532 [debug] [Thread-1  ]: SQL status: SELECT 4 in 0 seconds
[0m14:15:57.940419 [debug] [Thread-1  ]: Writing runtime sql for node "model.jaffle_shop_dbtvault.hub_order"
[0m14:15:57.949939 [debug] [Thread-1  ]: Using postgres connection "model.jaffle_shop_dbtvault.hub_order"
[0m14:15:57.951495 [debug] [Thread-1  ]: On model.jaffle_shop_dbtvault.hub_order: /* {"app": "dbt", "dbt_version": "1.4.0", "profile_name": "jaffle_shop", "target_name": "dev", "node_id": "model.jaffle_shop_dbtvault.hub_order"} */

      insert into "postgres"."dbt"."hub_order" ("order_pk", "order_key", "load_date", "record_source")
    (
        select "order_pk", "order_key", "load_date", "record_source"
        from "hub_order__dbt_tmp141557689290"
    )


  
[0m14:15:57.954662 [debug] [Thread-1  ]: SQL status: INSERT 0 0 in 0 seconds
[0m14:15:57.959406 [debug] [Thread-1  ]: On model.jaffle_shop_dbtvault.hub_order: COMMIT
[0m14:15:57.960398 [debug] [Thread-1  ]: Using postgres connection "model.jaffle_shop_dbtvault.hub_order"
[0m14:15:57.962624 [debug] [Thread-1  ]: On model.jaffle_shop_dbtvault.hub_order: COMMIT
[0m14:15:57.967302 [debug] [Thread-1  ]: SQL status: COMMIT in 0 seconds
[0m14:15:57.969402 [debug] [Thread-1  ]: Timing info for model.jaffle_shop_dbtvault.hub_order (execute): 2026-05-19 14:15:57.676603 => 2026-05-19 14:15:57.969273
[0m14:15:57.970924 [debug] [Thread-1  ]: On model.jaffle_shop_dbtvault.hub_order: Close
[0m14:15:57.974572 [debug] [Thread-1  ]: Sending event: {'category': 'dbt', 'action': 'run_model', 'label': 'e4e019ff-bb38-474b-b5c3-c7bcf2e436f6', 'context': [<snowplow_tracker.self_describing_json.SelfDescribingJson object at 0x7fbac40a7640>]}
[0m14:15:57.977049 [info ] [Thread-1  ]: 8 of 14 OK created sql incremental model dbt.hub_order ......................... [[32mINSERT 0 0[0m in 0.35s]
[0m14:15:57.980901 [debug] [Thread-1  ]: Finished running node model.jaffle_shop_dbtvault.hub_order
[0m14:15:57.983053 [debug] [Thread-1  ]: Began running node model.jaffle_shop_dbtvault.sat_order
[0m14:15:57.985182 [info ] [Thread-1  ]: 9 of 14 START sql incremental model dbt.sat_order .............................. [RUN]
[0m14:15:57.995703 [debug] [Thread-1  ]: Acquiring new postgres connection 'model.jaffle_shop_dbtvault.sat_order'
[0m14:15:57.997175 [debug] [Thread-1  ]: Began compiling node model.jaffle_shop_dbtvault.sat_order
[0m14:15:58.061938 [debug] [Thread-1  ]: Writing injected SQL for node "model.jaffle_shop_dbtvault.sat_order"
[0m14:15:58.070031 [debug] [Thread-1  ]: Timing info for model.jaffle_shop_dbtvault.sat_order (compile): 2026-05-19 14:15:58.000794 => 2026-05-19 14:15:58.067732
[0m14:15:58.073522 [debug] [Thread-1  ]: Began executing node model.jaffle_shop_dbtvault.sat_order
[0m14:15:58.094574 [debug] [Thread-1  ]: Using postgres connection "model.jaffle_shop_dbtvault.sat_order"
[0m14:15:58.098021 [debug] [Thread-1  ]: On model.jaffle_shop_dbtvault.sat_order: /* {"app": "dbt", "dbt_version": "1.4.0", "profile_name": "jaffle_shop", "target_name": "dev", "node_id": "model.jaffle_shop_dbtvault.sat_order"} */

    
  
    

  create temporary table "sat_order__dbt_tmp141558084904"
  as (
    -- Generated by AutomateDV (formerly known as dbtvault)

    

WITH source_data AS (
    SELECT a.ORDER_PK, a.ORDER_HASHDIFF, a.order_date, a.status, a.EFFECTIVE_FROM, a.LOAD_DATE, a.RECORD_SOURCE
    FROM "postgres"."dbt"."stg_orders" AS a
    WHERE a.ORDER_PK IS NOT NULL
),

latest_records AS (
    SELECT b.ORDER_PK, b.ORDER_HASHDIFF, b.order_date, b.status, b.EFFECTIVE_FROM, b.LOAD_DATE, b.RECORD_SOURCE
    FROM (
        SELECT current_records.ORDER_PK, current_records.ORDER_HASHDIFF, current_records.order_date, current_records.status, current_records.EFFECTIVE_FROM, current_records.LOAD_DATE, current_records.RECORD_SOURCE,
            RANK() OVER (
               PARTITION BY current_records.ORDER_PK
               ORDER BY current_records.LOAD_DATE DESC
            ) AS rank
        FROM "postgres"."dbt"."sat_order" AS current_records
            JOIN (
                SELECT DISTINCT source_data.ORDER_PK
                FROM source_data
            ) AS source_records
                ON source_records.ORDER_PK = current_records.ORDER_PK
    ) AS b
    WHERE b.rank = 1
),

first_record_in_set AS (
    SELECT * FROM (
        SELECT
        sd.ORDER_PK, sd.ORDER_HASHDIFF, sd.order_date, sd.status, sd.EFFECTIVE_FROM, sd.LOAD_DATE, sd.RECORD_SOURCE,
        RANK() OVER (
                PARTITION BY sd.ORDER_PK
                ORDER BY sd.LOAD_DATE ASC
            ) as asc_rank
        FROM source_data as sd
    ) AS rin
    WHERE rin.asc_rank = 1
),

unique_source_records AS (
    SELECT
        b.ORDER_PK, b.ORDER_HASHDIFF, b.order_date, b.status, b.EFFECTIVE_FROM, b.LOAD_DATE, b.RECORD_SOURCE
    FROM (
        SELECT DISTINCT
            sd.ORDER_PK, sd.ORDER_HASHDIFF, sd.order_date, sd.status, sd.EFFECTIVE_FROM, sd.LOAD_DATE, sd.RECORD_SOURCE,
            LAG(sd.ORDER_HASHDIFF) OVER (
                PARTITION BY sd.ORDER_PK
                ORDER BY sd.LOAD_DATE ASC) as prev_hashdiff
        FROM source_data as sd
        ) AS b
    WHERE b.ORDER_HASHDIFF != b.prev_hashdiff
),

records_to_insert AS (
        SELECT frin.ORDER_PK, frin.ORDER_HASHDIFF, frin.order_date, frin.status, frin.EFFECTIVE_FROM, frin.LOAD_DATE, frin.RECORD_SOURCE
        FROM first_record_in_set AS frin
        LEFT JOIN LATEST_RECORDS lr
            ON lr.ORDER_PK = frin.ORDER_PK
            AND lr.ORDER_HASHDIFF = frin.ORDER_HASHDIFF
            WHERE lr.ORDER_HASHDIFF IS NULL
        UNION
        SELECT usr.ORDER_PK, usr.ORDER_HASHDIFF, usr.order_date, usr.status, usr.EFFECTIVE_FROM, usr.LOAD_DATE, usr.RECORD_SOURCE
        FROM unique_source_records as usr
)

SELECT * FROM records_to_insert
  );
  
  
[0m14:15:58.104714 [debug] [Thread-1  ]: Opening a new connection, currently in state closed
[0m14:15:58.152755 [debug] [Thread-1  ]: SQL status: SELECT 0 in 0 seconds
[0m14:15:58.171871 [debug] [Thread-1  ]: Using postgres connection "model.jaffle_shop_dbtvault.sat_order"
[0m14:15:58.175439 [debug] [Thread-1  ]: On model.jaffle_shop_dbtvault.sat_order: BEGIN
[0m14:15:58.177782 [debug] [Thread-1  ]: SQL status: BEGIN in 0 seconds
[0m14:15:58.181654 [debug] [Thread-1  ]: Using postgres connection "model.jaffle_shop_dbtvault.sat_order"
[0m14:15:58.184043 [debug] [Thread-1  ]: On model.jaffle_shop_dbtvault.sat_order: /* {"app": "dbt", "dbt_version": "1.4.0", "profile_name": "jaffle_shop", "target_name": "dev", "node_id": "model.jaffle_shop_dbtvault.sat_order"} */

      select
          column_name,
          data_type,
          character_maximum_length,
          numeric_precision,
          numeric_scale

      from INFORMATION_SCHEMA.columns
      where table_name = 'sat_order__dbt_tmp141558084904'
        
      order by ordinal_position

  
[0m14:15:58.197167 [debug] [Thread-1  ]: SQL status: SELECT 7 in 0 seconds
[0m14:15:58.208869 [debug] [Thread-1  ]: Using postgres connection "model.jaffle_shop_dbtvault.sat_order"
[0m14:15:58.210305 [debug] [Thread-1  ]: On model.jaffle_shop_dbtvault.sat_order: /* {"app": "dbt", "dbt_version": "1.4.0", "profile_name": "jaffle_shop", "target_name": "dev", "node_id": "model.jaffle_shop_dbtvault.sat_order"} */

      select
          column_name,
          data_type,
          character_maximum_length,
          numeric_precision,
          numeric_scale

      from "postgres".INFORMATION_SCHEMA.columns
      where table_name = 'sat_order'
        
        and table_schema = 'dbt'
        
      order by ordinal_position

  
[0m14:15:58.218254 [debug] [Thread-1  ]: SQL status: SELECT 7 in 0 seconds
[0m14:15:58.227185 [debug] [Thread-1  ]: Using postgres connection "model.jaffle_shop_dbtvault.sat_order"
[0m14:15:58.229005 [debug] [Thread-1  ]: On model.jaffle_shop_dbtvault.sat_order: /* {"app": "dbt", "dbt_version": "1.4.0", "profile_name": "jaffle_shop", "target_name": "dev", "node_id": "model.jaffle_shop_dbtvault.sat_order"} */

      select
          column_name,
          data_type,
          character_maximum_length,
          numeric_precision,
          numeric_scale

      from "postgres".INFORMATION_SCHEMA.columns
      where table_name = 'sat_order'
        
        and table_schema = 'dbt'
        
      order by ordinal_position

  
[0m14:15:58.235523 [debug] [Thread-1  ]: SQL status: SELECT 7 in 0 seconds
[0m14:15:58.241735 [debug] [Thread-1  ]: Writing runtime sql for node "model.jaffle_shop_dbtvault.sat_order"
[0m14:15:58.246098 [debug] [Thread-1  ]: Using postgres connection "model.jaffle_shop_dbtvault.sat_order"
[0m14:15:58.250234 [debug] [Thread-1  ]: On model.jaffle_shop_dbtvault.sat_order: /* {"app": "dbt", "dbt_version": "1.4.0", "profile_name": "jaffle_shop", "target_name": "dev", "node_id": "model.jaffle_shop_dbtvault.sat_order"} */

      insert into "postgres"."dbt"."sat_order" ("order_pk", "order_hashdiff", "order_date", "status", "effective_from", "load_date", "record_source")
    (
        select "order_pk", "order_hashdiff", "order_date", "status", "effective_from", "load_date", "record_source"
        from "sat_order__dbt_tmp141558084904"
    )


  
[0m14:15:58.252842 [debug] [Thread-1  ]: SQL status: INSERT 0 0 in 0 seconds
[0m14:15:58.259543 [debug] [Thread-1  ]: On model.jaffle_shop_dbtvault.sat_order: COMMIT
[0m14:15:58.262578 [debug] [Thread-1  ]: Using postgres connection "model.jaffle_shop_dbtvault.sat_order"
[0m14:15:58.264387 [debug] [Thread-1  ]: On model.jaffle_shop_dbtvault.sat_order: COMMIT
[0m14:15:58.268319 [debug] [Thread-1  ]: SQL status: COMMIT in 0 seconds
[0m14:15:58.270348 [debug] [Thread-1  ]: Timing info for model.jaffle_shop_dbtvault.sat_order (execute): 2026-05-19 14:15:58.075197 => 2026-05-19 14:15:58.270276
[0m14:15:58.273124 [debug] [Thread-1  ]: On model.jaffle_shop_dbtvault.sat_order: Close
[0m14:15:58.276880 [debug] [Thread-1  ]: Sending event: {'category': 'dbt', 'action': 'run_model', 'label': 'e4e019ff-bb38-474b-b5c3-c7bcf2e436f6', 'context': [<snowplow_tracker.self_describing_json.SelfDescribingJson object at 0x7fbac4031f70>]}
[0m14:15:58.280464 [info ] [Thread-1  ]: 9 of 14 OK created sql incremental model dbt.sat_order ......................... [[32mINSERT 0 0[0m in 0.28s]
[0m14:15:58.283315 [debug] [Thread-1  ]: Finished running node model.jaffle_shop_dbtvault.sat_order
[0m14:15:58.285299 [debug] [Thread-1  ]: Began running node model.jaffle_shop_dbtvault.stg_customer_order
[0m14:15:58.288547 [info ] [Thread-1  ]: 10 of 14 START sql view model dbt.stg_customer_order ........................... [RUN]
[0m14:15:58.292624 [debug] [Thread-1  ]: Acquiring new postgres connection 'model.jaffle_shop_dbtvault.stg_customer_order'
[0m14:15:58.296225 [debug] [Thread-1  ]: Began compiling node model.jaffle_shop_dbtvault.stg_customer_order
[0m14:15:58.306907 [debug] [Thread-1  ]: Writing injected SQL for node "model.jaffle_shop_dbtvault.stg_customer_order"
[0m14:15:58.313395 [debug] [Thread-1  ]: Timing info for model.jaffle_shop_dbtvault.stg_customer_order (compile): 2026-05-19 14:15:58.300619 => 2026-05-19 14:15:58.313290
[0m14:15:58.315679 [debug] [Thread-1  ]: Began executing node model.jaffle_shop_dbtvault.stg_customer_order
[0m14:15:58.329643 [debug] [Thread-1  ]: Writing runtime sql for node "model.jaffle_shop_dbtvault.stg_customer_order"
[0m14:15:58.333267 [debug] [Thread-1  ]: Using postgres connection "model.jaffle_shop_dbtvault.stg_customer_order"
[0m14:15:58.334325 [debug] [Thread-1  ]: On model.jaffle_shop_dbtvault.stg_customer_order: BEGIN
[0m14:15:58.335270 [debug] [Thread-1  ]: Opening a new connection, currently in state closed
[0m14:15:58.362445 [debug] [Thread-1  ]: SQL status: BEGIN in 0 seconds
[0m14:15:58.364214 [debug] [Thread-1  ]: Using postgres connection "model.jaffle_shop_dbtvault.stg_customer_order"
[0m14:15:58.366647 [debug] [Thread-1  ]: On model.jaffle_shop_dbtvault.stg_customer_order: /* {"app": "dbt", "dbt_version": "1.4.0", "profile_name": "jaffle_shop", "target_name": "dev", "node_id": "model.jaffle_shop_dbtvault.stg_customer_order"} */

  create view "postgres"."dbt"."stg_customer_order__dbt_tmp" as (
    with stg_orders as (
    select ORDER_KEY, ORDER_PK, user_id from "postgres"."dbt"."stg_orders"
),

stg_customers as (
    select id, CUSTOMER_KEY, CUSTOMER_PK from "postgres"."dbt"."stg_customers"
)

select  ORDER_KEY, CUSTOMER_KEY, CUSTOMER_PK, ORDER_PK from stg_orders so
JOIN stg_customers sc ON sc.id = so.user_id
  );
[0m14:15:58.376211 [debug] [Thread-1  ]: SQL status: CREATE VIEW in 0 seconds
[0m14:15:58.386833 [debug] [Thread-1  ]: Using postgres connection "model.jaffle_shop_dbtvault.stg_customer_order"
[0m14:15:58.388682 [debug] [Thread-1  ]: On model.jaffle_shop_dbtvault.stg_customer_order: /* {"app": "dbt", "dbt_version": "1.4.0", "profile_name": "jaffle_shop", "target_name": "dev", "node_id": "model.jaffle_shop_dbtvault.stg_customer_order"} */
alter table "postgres"."dbt"."stg_customer_order__dbt_tmp" rename to "stg_customer_order"
[0m14:15:58.398958 [debug] [Thread-1  ]: SQL status: ALTER TABLE in 0 seconds
[0m14:15:58.405985 [debug] [Thread-1  ]: On model.jaffle_shop_dbtvault.stg_customer_order: COMMIT
[0m14:15:58.407341 [debug] [Thread-1  ]: Using postgres connection "model.jaffle_shop_dbtvault.stg_customer_order"
[0m14:15:58.414906 [debug] [Thread-1  ]: On model.jaffle_shop_dbtvault.stg_customer_order: COMMIT
[0m14:15:58.421685 [debug] [Thread-1  ]: SQL status: COMMIT in 0 seconds
[0m14:15:58.429757 [debug] [Thread-1  ]: Using postgres connection "model.jaffle_shop_dbtvault.stg_customer_order"
[0m14:15:58.431451 [debug] [Thread-1  ]: On model.jaffle_shop_dbtvault.stg_customer_order: /* {"app": "dbt", "dbt_version": "1.4.0", "profile_name": "jaffle_shop", "target_name": "dev", "node_id": "model.jaffle_shop_dbtvault.stg_customer_order"} */
drop view if exists "postgres"."dbt"."stg_customer_order__dbt_backup" cascade
[0m14:15:58.434403 [debug] [Thread-1  ]: SQL status: DROP VIEW in 0 seconds
[0m14:15:58.441074 [debug] [Thread-1  ]: Timing info for model.jaffle_shop_dbtvault.stg_customer_order (execute): 2026-05-19 14:15:58.317835 => 2026-05-19 14:15:58.440984
[0m14:15:58.442593 [debug] [Thread-1  ]: On model.jaffle_shop_dbtvault.stg_customer_order: Close
[0m14:15:58.448042 [debug] [Thread-1  ]: Sending event: {'category': 'dbt', 'action': 'run_model', 'label': 'e4e019ff-bb38-474b-b5c3-c7bcf2e436f6', 'context': [<snowplow_tracker.self_describing_json.SelfDescribingJson object at 0x7fbac40a7640>]}
[0m14:15:58.450868 [info ] [Thread-1  ]: 10 of 14 OK created sql view model dbt.stg_customer_order ...................... [[32mCREATE VIEW[0m in 0.16s]
[0m14:15:58.461340 [debug] [Thread-1  ]: Finished running node model.jaffle_shop_dbtvault.stg_customer_order
[0m14:15:58.467038 [debug] [Thread-1  ]: Began running node model.jaffle_shop_dbtvault.customer_pit
[0m14:15:58.471773 [info ] [Thread-1  ]: 11 of 14 START sql pit_incremental model dbt.customer_pit ...................... [RUN]
[0m14:15:58.480077 [debug] [Thread-1  ]: Acquiring new postgres connection 'model.jaffle_shop_dbtvault.customer_pit'
[0m14:15:58.483069 [debug] [Thread-1  ]: Began compiling node model.jaffle_shop_dbtvault.customer_pit
[0m14:15:58.669437 [debug] [Thread-1  ]: Writing injected SQL for node "model.jaffle_shop_dbtvault.customer_pit"
[0m14:15:58.676208 [debug] [Thread-1  ]: Timing info for model.jaffle_shop_dbtvault.customer_pit (compile): 2026-05-19 14:15:58.487855 => 2026-05-19 14:15:58.676070
[0m14:15:58.684200 [debug] [Thread-1  ]: Began executing node model.jaffle_shop_dbtvault.customer_pit
[0m14:15:58.715848 [debug] [Thread-1  ]: Using postgres connection "model.jaffle_shop_dbtvault.customer_pit"
[0m14:15:58.721054 [debug] [Thread-1  ]: On model.jaffle_shop_dbtvault.customer_pit: /* {"app": "dbt", "dbt_version": "1.4.0", "profile_name": "jaffle_shop", "target_name": "dev", "node_id": "model.jaffle_shop_dbtvault.customer_pit"} */

    
  
    

  create temporary table "customer_pit__dbt_tmp141558714344"
  as (
    








-- Generated by AutomateDV (formerly known as dbtvault)
        -- depends_on: "postgres"."dbt"."stg_customers"
        -- depends_on: "postgres"."dbt"."stg_customers_crm"

WITH as_of_dates AS (
    SELECT * FROM "postgres"."dbt"."as_of_date"
),

last_safe_load_datetime AS (
    SELECT MIN(LOAD_DATETIME) AS LAST_SAFE_LOAD_DATETIME
    FROM (

        SELECT MIN(load_date) AS LOAD_DATETIME FROM "postgres"."dbt"."stg_customers"
             UNION ALL 
        SELECT MIN(load_date) AS LOAD_DATETIME FROM "postgres"."dbt"."stg_customers_crm"
            
        ) AS l
),

as_of_grain_old_entries AS (
    SELECT DISTINCT AS_OF_DATE
    FROM "postgres"."dbt"."customer_pit"
),

as_of_grain_lost_entries AS (
    SELECT a.AS_OF_DATE
    FROM as_of_grain_old_entries AS a
    LEFT OUTER JOIN as_of_dates AS b
        ON a.AS_OF_DATE = b.AS_OF_DATE
    WHERE b.AS_OF_DATE IS NULL
),

as_of_grain_new_entries AS (
    SELECT a.AS_OF_DATE
    FROM as_of_dates AS a
    LEFT OUTER JOIN as_of_grain_old_entries AS b
        ON a.AS_OF_DATE = b.AS_OF_DATE
    WHERE b.AS_OF_DATE IS NULL
),

min_date AS (
    SELECT MIN(AS_OF_DATE) AS MIN_DATE
    FROM as_of_dates
),

backfill_as_of AS (
    SELECT AS_OF_DATE
    FROM as_of_dates AS a

    
    WHERE a.AS_OF_DATE < (SELECT LAST_SAFE_LOAD_DATETIME FROM last_safe_load_datetime)
),

new_rows_pks AS (
    SELECT h.customer_pk
    FROM "postgres"."dbt"."hub_customer" AS h

    
    WHERE h.load_date >= (SELECT LAST_SAFE_LOAD_DATETIME FROM last_safe_load_datetime)
),

new_rows_as_of AS (
    SELECT AS_OF_DATE
    FROM as_of_dates AS a
    
    WHERE a.AS_OF_DATE >= (SELECT LAST_SAFE_LOAD_DATETIME FROM last_safe_load_datetime)
    UNION
    SELECT as_of_date
    FROM as_of_grain_new_entries
),

overlap_pks AS (
    SELECT a.*
    FROM "postgres"."dbt"."customer_pit" AS a
    INNER JOIN "postgres"."dbt"."hub_customer" as b
        ON a.customer_pk = b.customer_pk
    
    WHERE a.AS_OF_DATE >= (SELECT MIN_DATE FROM min_date)
        AND a.AS_OF_DATE < (SELECT LAST_SAFE_LOAD_DATETIME FROM last_safe_load_datetime)
        AND a.AS_OF_DATE NOT IN (SELECT AS_OF_DATE FROM as_of_grain_lost_entries)
),

overlap_as_of AS (
    SELECT p.AS_OF_DATE
    FROM as_of_dates AS p
    
    WHERE p.AS_OF_DATE >= (SELECT MIN_DATE FROM min_date)
        AND p.AS_OF_DATE < (SELECT LAST_SAFE_LOAD_DATETIME FROM last_safe_load_datetime)
        AND p.AS_OF_DATE NOT IN (SELECT AS_OF_DATE FROM as_of_grain_lost_entries)
    
),

backfill_rows_as_of_dates AS (
    SELECT
        a.customer_pk,
        b.AS_OF_DATE
    FROM new_rows_pks AS a
    INNER JOIN backfill_as_of AS b
        ON (1=1)
),

backfill AS (
    SELECT
        a.customer_pk,
        a.AS_OF_DATE,

        COALESCE(DECODE(MAX(ENCODE(sat_customer_src.customer_pk, 'hex')), 'hex'),
                 CAST('0000000000000000' AS BYTEA))
        AS sat_customer_PK,

        COALESCE(MAX(sat_customer_src.load_date),
                 to_char(timestamp '1900-01-01 00:00:00.000', 'YYYY-MM-DD HH24:MI:SS.MS')::timestamp)
        AS sat_customer_LDTS,

        COALESCE(DECODE(MAX(ENCODE(sat_customer_crm_src.customer_pk, 'hex')), 'hex'),
                 CAST('0000000000000000' AS BYTEA))
        AS sat_customer_crm_PK,

        COALESCE(MAX(sat_customer_crm_src.load_date),
                 to_char(timestamp '1900-01-01 00:00:00.000', 'YYYY-MM-DD HH24:MI:SS.MS')::timestamp)
        AS sat_customer_crm_LDTS

    FROM backfill_rows_as_of_dates AS a

        LEFT OUTER JOIN "postgres"."dbt"."sat_customer" AS sat_customer_src
            ON a.customer_pk = sat_customer_src.customer_pk
            AND sat_customer_src.load_date <= a.AS_OF_DATE
    

        LEFT OUTER JOIN "postgres"."dbt"."sat_customer_crm" AS sat_customer_crm_src
            ON a.customer_pk = sat_customer_crm_src.customer_pk
            AND sat_customer_crm_src.load_date <= a.AS_OF_DATE
    

    GROUP BY
        a.customer_pk, a.AS_OF_DATE
),

new_rows_as_of_dates AS (
    SELECT
        a.customer_pk,
        b.AS_OF_DATE
    FROM "postgres"."dbt"."hub_customer" AS a
    INNER JOIN new_rows_as_of AS b
    ON (1=1)
),

new_rows AS (
    SELECT
        a.customer_pk,
        a.AS_OF_DATE,

        COALESCE(DECODE(MAX(ENCODE(sat_customer_src.customer_pk, 'hex')), 'hex'),
                 CAST('0000000000000000' AS BYTEA))
        AS sat_customer_PK,

        COALESCE(MAX(sat_customer_src.load_date),
                 to_char(timestamp '1900-01-01 00:00:00.000', 'YYYY-MM-DD HH24:MI:SS.MS')::timestamp)
        AS sat_customer_LDTS,

        COALESCE(DECODE(MAX(ENCODE(sat_customer_crm_src.customer_pk, 'hex')), 'hex'),
                 CAST('0000000000000000' AS BYTEA))
        AS sat_customer_crm_PK,

        COALESCE(MAX(sat_customer_crm_src.load_date),
                 to_char(timestamp '1900-01-01 00:00:00.000', 'YYYY-MM-DD HH24:MI:SS.MS')::timestamp)
        AS sat_customer_crm_LDTS

    FROM new_rows_as_of_dates AS a

        LEFT OUTER JOIN "postgres"."dbt"."sat_customer" AS sat_customer_src
            ON a.customer_pk = sat_customer_src.customer_pk
            AND sat_customer_src.load_date <= a.AS_OF_DATE
    

        LEFT OUTER JOIN "postgres"."dbt"."sat_customer_crm" AS sat_customer_crm_src
            ON a.customer_pk = sat_customer_crm_src.customer_pk
            AND sat_customer_crm_src.load_date <= a.AS_OF_DATE
    

    GROUP BY
        a.customer_pk,
        a.AS_OF_DATE
),

pit AS (
    SELECT * FROM new_rows
    UNION ALL
    SELECT * FROM overlap_pks
    UNION ALL
    SELECT * FROM backfill
    
)

SELECT DISTINCT * FROM pit
  );
  
  
[0m14:15:58.725635 [debug] [Thread-1  ]: Opening a new connection, currently in state closed
[0m14:15:58.773670 [debug] [Thread-1  ]: SQL status: SELECT 9450 in 0 seconds
[0m14:15:58.781502 [debug] [Thread-1  ]: Using postgres connection "model.jaffle_shop_dbtvault.customer_pit"
[0m14:15:58.782578 [debug] [Thread-1  ]: On model.jaffle_shop_dbtvault.customer_pit: BEGIN
[0m14:15:58.783791 [debug] [Thread-1  ]: SQL status: BEGIN in 0 seconds
[0m14:15:58.784869 [debug] [Thread-1  ]: Using postgres connection "model.jaffle_shop_dbtvault.customer_pit"
[0m14:15:58.785633 [debug] [Thread-1  ]: On model.jaffle_shop_dbtvault.customer_pit: /* {"app": "dbt", "dbt_version": "1.4.0", "profile_name": "jaffle_shop", "target_name": "dev", "node_id": "model.jaffle_shop_dbtvault.customer_pit"} */

      select
          column_name,
          data_type,
          character_maximum_length,
          numeric_precision,
          numeric_scale

      from INFORMATION_SCHEMA.columns
      where table_name = 'customer_pit__dbt_tmp141558714344'
        
      order by ordinal_position

  
[0m14:15:58.793457 [debug] [Thread-1  ]: SQL status: SELECT 6 in 0 seconds
[0m14:15:58.800928 [debug] [Thread-1  ]: Using postgres connection "model.jaffle_shop_dbtvault.customer_pit"
[0m14:15:58.802153 [debug] [Thread-1  ]: On model.jaffle_shop_dbtvault.customer_pit: /* {"app": "dbt", "dbt_version": "1.4.0", "profile_name": "jaffle_shop", "target_name": "dev", "node_id": "model.jaffle_shop_dbtvault.customer_pit"} */

      select
          column_name,
          data_type,
          character_maximum_length,
          numeric_precision,
          numeric_scale

      from "postgres".INFORMATION_SCHEMA.columns
      where table_name = 'customer_pit'
        
        and table_schema = 'dbt'
        
      order by ordinal_position

  
[0m14:15:58.808467 [debug] [Thread-1  ]: SQL status: SELECT 6 in 0 seconds
[0m14:15:58.822673 [debug] [Thread-1  ]: Using postgres connection "model.jaffle_shop_dbtvault.customer_pit"
[0m14:15:58.824046 [debug] [Thread-1  ]: On model.jaffle_shop_dbtvault.customer_pit: /* {"app": "dbt", "dbt_version": "1.4.0", "profile_name": "jaffle_shop", "target_name": "dev", "node_id": "model.jaffle_shop_dbtvault.customer_pit"} */

      select
          column_name,
          data_type,
          character_maximum_length,
          numeric_precision,
          numeric_scale

      from "postgres".INFORMATION_SCHEMA.columns
      where table_name = 'customer_pit'
        
        and table_schema = 'dbt'
        
      order by ordinal_position

  
[0m14:15:58.832310 [debug] [Thread-1  ]: SQL status: SELECT 6 in 0 seconds
[0m14:15:58.836654 [debug] [Thread-1  ]: Writing runtime sql for node "model.jaffle_shop_dbtvault.customer_pit"
[0m14:15:58.840275 [debug] [Thread-1  ]: Using postgres connection "model.jaffle_shop_dbtvault.customer_pit"
[0m14:15:58.843144 [debug] [Thread-1  ]: On model.jaffle_shop_dbtvault.customer_pit: /* {"app": "dbt", "dbt_version": "1.4.0", "profile_name": "jaffle_shop", "target_name": "dev", "node_id": "model.jaffle_shop_dbtvault.customer_pit"} */


    TRUNCATE TABLE "postgres"."dbt"."customer_pit";

    INSERT INTO "postgres"."dbt"."customer_pit" ("customer_pk", "as_of_date", "sat_customer_pk", "sat_customer_ldts", "sat_customer_crm_pk", "sat_customer_crm_ldts")
    (
       SELECT "customer_pk", "as_of_date", "sat_customer_pk", "sat_customer_ldts", "sat_customer_crm_pk", "sat_customer_crm_ldts"
       FROM "customer_pit__dbt_tmp141558714344"
    );
[0m14:15:58.857894 [debug] [Thread-1  ]: SQL status: INSERT 0 9450 in 0 seconds
[0m14:15:58.860668 [debug] [Thread-1  ]: On model.jaffle_shop_dbtvault.customer_pit: COMMIT
[0m14:15:58.866134 [debug] [Thread-1  ]: Using postgres connection "model.jaffle_shop_dbtvault.customer_pit"
[0m14:15:58.869772 [debug] [Thread-1  ]: On model.jaffle_shop_dbtvault.customer_pit: COMMIT
[0m14:15:58.875897 [debug] [Thread-1  ]: SQL status: COMMIT in 0 seconds
[0m14:15:58.877799 [debug] [Thread-1  ]: Timing info for model.jaffle_shop_dbtvault.customer_pit (execute): 2026-05-19 14:15:58.686219 => 2026-05-19 14:15:58.877721
[0m14:15:58.879714 [debug] [Thread-1  ]: On model.jaffle_shop_dbtvault.customer_pit: Close
[0m14:15:58.881612 [debug] [Thread-1  ]: Sending event: {'category': 'dbt', 'action': 'run_model', 'label': 'e4e019ff-bb38-474b-b5c3-c7bcf2e436f6', 'context': [<snowplow_tracker.self_describing_json.SelfDescribingJson object at 0x7fbac4031f70>]}
[0m14:15:58.883260 [info ] [Thread-1  ]: 11 of 14 OK created sql pit_incremental model dbt.customer_pit ................. [[32mINSERT 0 9450[0m in 0.40s]
[0m14:15:58.886168 [debug] [Thread-1  ]: Finished running node model.jaffle_shop_dbtvault.customer_pit
[0m14:15:58.887728 [debug] [Thread-1  ]: Began running node model.jaffle_shop_dbtvault.our_customer_pit
[0m14:15:58.896355 [info ] [Thread-1  ]: 12 of 14 START sql view model dbt.our_customer_pit ............................. [RUN]
[0m14:15:58.903750 [debug] [Thread-1  ]: Acquiring new postgres connection 'model.jaffle_shop_dbtvault.our_customer_pit'
[0m14:15:58.905085 [debug] [Thread-1  ]: Began compiling node model.jaffle_shop_dbtvault.our_customer_pit
[0m14:15:58.923885 [debug] [Thread-1  ]: Writing injected SQL for node "model.jaffle_shop_dbtvault.our_customer_pit"
[0m14:15:58.929099 [debug] [Thread-1  ]: Timing info for model.jaffle_shop_dbtvault.our_customer_pit (compile): 2026-05-19 14:15:58.908148 => 2026-05-19 14:15:58.928937
[0m14:15:58.930664 [debug] [Thread-1  ]: Began executing node model.jaffle_shop_dbtvault.our_customer_pit
[0m14:15:58.947671 [debug] [Thread-1  ]: Writing runtime sql for node "model.jaffle_shop_dbtvault.our_customer_pit"
[0m14:15:58.950934 [debug] [Thread-1  ]: Using postgres connection "model.jaffle_shop_dbtvault.our_customer_pit"
[0m14:15:58.953304 [debug] [Thread-1  ]: On model.jaffle_shop_dbtvault.our_customer_pit: BEGIN
[0m14:15:58.957039 [debug] [Thread-1  ]: Opening a new connection, currently in state closed
[0m14:15:58.983540 [debug] [Thread-1  ]: SQL status: BEGIN in 0 seconds
[0m14:15:58.985620 [debug] [Thread-1  ]: Using postgres connection "model.jaffle_shop_dbtvault.our_customer_pit"
[0m14:15:58.986986 [debug] [Thread-1  ]: On model.jaffle_shop_dbtvault.our_customer_pit: /* {"app": "dbt", "dbt_version": "1.4.0", "profile_name": "jaffle_shop", "target_name": "dev", "node_id": "model.jaffle_shop_dbtvault.our_customer_pit"} */

  create view "postgres"."dbt"."our_customer_pit__dbt_tmp" as (
    with all_history as (
    select hc.customer_pk,
    sc.last_name,
    sc.first_name,
    scc.age,
    sc.effective_from as sc_effective_from,
                  coalesce(lead(sc.effective_from) OVER (PARTITION BY hc.customer_pk ORDER BY sc.effective_from), '9999-12-31') as sc_effective_to,
    scc.effective_from as scc_effective_from,
                  coalesce(lead(scc.effective_from) OVER (PARTITION BY hc.customer_pk ORDER BY scc.effective_from), '9999-12-31') as scc_effective_to
    from "postgres"."dbt"."hub_customer" hc
    LEFT JOIN "postgres"."dbt"."sat_customer" sc ON sc.customer_pk = hc.customer_pk
    LEFT JOIN "postgres"."dbt"."sat_customer_crm" scc ON scc.customer_pk = hc.customer_pk
)

SELECT customer_pk, last_name, first_name, age, sc_effective_from, scc_effective_from
from all_history
where 1=1
  );
[0m14:15:59.000830 [debug] [Thread-1  ]: SQL status: CREATE VIEW in 0 seconds
[0m14:15:59.007432 [debug] [Thread-1  ]: Using postgres connection "model.jaffle_shop_dbtvault.our_customer_pit"
[0m14:15:59.008768 [debug] [Thread-1  ]: On model.jaffle_shop_dbtvault.our_customer_pit: /* {"app": "dbt", "dbt_version": "1.4.0", "profile_name": "jaffle_shop", "target_name": "dev", "node_id": "model.jaffle_shop_dbtvault.our_customer_pit"} */
alter table "postgres"."dbt"."our_customer_pit__dbt_tmp" rename to "our_customer_pit"
[0m14:15:59.011719 [debug] [Thread-1  ]: SQL status: ALTER TABLE in 0 seconds
[0m14:15:59.015901 [debug] [Thread-1  ]: On model.jaffle_shop_dbtvault.our_customer_pit: COMMIT
[0m14:15:59.018486 [debug] [Thread-1  ]: Using postgres connection "model.jaffle_shop_dbtvault.our_customer_pit"
[0m14:15:59.023305 [debug] [Thread-1  ]: On model.jaffle_shop_dbtvault.our_customer_pit: COMMIT
[0m14:15:59.030832 [debug] [Thread-1  ]: SQL status: COMMIT in 0 seconds
[0m14:15:59.041359 [debug] [Thread-1  ]: Using postgres connection "model.jaffle_shop_dbtvault.our_customer_pit"
[0m14:15:59.043618 [debug] [Thread-1  ]: On model.jaffle_shop_dbtvault.our_customer_pit: /* {"app": "dbt", "dbt_version": "1.4.0", "profile_name": "jaffle_shop", "target_name": "dev", "node_id": "model.jaffle_shop_dbtvault.our_customer_pit"} */
drop view if exists "postgres"."dbt"."our_customer_pit__dbt_backup" cascade
[0m14:15:59.047197 [debug] [Thread-1  ]: SQL status: DROP VIEW in 0 seconds
[0m14:15:59.053064 [debug] [Thread-1  ]: Timing info for model.jaffle_shop_dbtvault.our_customer_pit (execute): 2026-05-19 14:15:58.931704 => 2026-05-19 14:15:59.052917
[0m14:15:59.056144 [debug] [Thread-1  ]: On model.jaffle_shop_dbtvault.our_customer_pit: Close
[0m14:15:59.064099 [debug] [Thread-1  ]: Sending event: {'category': 'dbt', 'action': 'run_model', 'label': 'e4e019ff-bb38-474b-b5c3-c7bcf2e436f6', 'context': [<snowplow_tracker.self_describing_json.SelfDescribingJson object at 0x7fbac40a7100>]}
[0m14:15:59.068770 [info ] [Thread-1  ]: 12 of 14 OK created sql view model dbt.our_customer_pit ........................ [[32mCREATE VIEW[0m in 0.16s]
[0m14:15:59.071656 [debug] [Thread-1  ]: Finished running node model.jaffle_shop_dbtvault.our_customer_pit
[0m14:15:59.082814 [debug] [Thread-1  ]: Began running node model.jaffle_shop_dbtvault.stg_link_customer_order
[0m14:15:59.085401 [info ] [Thread-1  ]: 13 of 14 START sql view model dbt.stg_link_customer_order ...................... [RUN]
[0m14:15:59.091804 [debug] [Thread-1  ]: Acquiring new postgres connection 'model.jaffle_shop_dbtvault.stg_link_customer_order'
[0m14:15:59.093971 [debug] [Thread-1  ]: Began compiling node model.jaffle_shop_dbtvault.stg_link_customer_order
[0m14:15:59.117353 [debug] [Thread-1  ]: Using postgres connection "model.jaffle_shop_dbtvault.stg_link_customer_order"
[0m14:15:59.118917 [debug] [Thread-1  ]: On model.jaffle_shop_dbtvault.stg_link_customer_order: BEGIN
[0m14:15:59.121026 [debug] [Thread-1  ]: Opening a new connection, currently in state closed
[0m14:15:59.170921 [debug] [Thread-1  ]: SQL status: BEGIN in 0 seconds
[0m14:15:59.174005 [debug] [Thread-1  ]: Using postgres connection "model.jaffle_shop_dbtvault.stg_link_customer_order"
[0m14:15:59.178224 [debug] [Thread-1  ]: On model.jaffle_shop_dbtvault.stg_link_customer_order: /* {"app": "dbt", "dbt_version": "1.4.0", "profile_name": "jaffle_shop", "target_name": "dev", "node_id": "model.jaffle_shop_dbtvault.stg_link_customer_order"} */

      select
          column_name,
          data_type,
          character_maximum_length,
          numeric_precision,
          numeric_scale

      from "postgres".INFORMATION_SCHEMA.columns
      where table_name = 'stg_customer_order'
        
        and table_schema = 'dbt'
        
      order by ordinal_position

  
[0m14:15:59.220488 [debug] [Thread-1  ]: SQL status: SELECT 4 in 0 seconds
[0m14:15:59.254418 [debug] [Thread-1  ]: Using postgres connection "model.jaffle_shop_dbtvault.stg_link_customer_order"
[0m14:15:59.259586 [debug] [Thread-1  ]: On model.jaffle_shop_dbtvault.stg_link_customer_order: /* {"app": "dbt", "dbt_version": "1.4.0", "profile_name": "jaffle_shop", "target_name": "dev", "node_id": "model.jaffle_shop_dbtvault.stg_link_customer_order"} */

      select
          column_name,
          data_type,
          character_maximum_length,
          numeric_precision,
          numeric_scale

      from "postgres".INFORMATION_SCHEMA.columns
      where table_name = 'stg_customer_order'
        
        and table_schema = 'dbt'
        
      order by ordinal_position

  
[0m14:15:59.266951 [debug] [Thread-1  ]: SQL status: SELECT 4 in 0 seconds
[0m14:15:59.292753 [debug] [Thread-1  ]: Writing injected SQL for node "model.jaffle_shop_dbtvault.stg_link_customer_order"
[0m14:15:59.300647 [debug] [Thread-1  ]: Timing info for model.jaffle_shop_dbtvault.stg_link_customer_order (compile): 2026-05-19 14:15:59.097069 => 2026-05-19 14:15:59.300510
[0m14:15:59.306574 [debug] [Thread-1  ]: Began executing node model.jaffle_shop_dbtvault.stg_link_customer_order
[0m14:15:59.325353 [debug] [Thread-1  ]: Writing runtime sql for node "model.jaffle_shop_dbtvault.stg_link_customer_order"
[0m14:15:59.338335 [debug] [Thread-1  ]: Using postgres connection "model.jaffle_shop_dbtvault.stg_link_customer_order"
[0m14:15:59.349803 [debug] [Thread-1  ]: On model.jaffle_shop_dbtvault.stg_link_customer_order: /* {"app": "dbt", "dbt_version": "1.4.0", "profile_name": "jaffle_shop", "target_name": "dev", "node_id": "model.jaffle_shop_dbtvault.stg_link_customer_order"} */

  create view "postgres"."dbt"."stg_link_customer_order__dbt_tmp" as (
    





with staging as (
    -- Generated by AutomateDV (formerly known as dbtvault)

    

WITH source_data AS (

    SELECT

    order_key,
    customer_key,
    customer_pk,
    order_pk

    FROM "postgres"."dbt"."stg_customer_order"
),

derived_columns AS (

    SELECT

    order_key,
    customer_key,
    customer_pk,
    order_pk,
    'CSV_CUSTOMERS'::TEXT AS RECORD_SOURCE

    FROM source_data
),

hashed_columns AS (

    SELECT

    order_key,
    customer_key,
    customer_pk,
    order_pk,
    RECORD_SOURCE,

    DECODE(MD5(NULLIF(CONCAT(
        COALESCE(NULLIF(UPPER(TRIM(CAST(ORDER_KEY AS VARCHAR))), ''), '^^'), '||',
        COALESCE(NULLIF(UPPER(TRIM(CAST(CUSTOMER_KEY AS VARCHAR))), ''), '^^')
    ), '^^||^^')), 'hex') AS LINK_CUSTOMER_ORDER_PK

    FROM derived_columns
),

columns_to_select AS (

    SELECT

    order_key,
    customer_key,
    customer_pk,
    order_pk,
    RECORD_SOURCE,
    LINK_CUSTOMER_ORDER_PK

    FROM hashed_columns
)

SELECT * FROM columns_to_select
)

select *, current_timestamp as LOAD_DATE,
    current_timestamp AS EFFECTIVE_FROM from staging
  );
[0m14:15:59.368334 [debug] [Thread-1  ]: SQL status: CREATE VIEW in 0 seconds
[0m14:15:59.387344 [debug] [Thread-1  ]: Using postgres connection "model.jaffle_shop_dbtvault.stg_link_customer_order"
[0m14:15:59.392429 [debug] [Thread-1  ]: On model.jaffle_shop_dbtvault.stg_link_customer_order: /* {"app": "dbt", "dbt_version": "1.4.0", "profile_name": "jaffle_shop", "target_name": "dev", "node_id": "model.jaffle_shop_dbtvault.stg_link_customer_order"} */
alter table "postgres"."dbt"."stg_link_customer_order__dbt_tmp" rename to "stg_link_customer_order"
[0m14:15:59.400541 [debug] [Thread-1  ]: SQL status: ALTER TABLE in 0 seconds
[0m14:15:59.412775 [debug] [Thread-1  ]: On model.jaffle_shop_dbtvault.stg_link_customer_order: COMMIT
[0m14:15:59.419407 [debug] [Thread-1  ]: Using postgres connection "model.jaffle_shop_dbtvault.stg_link_customer_order"
[0m14:15:59.420362 [debug] [Thread-1  ]: On model.jaffle_shop_dbtvault.stg_link_customer_order: COMMIT
[0m14:15:59.432264 [debug] [Thread-1  ]: SQL status: COMMIT in 0 seconds
[0m14:15:59.449376 [debug] [Thread-1  ]: Using postgres connection "model.jaffle_shop_dbtvault.stg_link_customer_order"
[0m14:15:59.451206 [debug] [Thread-1  ]: On model.jaffle_shop_dbtvault.stg_link_customer_order: /* {"app": "dbt", "dbt_version": "1.4.0", "profile_name": "jaffle_shop", "target_name": "dev", "node_id": "model.jaffle_shop_dbtvault.stg_link_customer_order"} */
drop view if exists "postgres"."dbt"."stg_link_customer_order__dbt_backup" cascade
[0m14:15:59.454863 [debug] [Thread-1  ]: SQL status: DROP VIEW in 0 seconds
[0m14:15:59.458449 [debug] [Thread-1  ]: Timing info for model.jaffle_shop_dbtvault.stg_link_customer_order (execute): 2026-05-19 14:15:59.309919 => 2026-05-19 14:15:59.458346
[0m14:15:59.460212 [debug] [Thread-1  ]: On model.jaffle_shop_dbtvault.stg_link_customer_order: Close
[0m14:15:59.462046 [debug] [Thread-1  ]: Sending event: {'category': 'dbt', 'action': 'run_model', 'label': 'e4e019ff-bb38-474b-b5c3-c7bcf2e436f6', 'context': [<snowplow_tracker.self_describing_json.SelfDescribingJson object at 0x7fbac4026af0>]}
[0m14:15:59.468862 [info ] [Thread-1  ]: 13 of 14 OK created sql view model dbt.stg_link_customer_order ................. [[32mCREATE VIEW[0m in 0.37s]
[0m14:15:59.471532 [debug] [Thread-1  ]: Finished running node model.jaffle_shop_dbtvault.stg_link_customer_order
[0m14:15:59.481066 [debug] [Thread-1  ]: Began running node model.jaffle_shop_dbtvault.link_customer_order
[0m14:15:59.482956 [info ] [Thread-1  ]: 14 of 14 START sql incremental model dbt.link_customer_order ................... [RUN]
[0m14:15:59.487220 [debug] [Thread-1  ]: Acquiring new postgres connection 'model.jaffle_shop_dbtvault.link_customer_order'
[0m14:15:59.490683 [debug] [Thread-1  ]: Began compiling node model.jaffle_shop_dbtvault.link_customer_order
[0m14:15:59.524525 [info ] [Thread-1  ]: 14:15:59 + Loading postgres.dbt.link_customer_order from 1 source(s)
[0m14:15:59.583949 [debug] [Thread-1  ]: Writing injected SQL for node "model.jaffle_shop_dbtvault.link_customer_order"
[0m14:15:59.598525 [debug] [Thread-1  ]: Timing info for model.jaffle_shop_dbtvault.link_customer_order (compile): 2026-05-19 14:15:59.492356 => 2026-05-19 14:15:59.596046
[0m14:15:59.602260 [debug] [Thread-1  ]: Began executing node model.jaffle_shop_dbtvault.link_customer_order
[0m14:15:59.681387 [debug] [Thread-1  ]: Using postgres connection "model.jaffle_shop_dbtvault.link_customer_order"
[0m14:15:59.697193 [debug] [Thread-1  ]: On model.jaffle_shop_dbtvault.link_customer_order: /* {"app": "dbt", "dbt_version": "1.4.0", "profile_name": "jaffle_shop", "target_name": "dev", "node_id": "model.jaffle_shop_dbtvault.link_customer_order"} */

    
  
    

  create temporary table "link_customer_order__dbt_tmp141559620353"
  as (
    -- Generated by AutomateDV (formerly known as dbtvault)

    

WITH row_rank_1 AS (
  SELECT * FROM (
    SELECT rr.LINK_CUSTOMER_ORDER_PK, rr.CUSTOMER_PK, rr.ORDER_PK, rr.LOAD_DATE, rr.RECORD_SOURCE,
           ROW_NUMBER() OVER(
               PARTITION BY rr.LINK_CUSTOMER_ORDER_PK
               ORDER BY rr.LOAD_DATE
           ) AS row_number
    FROM "postgres"."dbt"."stg_link_customer_order" AS rr
    WHERE rr.LINK_CUSTOMER_ORDER_PK IS NOT NULL
    AND rr.CUSTOMER_PK IS NOT NULL
    AND rr.ORDER_PK IS NOT NULL
  ) as l
  WHERE row_number = 1
),

records_to_insert AS (
    SELECT a.LINK_CUSTOMER_ORDER_PK, a.CUSTOMER_PK, a.ORDER_PK, a.LOAD_DATE, a.RECORD_SOURCE
    FROM row_rank_1 AS a
    LEFT JOIN "postgres"."dbt"."link_customer_order" AS d
    ON a.LINK_CUSTOMER_ORDER_PK = d.LINK_CUSTOMER_ORDER_PK
    WHERE d.LINK_CUSTOMER_ORDER_PK IS NULL
)

SELECT * FROM records_to_insert
  );
  
  
[0m14:15:59.708597 [debug] [Thread-1  ]: Opening a new connection, currently in state closed
[0m14:15:59.800666 [debug] [Thread-1  ]: SQL status: SELECT 0 in 0 seconds
[0m14:15:59.820948 [debug] [Thread-1  ]: Using postgres connection "model.jaffle_shop_dbtvault.link_customer_order"
[0m14:15:59.831042 [debug] [Thread-1  ]: On model.jaffle_shop_dbtvault.link_customer_order: BEGIN
[0m14:15:59.838302 [debug] [Thread-1  ]: SQL status: BEGIN in 0 seconds
[0m14:15:59.840571 [debug] [Thread-1  ]: Using postgres connection "model.jaffle_shop_dbtvault.link_customer_order"
[0m14:15:59.845990 [debug] [Thread-1  ]: On model.jaffle_shop_dbtvault.link_customer_order: /* {"app": "dbt", "dbt_version": "1.4.0", "profile_name": "jaffle_shop", "target_name": "dev", "node_id": "model.jaffle_shop_dbtvault.link_customer_order"} */

      select
          column_name,
          data_type,
          character_maximum_length,
          numeric_precision,
          numeric_scale

      from INFORMATION_SCHEMA.columns
      where table_name = 'link_customer_order__dbt_tmp141559620353'
        
      order by ordinal_position

  
[0m14:15:59.863690 [debug] [Thread-1  ]: SQL status: SELECT 5 in 0 seconds
[0m14:15:59.981255 [debug] [Thread-1  ]: Using postgres connection "model.jaffle_shop_dbtvault.link_customer_order"
[0m14:15:59.984364 [debug] [Thread-1  ]: On model.jaffle_shop_dbtvault.link_customer_order: /* {"app": "dbt", "dbt_version": "1.4.0", "profile_name": "jaffle_shop", "target_name": "dev", "node_id": "model.jaffle_shop_dbtvault.link_customer_order"} */

      select
          column_name,
          data_type,
          character_maximum_length,
          numeric_precision,
          numeric_scale

      from "postgres".INFORMATION_SCHEMA.columns
      where table_name = 'link_customer_order'
        
        and table_schema = 'dbt'
        
      order by ordinal_position

  
[0m14:15:59.991214 [debug] [Thread-1  ]: SQL status: SELECT 5 in 0 seconds
[0m14:16:00.006385 [debug] [Thread-1  ]: Using postgres connection "model.jaffle_shop_dbtvault.link_customer_order"
[0m14:16:00.008455 [debug] [Thread-1  ]: On model.jaffle_shop_dbtvault.link_customer_order: /* {"app": "dbt", "dbt_version": "1.4.0", "profile_name": "jaffle_shop", "target_name": "dev", "node_id": "model.jaffle_shop_dbtvault.link_customer_order"} */

      select
          column_name,
          data_type,
          character_maximum_length,
          numeric_precision,
          numeric_scale

      from "postgres".INFORMATION_SCHEMA.columns
      where table_name = 'link_customer_order'
        
        and table_schema = 'dbt'
        
      order by ordinal_position

  
[0m14:16:00.016842 [debug] [Thread-1  ]: SQL status: SELECT 5 in 0 seconds
[0m14:16:00.025358 [debug] [Thread-1  ]: Writing runtime sql for node "model.jaffle_shop_dbtvault.link_customer_order"
[0m14:16:00.030955 [debug] [Thread-1  ]: Using postgres connection "model.jaffle_shop_dbtvault.link_customer_order"
[0m14:16:00.032677 [debug] [Thread-1  ]: On model.jaffle_shop_dbtvault.link_customer_order: /* {"app": "dbt", "dbt_version": "1.4.0", "profile_name": "jaffle_shop", "target_name": "dev", "node_id": "model.jaffle_shop_dbtvault.link_customer_order"} */

      insert into "postgres"."dbt"."link_customer_order" ("link_customer_order_pk", "customer_pk", "order_pk", "load_date", "record_source")
    (
        select "link_customer_order_pk", "customer_pk", "order_pk", "load_date", "record_source"
        from "link_customer_order__dbt_tmp141559620353"
    )


  
[0m14:16:00.035713 [debug] [Thread-1  ]: SQL status: INSERT 0 0 in 0 seconds
[0m14:16:00.042915 [debug] [Thread-1  ]: On model.jaffle_shop_dbtvault.link_customer_order: COMMIT
[0m14:16:00.044456 [debug] [Thread-1  ]: Using postgres connection "model.jaffle_shop_dbtvault.link_customer_order"
[0m14:16:00.049882 [debug] [Thread-1  ]: On model.jaffle_shop_dbtvault.link_customer_order: COMMIT
[0m14:16:00.057123 [debug] [Thread-1  ]: SQL status: COMMIT in 0 seconds
[0m14:16:00.059235 [debug] [Thread-1  ]: Timing info for model.jaffle_shop_dbtvault.link_customer_order (execute): 2026-05-19 14:15:59.605346 => 2026-05-19 14:16:00.059086
[0m14:16:00.062993 [debug] [Thread-1  ]: On model.jaffle_shop_dbtvault.link_customer_order: Close
[0m14:16:00.064998 [debug] [Thread-1  ]: Sending event: {'category': 'dbt', 'action': 'run_model', 'label': 'e4e019ff-bb38-474b-b5c3-c7bcf2e436f6', 'context': [<snowplow_tracker.self_describing_json.SelfDescribingJson object at 0x7fbabf7bb070>]}
[0m14:16:00.066711 [info ] [Thread-1  ]: 14 of 14 OK created sql incremental model dbt.link_customer_order .............. [[32mINSERT 0 0[0m in 0.58s]
[0m14:16:00.068782 [debug] [Thread-1  ]: Finished running node model.jaffle_shop_dbtvault.link_customer_order
[0m14:16:00.075846 [debug] [MainThread]: Acquiring new postgres connection 'master'
[0m14:16:00.077088 [debug] [MainThread]: Using postgres connection "master"
[0m14:16:00.078236 [debug] [MainThread]: On master: BEGIN
[0m14:16:00.080322 [debug] [MainThread]: Opening a new connection, currently in state closed
[0m14:16:00.102681 [debug] [MainThread]: SQL status: BEGIN in 0 seconds
[0m14:16:00.105140 [debug] [MainThread]: On master: COMMIT
[0m14:16:00.107024 [debug] [MainThread]: Using postgres connection "master"
[0m14:16:00.111698 [debug] [MainThread]: On master: COMMIT
[0m14:16:00.115879 [debug] [MainThread]: SQL status: COMMIT in 0 seconds
[0m14:16:00.119519 [debug] [MainThread]: On master: Close
[0m14:16:00.134054 [debug] [MainThread]: Connection 'master' was properly closed.
[0m14:16:00.137045 [debug] [MainThread]: Connection 'model.jaffle_shop_dbtvault.link_customer_order' was properly closed.
[0m14:16:00.140275 [info ] [MainThread]: 
[0m14:16:00.145295 [info ] [MainThread]: Finished running 1 table model, 6 view models, 6 incremental models, 1 pit_incremental model in 0 hours 0 minutes and 6.77 seconds (6.77s).
[0m14:16:00.150941 [debug] [MainThread]: Command end result
[0m14:16:00.206259 [info ] [MainThread]: 
[0m14:16:00.208608 [info ] [MainThread]: [32mCompleted successfully[0m
[0m14:16:00.212695 [info ] [MainThread]: 
[0m14:16:00.218232 [info ] [MainThread]: Done. PASS=14 WARN=0 ERROR=0 SKIP=0 TOTAL=14
[0m14:16:00.222264 [debug] [MainThread]: Sending event: {'category': 'dbt', 'action': 'invocation', 'label': 'end', 'context': [<snowplow_tracker.self_describing_json.SelfDescribingJson object at 0x7fbabf6bd490>, <snowplow_tracker.self_describing_json.SelfDescribingJson object at 0x7fbabf6bd1f0>, <snowplow_tracker.self_describing_json.SelfDescribingJson object at 0x7fbabf6bd460>]}
[0m14:16:00.227515 [debug] [MainThread]: Flushing usage events
